step,epoch,train_loss,train_acc,train_path_loss,train_path_acc,timestamp,timestamp_fmt,duration,duration_fmt,dur_total_core,dur_train_core,dur_dl_train,val_loss,val_acc
1,1,4.603448163604736,0.0114,mean: 4.725241941905021,mean: 0.009875000000000005,1748898817.862733,2025/06/03 06:13:37,3.8278706073760986,3.8s,3.2242915630340576,3.224458694458008,0.06298446655273438,,
2,2,4.591520590209961,0.0258,mean: 4.707018829953672,mean: 0.010518749999999997,1748898821.2339678,2025/06/03 06:13:41,7.199105501174927,7.2s,6.167039632797241,6.167314767837524,0.1237485408782959,,
3,3,4.576736352539062,0.032,mean: 4.6906816576361665,mean: 0.010850000000000002,1748898824.6350358,2025/06/03 06:13:44,10.600173473358154,10.6s,9.140069961547852,9.140452146530151,0.18401718139648438,,
4,4,4.557921208953857,0.0364,mean: 4.679308126246928,mean: 0.011828124999999998,1748898830.2191484,2025/06/03 06:13:50,16.18428611755371,16.2s,14.051408529281616,12.144404649734497,0.24295330047607422,4.536752966308594,0.037
5,5,4.532864820098877,0.0376,mean: 4.670463188803197,mean: 0.012534374999999999,1748898833.7163632,2025/06/03 06:13:53,19.681500911712646,19.7s,17.01577615737915,15.108883142471313,0.30369114875793457,,
6,6,4.504934719085694,0.0424,mean: 4.672671504056454,mean: 0.013278125000000002,1748898837.115949,2025/06/03 06:13:57,23.0810866355896,23.1s,19.989534854888916,18.082751989364624,0.36234545707702637,,
7,7,4.478047229003907,0.0466,mean: 4.684905838626622,mean: 0.013859374999999997,1748898840.563062,2025/06/03 06:14:00,26.528199672698975,26.5s,23.005671739578247,21.099005460739136,0.42077136039733887,,
8,8,4.451383401489258,0.0494,mean: 4.700823873686789,mean: 0.014015625,1748898846.033063,2025/06/03 06:14:06,31.99820065498352,32.0s,27.813697814941406,24.01974654197693,0.48056602478027344,4.43009856262207,0.0508
9,9,4.426327517700195,0.0512,mean: 4.713190795052051,mean: 0.014937500000000001,1748898849.458563,2025/06/03 06:14:09,35.42370080947876,35.4s,30.697498321533203,26.903661012649536,0.541445255279541,,
10,10,4.4032451461791995,0.0554,mean: 4.730566495156289,mean: 0.015493749999999997,1748898852.790861,2025/06/03 06:14:12,38.755998611450195,38.8s,33.59968686103821,29.805961847305298,0.6002285480499268,,
11,11,4.383991545104981,0.0544,mean: 4.749357541668418,mean: 0.015603124999999997,1748898856.08766,2025/06/03 06:14:16,42.05279779434204,42.1s,36.46869206428528,32.67509484291077,0.6597270965576172,,
12,12,4.366264985656739,0.057,mean: 4.772232056915761,mean: 0.016146874999999998,1748898861.6608622,2025/06/03 06:14:21,47.62599992752075,47.6s,41.37886834144592,35.59415006637573,0.7183506488800049,4.352318531799316,0.0551
13,13,4.34896050491333,0.0572,mean: 4.7862321125030505,mean: 0.016200000000000006,1748898865.2524986,2025/06/03 06:14:25,51.21763634681702,51.2s,44.422626972198486,38.63802146911621,0.7781264781951904,,
14,14,4.32983339920044,0.0622,mean: 4.804251547300816,mean: 0.0166375,1748898868.6540072,2025/06/03 06:14:28,54.619144916534424,54.6s,47.39867568016052,41.614179849624634,0.8373990058898926,,
15,15,4.3166872505187985,0.0638,mean: 4.819953837418555,mean: 0.016928125000000002,1748898872.0296707,2025/06/03 06:14:32,57.99480843544006,58.0s,50.34008288383484,44.555699825286865,0.8983917236328125,,
16,16,4.30065940246582,0.0678,mean: 4.834084133231641,mean: 0.01715625,1748898877.7725744,2025/06/03 06:14:37,63.737712144851685,1.1m,55.40891885757446,47.621315002441406,0.9581890106201172,4.307172817230224,0.0655
17,17,4.285452266693115,0.0704,mean: 4.851934244227409,mean: 0.01729375,1748898881.2317286,2025/06/03 06:14:41,67.19686627388,1.1m,58.32596755027771,50.538471937179565,1.0175087451934814,,
18,18,4.271500705718994,0.0746,mean: 4.866462144029141,mean: 0.01727812499999999,1748898884.5554729,2025/06/03 06:14:44,70.52061057090759,1.2m,61.226104497909546,53.43872117996216,1.0767171382904053,,
19,19,4.257042280578613,0.0778,mean: 4.888478593921663,mean: 0.017237500000000006,1748898887.9034698,2025/06/03 06:14:47,73.86860752105713,1.2m,64.14536452293396,56.35809373855591,1.1357958316802979,,
20,20,4.247312142181396,0.0768,mean: 4.911044316637516,mean: 0.017468749999999995,1748898893.398542,2025/06/03 06:14:53,79.36367964744568,1.3m,68.97891092300415,59.341426372528076,1.1994349956512451,4.240260545349121,0.0758
21,21,4.23126484375,0.08,mean: 4.925748135995866,mean: 0.017553125,1748898896.8703418,2025/06/03 06:14:56,82.83547949790955,1.4m,71.90526700019836,62.26789617538452,1.2589993476867676,,
22,22,4.219399109649658,0.0832,mean: 4.948152313190697,mean: 0.017631249999999998,1748898900.181204,2025/06/03 06:15:00,86.1463418006897,1.4m,74.78913879394531,65.15189242362976,1.3195719718933105,,
23,23,4.201555704498291,0.0882,mean: 4.961595301932096,mean: 0.017750000000000005,1748898903.5258617,2025/06/03 06:15:03,89.49099946022034,1.5m,77.7076632976532,68.07054114341736,1.3793072700500488,,
24,24,4.192356517028808,0.0882,mean: 4.998647974860667,mean: 0.017678124999999996,1748898909.023127,2025/06/03 06:15:09,94.98826479911804,1.6m,82.5401132106781,71.01232361793518,1.4390287399291992,4.213437187957764,0.0851
25,25,4.179787142181397,0.0888,mean: 5.017910980772972,mean: 0.017787500000000005,1748898912.5245466,2025/06/03 06:15:12,98.48968434333801,1.6m,85.49197101593018,73.96429681777954,1.4987590312957764,,
26,26,4.17305209197998,0.0898,mean: 5.056160747373105,mean: 0.017881250000000008,1748898915.9528701,2025/06/03 06:15:15,101.91800785064697,1.7m,88.4850115776062,76.95745539665222,1.5596668720245361,,
27,27,4.15608737487793,0.0942,mean: 5.060991138291359,mean: 0.017934375000000002,1748898919.3578396,2025/06/03 06:15:19,105.32297730445862,1.8m,91.45148801803589,79.92404580116272,1.6220698356628418,,
28,28,4.143890404510498,0.093,mean: 5.084274566745758,mean: 0.018028125,1748898924.8521762,2025/06/03 06:15:24,110.81731390953064,1.8m,96.28029489517212,82.86995029449463,1.6809484958648682,4.197715555572509,0.0923
29,29,4.130494314575195,0.0972,mean: 5.109436507570743,mean: 0.0179375,1748898928.2997367,2025/06/03 06:15:28,114.26487445831299,1.9m,99.17655682563782,85.76632690429688,1.743053674697876,,
30,30,4.116386122894287,0.1002,mean: 5.128932856088875,mean: 0.018096875000000002,1748898931.6217272,2025/06/03 06:15:31,117.5868649482727,2.0m,102.06568431854248,88.65556311607361,1.8017635345458984,,
31,31,4.108945166015625,0.1012,mean: 5.168859227967262,mean: 0.018043749999999997,1748898935.085464,2025/06/03 06:15:35,121.05060172080994,2.0m,105.08950400352478,91.67948389053345,1.8619019985198975,,
32,32,4.0948926513671875,0.1054,mean: 5.183392169177531,mean: 0.018046875000000007,1748898940.7290537,2025/06/03 06:15:40,126.69419145584106,2.1m,110.05548000335693,94.67807722091675,1.922123670578003,4.121430364227295,0.0882
33,33,4.0917811233520505,0.1022,mean: 5.220004195600748,mean: 0.018034375000000005,1748898944.1533122,2025/06/03 06:15:44,130.11844992637634,2.2m,112.92742848396301,97.55013799667358,1.9816572666168213,,
34,34,4.069720576477051,0.1084,mean: 5.231568838751317,mean: 0.017981250000000004,1748898947.468141,2025/06/03 06:15:47,133.433278799057,2.2m,115.81617999076843,100.43899703025818,2.043322801589966,,
35,35,4.055696846008301,0.1084,mean: 5.251485255563261,mean: 0.017937499999999995,1748898950.8538632,2025/06/03 06:15:50,136.81900095939636,2.3m,118.76951456069946,103.39244556427002,2.1038665771484375,,
36,36,4.044040716552734,0.1136,mean: 5.2624895314931885,mean: 0.017953124999999997,1748898956.376513,2025/06/03 06:15:56,142.341650724411,2.4m,123.6334457397461,106.37202787399292,2.1620447635650635,4.044483598327637,0.0948
37,37,4.037016776657104,0.1144,mean: 5.298518327349425,mean: 0.018215625,1748898959.8266356,2025/06/03 06:15:59,145.79177331924438,2.4m,126.53377532958984,109.27246832847595,2.2213752269744873,,
38,38,4.031020928955078,0.1152,mean: 5.334540486514567,mean: 0.018146875000000003,1748898963.1529593,2025/06/03 06:16:03,149.11809706687927,2.5m,129.43095207214355,112.16975474357605,2.281546115875244,,
39,39,4.010876677703857,0.1178,mean: 5.353077732050417,mean: 0.018246874999999996,1748898966.5102005,2025/06/03 06:16:06,152.4753382205963,2.5m,132.3640809059143,115.10298943519592,2.340261697769165,,
40,40,4.002897386169433,0.125,mean: 5.371204456186294,mean: 0.018237500000000004,1748898971.9757247,2025/06/03 06:16:11,157.94086241722107,2.6m,137.16932344436646,118.0294759273529,2.4011447429656982,4.032526181030273,0.1055
41,41,3.989981984710693,0.1226,mean: 5.384975066852569,mean: 0.018415625000000005,1748898975.4733636,2025/06/03 06:16:15,161.43850135803223,2.7m,140.11700248718262,120.97726893424988,2.4607837200164795,,
42,42,3.987822294616699,0.122,mean: 5.408372025310994,mean: 0.018275000000000003,1748898978.8567653,2025/06/03 06:16:18,164.8219029903412,2.7m,143.07216572761536,123.93254446983337,2.5199475288391113,,
43,43,3.9861472457885743,0.1276,mean: 5.450618921601771,mean: 0.01806875,1748898982.2044284,2025/06/03 06:16:22,168.16956615447998,2.8m,145.99109268188477,126.85158061981201,2.5812108516693115,,
44,44,3.9760742637634277,0.1258,mean: 5.469344697225095,mean: 0.01796874999999999,1748898987.6477804,2025/06/03 06:16:27,173.61291813850403,2.9m,150.7749366760254,129.72871804237366,2.640308141708374,3.984511959838867,0.1126
45,45,3.960741963195801,0.137,mean: 5.480272197520735,mean: 0.018071874999999998,1748898991.1509893,2025/06/03 06:16:31,177.11612701416016,3.0m,153.71767139434814,132.6715657711029,2.7016549110412598,,
46,46,3.952108871459961,0.1354,mean: 5.499769766032696,mean: 0.018325,1748898994.4703612,2025/06/03 06:16:34,180.4354989528656,3.0m,156.6075222492218,135.5615315437317,2.7640302181243896,,
47,47,3.9458630516052247,0.1376,mean: 5.544656706506014,mean: 0.018306249999999996,1748898997.8069642,2025/06/03 06:16:37,183.77210187911987,3.1m,159.51588034629822,138.46999979019165,2.824610471725464,,
48,48,3.9428989234924314,0.1294,mean: 5.563318815547226,mean: 0.018409374999999995,1748899003.323239,2025/06/03 06:16:43,189.2883768081665,3.2m,164.36682724952698,141.39411854743958,2.886307716369629,3.974645553970337,0.1148
49,49,3.9259138793945314,0.1354,mean: 5.573510620915891,mean: 0.018240625,1748899006.8440454,2025/06/03 06:16:46,192.80918312072754,3.2m,167.33590936660767,144.3633108139038,2.946516275405884,,
50,50,3.920161706161499,0.1374,mean: 5.6070288077235215,mean: 0.018290625,1748899010.2037234,2025/06/03 06:16:50,196.16886115074158,3.3m,170.2681770324707,147.29569172859192,3.006026268005371,,
51,51,3.90375253944397,0.1394,mean: 5.618622610151768,mean: 0.018384374999999998,1748899013.531709,2025/06/03 06:16:53,199.4968466758728,3.3m,173.16897702217102,150.19660091400146,3.0670249462127686,,
52,52,3.901563843536377,0.1402,mean: 5.6287652209758745,mean: 0.018421874999999997,1748899019.0330596,2025/06/03 06:16:59,204.9981973171234,3.4m,178.0107307434082,153.15510988235474,3.125988721847534,3.9621718658447267,0.1166
53,53,3.8928835811614992,0.1432,mean: 5.67065456599593,mean: 0.018287499999999998,1748899022.5048776,2025/06/03 06:17:02,208.4700152873993,3.5m,180.92821645736694,156.07271599769592,3.1844723224639893,,
54,54,3.888925178527832,0.1466,mean: 5.693058859860898,mean: 0.01830625,1748899025.8744195,2025/06/03 06:17:05,211.83955717086792,3.5m,183.86717653274536,159.01178789138794,3.243786334991455,,
55,55,3.8809215003967283,0.1522,mean: 5.713840425789356,mean: 0.01835625,1748899029.253556,2025/06/03 06:17:09,215.21869373321533,3.6m,186.81160855293274,161.95632767677307,3.307875394821167,,
56,56,3.8677677101135255,0.146,mean: 5.736347672379017,mean: 0.018465624999999992,1748899034.7802594,2025/06/03 06:17:14,220.74539709091187,3.7m,191.67533493041992,164.97419381141663,3.3667984008789062,3.9772351329803466,0.1034
57,57,3.8595399787902833,0.15,mean: 5.75894618192911,mean: 0.018406249999999996,1748899038.2849803,2025/06/03 06:17:18,224.25011801719666,3.7m,194.62730765342712,167.92627716064453,3.4257850646972656,,
58,58,3.862211824798584,0.1548,mean: 5.808936245477199,mean: 0.018681250000000003,1748899041.6859858,2025/06/03 06:17:21,227.65112352371216,3.8m,197.60171627998352,170.90079522132874,3.4844748973846436,,
59,59,3.8651899600982667,0.1546,mean: 5.857385810995101,mean: 0.018509374999999998,1748899045.0802116,2025/06/03 06:17:25,231.04534935951233,3.9m,200.5622158050537,173.86140847206116,3.5465404987335205,,
60,60,3.8472659034729,0.1542,mean: 5.858188534259797,mean: 0.018771875000000004,1748899050.679863,2025/06/03 06:17:30,236.64500069618225,3.9m,205.4853720664978,176.803884267807,3.6070821285247803,3.8894918685913087,0.1241
61,61,3.843102657699585,0.1604,mean: 5.8810254775166495,mean: 0.018678125000000004,1748899054.2565978,2025/06/03 06:17:34,240.2217354774475,4.0m,208.5038275718689,179.8224503993988,3.666736602783203,,
62,62,3.827816565704346,0.1562,mean: 5.891248671293257,mean: 0.018599999999999988,1748899057.694071,2025/06/03 06:17:37,243.65920877456665,4.1m,211.51108932495117,182.829824924469,3.725602865219116,,
63,63,3.8343056526184083,0.1522,mean: 5.943078233873844,mean: 0.018453125,1748899061.1169264,2025/06/03 06:17:41,247.08206415176392,4.1m,214.495911359787,185.81476140022278,3.789344072341919,,
64,64,3.816690035247803,0.1574,mean: 5.963060885536671,mean: 0.0188875,1748899066.6129315,2025/06/03 06:17:46,252.5780692100525,4.2m,219.32211804389954,188.77338242530823,3.84954571723938,3.8374628120422365,0.123
65,65,3.8078652099609376,0.1654,mean: 5.9753506057024,mean: 0.018646874999999993,1748899070.0931938,2025/06/03 06:17:50,256.058331489563,4.3m,222.2430934906006,191.69446921348572,3.908162832260132,,
66,66,3.7983773788452146,0.164,mean: 5.987744420778751,mean: 0.018631249999999995,1748899073.4303808,2025/06/03 06:17:53,259.39551854133606,4.3m,225.15420937538147,194.6056990623474,3.967184066772461,,
67,67,3.794250132751465,0.1634,mean: 6.014924197018148,mean: 0.018690624999999995,1748899076.807552,2025/06/03 06:17:56,262.77268981933594,4.4m,228.09900212287903,197.55060958862305,4.029369115829468,,
68,68,3.788525379943848,0.1632,mean: 6.050962540900708,mean: 0.018624999999999996,1748899082.3329942,2025/06/03 06:18:02,268.298131942749,4.5m,232.96503353118896,200.5388879776001,4.0881640911102295,3.852713416290283,0.1266
69,69,3.7787101791381836,0.164,mean: 6.0785735876441,mean: 0.018649999999999996,1748899085.8410056,2025/06/03 06:18:05,271.806143283844,4.5m,235.91791939735413,203.4918897151947,4.148526668548584,,
70,70,3.7852597000122072,0.1682,mean: 6.12083087409735,mean: 0.018575,1748899089.2980635,2025/06/03 06:18:09,275.26320123672485,4.6m,238.9400155544281,206.5141007900238,4.210227727890015,,
71,71,3.769984599304199,0.1686,mean: 6.094245482856036,mean: 0.018699999999999998,1748899092.6431708,2025/06/03 06:18:12,278.6083085536957,4.6m,241.85137724876404,209.4255723953247,4.272480487823486,,
72,72,3.7653361431121826,0.1658,mean: 6.118346438097955,mean: 0.01875,1748899098.1299748,2025/06/03 06:18:18,284.09511256217957,4.7m,246.67108011245728,212.3236837387085,4.3327062129974365,3.855711171722412,0.1289
73,73,3.760213971710205,0.1672,mean: 6.155909476566315,mean: 0.018746874999999993,1748899101.5544739,2025/06/03 06:18:21,287.51961159706116,4.8m,249.5422670841217,215.1949815750122,4.392486810684204,,
74,74,3.75729181060791,0.1764,mean: 6.185626857268812,mean: 0.018546874999999994,1748899104.8961313,2025/06/03 06:18:24,290.8612689971924,4.8m,252.45236659049988,218.10518884658813,4.4540722370147705,,
75,75,3.740495972442627,0.1728,mean: 6.174404289621113,mean: 0.018621874999999996,1748899108.262745,2025/06/03 06:18:28,294.2278826236725,4.9m,255.38283610343933,221.03576922416687,4.515331029891968,,
76,76,3.7333649646759035,0.1744,mean: 6.207670080256462,mean: 0.018606249999999994,1748899113.7798812,2025/06/03 06:18:33,299.7450189590454,5.0m,260.2296302318573,223.9484899044037,4.575525760650635,3.827158009338379,0.1387
77,77,3.738283934020996,0.1724,mean: 6.270489709258078,mean: 0.018490624999999993,1748899117.2910619,2025/06/03 06:18:37,303.2561995983124,5.1m,263.18392634391785,226.90288972854614,4.63527774810791,,
78,78,3.7330154136657714,0.1754,mean: 6.269485193222763,mean: 0.0184875,1748899120.635682,2025/06/03 06:18:40,306.6008198261261,5.1m,266.0981059074402,229.81718134880066,4.695174932479858,,
79,79,3.7276653583526613,0.1772,mean: 6.311257768607143,mean: 0.01844375,1748899123.9602604,2025/06/03 06:18:43,309.9253981113434,5.2m,268.99102115631104,232.71020650863647,4.755957841873169,,
80,80,3.7157598701477053,0.1804,mean: 6.313980590546132,mean: 0.018659375,1748899129.36975,2025/06/03 06:18:49,315.3348877429962,5.3m,273.74035835266113,235.59449911117554,4.814180850982666,3.7347872245788576,0.1373
81,81,3.7073593479156495,0.181,mean: 6.349787452667949,mean: 0.01880624999999999,1748899132.8533282,2025/06/03 06:18:52,318.81846594810486,5.3m,276.66338539123535,238.51764583587646,4.873234748840332,,
82,82,3.692636755371094,0.1858,mean: 6.355611111092566,mean: 0.018743749999999993,1748899136.1723382,2025/06/03 06:18:56,322.1374759674072,5.4m,279.55544567108154,241.40981769561768,4.932249546051025,,
83,83,3.6865356761932375,0.1838,mean: 6.375890012192726,mean: 0.018549999999999997,1748899139.4876585,2025/06/03 06:18:59,325.4527962207794,5.4m,282.4429759979248,244.2974624633789,4.992243051528931,,
84,84,3.685125658416748,0.1828,mean: 6.432616158413888,mean: 0.018656250000000003,1748899144.915773,2025/06/03 06:19:04,330.8809106349945,5.5m,287.2079575061798,247.1953399181366,5.0517003536224365,3.7790937751770017,0.1332
85,85,3.676863875961304,0.1854,mean: 6.435943019711973,mean: 0.018371875,1748899148.3945255,2025/06/03 06:19:08,334.35966324806213,5.6m,290.1315426826477,250.1190366744995,5.111440658569336,,
86,86,3.673407843399048,0.1884,mean: 6.452981947541238,mean: 0.01840625,1748899151.6972365,2025/06/03 06:19:11,337.6623742580414,5.6m,293.0049407482147,252.99254369735718,5.170825242996216,,
87,87,3.659320140838623,0.1838,mean: 6.474940983903409,mean: 0.01855,1748899155.1082425,2025/06/03 06:19:15,341.0733802318573,5.7m,295.9690067768097,255.9567186832428,5.234316825866699,,
88,88,3.6713318935394286,0.1834,mean: 6.560462982165812,mean: 0.018462499999999993,1748899160.7414615,2025/06/03 06:19:20,346.70659923553467,5.8m,300.91805124282837,258.98617815971375,5.296282529830933,3.771611141204834,0.1304
89,89,3.65466153755188,0.1904,mean: 6.548473306769132,mean: 0.018649999999999996,1748899164.243913,2025/06/03 06:19:24,350.209050655365,5.8m,303.85853266716003,261.926771402359,5.355318069458008,,
90,90,3.6483779376983643,0.1914,mean: 6.5867689832568175,mean: 0.018550000000000004,1748899167.5948467,2025/06/03 06:19:27,353.5599844455719,5.9m,306.7784514427185,264.84679794311523,5.413959741592407,,
91,91,3.634344260406494,0.1922,mean: 6.589036415636541,mean: 0.018496875000000003,1748899170.9323905,2025/06/03 06:19:30,356.8975281715393,5.9m,309.6864426136017,267.75489926338196,5.472492694854736,,
92,92,3.630599905395508,0.1962,mean: 6.634035874867438,mean: 0.0186125,1748899176.328493,2025/06/03 06:19:36,362.29363083839417,6.0m,314.4241428375244,270.6203644275665,5.531957626342773,3.7497487476348876,0.1423
93,93,3.6209199222564696,0.1956,mean: 6.628375609302519,mean: 0.018440624999999995,1748899179.8192372,2025/06/03 06:19:39,365.7843749523163,6.1m,317.35493087768555,273.55126333236694,5.590942144393921,,
94,94,3.613846633911133,0.193,mean: 6.64467507343292,mean: 0.018443749999999995,1748899183.1623616,2025/06/03 06:19:43,369.1274993419647,6.2m,320.2678692340851,276.4643051624298,5.649352312088013,,
95,95,3.619172551727295,0.1988,mean: 6.709893819355964,mean: 0.0183375,1748899186.5484974,2025/06/03 06:19:46,372.5136351585388,6.2m,323.22007846832275,279.41662073135376,5.708421945571899,,
96,96,3.6140271701812745,0.1982,mean: 6.731105217701196,mean: 0.018453124999999994,1748899192.1923044,2025/06/03 06:19:52,378.1574420928955,6.3m,328.18072867393494,282.46194887161255,5.767766714096069,3.683655041885376,0.1368
97,97,3.595804479598999,0.1984,mean: 6.753677240371704,mean: 0.018528124999999996,1748899195.629972,2025/06/03 06:19:55,381.5951097011566,6.4m,331.06027245521545,285.34160113334656,5.8257904052734375,,
98,98,3.6012013206481934,0.1954,mean: 6.8082011176109285,mean: 0.018290624999999994,1748899199.0556564,2025/06/03 06:19:59,385.0207941532135,6.4m,334.05711579322815,288.3385634422302,5.884533882141113,,
99,99,3.5960433753967287,0.2006,mean: 6.820494575560092,mean: 0.018240624999999996,1748899202.449747,2025/06/03 06:20:02,388.4148848056793,6.5m,337.02120447158813,291.3027641773224,5.94323468208313,,
100,100,3.6119174564361574,0.1948,mean: 6.903102001023296,mean: 0.018284375000000002,1748899207.9642153,2025/06/03 06:20:07,393.9293529987335,6.6m,341.87781596183777,294.28695130348206,6.002536058425903,3.7326160648345947,0.155
101,101,3.603644926071167,0.1966,mean: 6.912163437449932,mean: 0.01817499999999999,1748899211.4567547,2025/06/03 06:20:11,397.4218924045563,6.6m,344.80848264694214,297.2177224159241,6.064549207687378,,
102,102,3.5958133293151855,0.1958,mean: 6.938125575101376,mean: 0.018337499999999993,1748899214.7671154,2025/06/03 06:20:14,400.732253074646,6.7m,347.6915988922119,300.1009485721588,6.12281346321106,,
103,103,3.5609384574890135,0.2106,mean: 6.880545014679433,mean: 0.018568749999999995,1748899218.0950594,2025/06/03 06:20:18,404.06019711494446,6.7m,350.5895619392395,302.9990277290344,6.180837392807007,,
104,104,3.592011008453369,0.1992,mean: 6.9945398770570755,mean: 0.018206250000000007,1748899223.8064182,2025/06/03 06:20:23,409.77155590057373,6.8m,355.631982088089,306.0398516654968,6.239955186843872,3.6713243728637694,0.156
105,105,3.5907954231262207,0.2028,mean: 7.033013247597217,mean: 0.01816562499999999,1748899227.3468766,2025/06/03 06:20:27,413.31201434135437,6.9m,358.61381101608276,309.0217909812927,6.299955129623413,,
106,106,3.5730305725097655,0.2062,mean: 7.024049572217464,mean: 0.018268749999999997,1748899230.75968,2025/06/03 06:20:30,416.72481775283813,6.9m,361.5852816104889,311.9933776855469,6.3633763790130615,,
107,107,3.570062334060669,0.206,mean: 7.039716790062188,mean: 0.01824687499999999,1748899234.1662478,2025/06/03 06:20:34,420.1313855648041,7.0m,364.5549285411835,314.9631447792053,6.423531532287598,,
108,108,3.5675621837615967,0.2018,mean: 7.029438853013515,mean: 0.018053125,1748899239.834147,2025/06/03 06:20:39,425.799284696579,7.1m,369.54949402809143,318.00603556632996,6.482964038848877,4.235804805755615,0.1166
109,109,3.5535589393615723,0.2066,mean: 7.05784443308115,mean: 0.018287499999999998,1748899243.4287348,2025/06/03 06:20:43,429.39387249946594,7.2m,372.57046818733215,321.0271294116974,6.541757583618164,,
110,110,3.5355400512695314,0.2042,mean: 7.045715370321273,mean: 0.018253125000000002,1748899247.0541203,2025/06/03 06:20:47,433.01925802230835,7.2m,375.7382028102875,324.1949827671051,6.604064464569092,,
111,111,3.527300084686279,0.2138,mean: 7.0666754845738415,mean: 0.018356249999999998,1748899250.4965582,2025/06/03 06:20:50,436.4616959095001,7.3m,378.73512721061707,327.1920163631439,6.663978099822998,,
112,112,3.541174239349365,0.2092,mean: 7.127346229809524,mean: 0.018403125,1748899255.9991488,2025/06/03 06:20:55,441.96428656578064,7.4m,383.5774109363556,330.1792929172516,6.725812196731567,3.859846541595459,0.1148
113,113,3.5465134811401366,0.2014,mean: 7.187853603428602,mean: 0.01807187499999999,1748899259.5408075,2025/06/03 06:20:59,445.5059452056885,7.4m,386.5598690509796,333.1618638038635,6.78529691696167,,
114,114,3.514597268295288,0.2112,mean: 7.138783672916887,mean: 0.018034374999999995,1748899262.859852,2025/06/03 06:21:02,448.8249897956848,7.5m,389.4492402076721,336.0513484477997,6.84475302696228,,
115,115,3.50969045753479,0.2176,mean: 7.1650998831033705,mean: 0.018137499999999997,1748899266.197697,2025/06/03 06:21:06,452.1628346443176,7.5m,392.357791185379,338.9600102901459,6.90477180480957,,
116,116,3.51355100440979,0.2122,mean: 7.165433293259145,mean: 0.01829062500000001,1748899271.847341,2025/06/03 06:21:11,457.81247878074646,7.6m,397.33612084388733,342.0405583381653,6.962886571884155,3.699761590576172,0.1352
117,117,3.511000253677368,0.214,mean: 7.226550565743449,mean: 0.018153125000000006,1748899275.432366,2025/06/03 06:21:15,461.39750361442566,7.7m,400.3521177768707,345.0566599369049,7.023935317993164,,
118,118,3.5300224182128908,0.2074,mean: 7.289668115615846,mean: 0.018146874999999996,1748899278.8643332,2025/06/03 06:21:18,464.829470872879,7.7m,403.3511793613434,348.0558340549469,7.083824634552002,,
119,119,3.5127927715301515,0.2174,mean: 7.283647182810307,mean: 0.01826562499999999,1748899282.2325952,2025/06/03 06:21:22,468.19773292541504,7.8m,406.29179883003235,350.99656319618225,7.1424901485443115,,
120,120,3.4914767715454103,0.217,mean: 7.290295611429216,mean: 0.018284375000000005,1748899287.7633018,2025/06/03 06:21:27,473.72843956947327,7.9m,411.15241599082947,353.9754238128662,7.205808639526367,4.3959523235321045,0.1075
121,121,3.496365336608887,0.2228,mean: 7.293728998023272,mean: 0.018228124999999994,1748899291.2185276,2025/06/03 06:21:31,477.18366527557373,8.0m,414.0473864078522,356.8705093860626,7.2654197216033936,,
122,122,3.4912532566070555,0.2192,mean: 7.341021060752868,mean: 0.017928125,1748899294.6932416,2025/06/03 06:21:34,480.65837931632996,8.0m,417.07092094421387,359.8941602706909,7.324611186981201,,
123,123,3.475710725402832,0.22,mean: 7.338610087394715,mean: 0.018146875,1748899298.0693069,2025/06/03 06:21:38,484.0344445705414,8.1m,420.0066285133362,362.82998180389404,7.3846094608306885,,
124,124,3.489290522766113,0.227,mean: 7.361095357549187,mean: 0.017740625000000003,1748899303.6148143,2025/06/03 06:21:43,489.57995200157166,8.2m,424.88192987442017,365.82617115974426,7.4437220096588135,3.595963020324707,0.157
125,125,3.4779761501312256,0.2276,mean: 7.387644322419167,mean: 0.018053125000000003,1748899307.1450534,2025/06/03 06:21:47,493.11019110679626,8.2m,427.8419713973999,368.7863259315491,7.502729892730713,,
126,126,3.480338224411011,0.225,mean: 7.40564779073,mean: 0.017853124999999997,1748899310.5072126,2025/06/03 06:21:50,496.472350358963,8.3m,430.76989459991455,371.71436524391174,7.562651634216309,,
127,127,3.465082485961914,0.2272,mean: 7.393886609470845,mean: 0.018,1748899313.9585845,2025/06/03 06:21:53,499.9237222671509,8.3m,433.7826027870178,374.72718715667725,7.622142314910889,,
128,128,3.458244535064697,0.2312,mean: 7.399757071447372,mean: 0.017940625,1748899319.5956926,2025/06/03 06:21:59,505.56083035469055,8.4m,438.73664712905884,377.7713496685028,7.682722568511963,3.641882881164551,0.1517
129,129,3.449536660003662,0.2288,mean: 7.438477102923394,mean: 0.018103124999999994,1748899323.109414,2025/06/03 06:22:03,509.074551820755,8.5m,441.6857759952545,380.7205913066864,7.743782043457031,,
130,130,3.4333654121398927,0.235,mean: 7.449239396083352,mean: 0.018006249999999998,1748899326.4662454,2025/06/03 06:22:06,512.4313831329346,8.5m,444.60878348350525,383.6437027454376,7.804151296615601,,
131,131,3.4359798946380615,0.2348,mean: 7.468139069783687,mean: 0.018003125,1748899329.946126,2025/06/03 06:22:09,515.9112637042999,8.6m,447.6467926502228,386.6818280220032,7.863366365432739,,
132,132,3.4460399532318116,0.2298,mean: 7.5364209664523605,mean: 0.017878124999999995,1748899335.5203958,2025/06/03 06:22:15,521.4855334758759,8.7m,452.5446197986603,389.72082448005676,7.927070379257202,3.617108461761475,0.1509
133,133,3.4373108100891114,0.2342,mean: 7.556975768089295,mean: 0.017959374999999993,1748899339.0577114,2025/06/03 06:22:19,525.0228490829468,8.8m,455.5192782878876,392.69559383392334,7.986705541610718,,
134,134,3.4474862300872804,0.2306,mean: 7.610265686029196,mean: 0.017893749999999993,1748899342.3853862,2025/06/03 06:22:22,528.3505239486694,8.8m,458.41370272636414,395.5901310443878,8.045734167098999,,
135,135,3.422634035873413,0.2342,mean: 7.5696016310632235,mean: 0.017668750000000004,1748899345.7354772,2025/06/03 06:22:25,531.7006149291992,8.9m,461.3325672149658,398.5091052055359,8.105702877044678,,
136,136,3.4825202072143555,0.22,mean: 7.702867575609684,mean: 0.017628124999999988,1748899351.282152,2025/06/03 06:22:31,537.2472896575928,9.0m,466.2039592266083,401.4671049118042,8.170498132705688,4.04691262512207,0.099
137,137,3.436336198425293,0.2342,mean: 7.66568653589487,mean: 0.017878125,1748899354.8035462,2025/06/03 06:22:34,540.7686839103699,9.0m,469.15565371513367,404.41891837120056,8.231585025787354,,
138,138,3.4151101657867433,0.239,mean: 7.638843713009357,mean: 0.017715625,1748899358.111097,2025/06/03 06:22:38,544.0762348175049,9.1m,472.02729320526123,407.2906720638275,8.291971206665039,,
139,139,3.397842727661133,0.2408,mean: 7.621663210701942,mean: 0.017665624999999997,1748899361.4867573,2025/06/03 06:22:41,547.4518949985504,9.1m,474.97305703163147,410.2365474700928,8.352326154708862,,
140,140,3.4189949695587156,0.243,mean: 7.693784191370011,mean: 0.017596874999999998,1748899366.9294362,2025/06/03 06:22:46,552.8945739269257,9.2m,479.74983310699463,413.1413667201996,8.414896249771118,3.9638864227294923,0.1249
141,141,3.4221181159973146,0.2334,mean: 7.737100244903563,mean: 0.017575000000000004,1748899370.522686,2025/06/03 06:22:50,556.4878237247467,9.3m,482.76524925231934,416.1568958759308,8.473373413085938,,
142,142,3.419299187850952,0.2366,mean: 7.723221090173722,mean: 0.017603125,1748899373.8856435,2025/06/03 06:22:53,559.8507812023163,9.3m,485.68782687187195,419.07957792282104,8.532309532165527,,
143,143,3.396803480529785,0.2494,mean: 7.756144408798215,mean: 0.01772812499999999,1748899377.3477478,2025/06/03 06:22:57,563.3128855228424,9.4m,488.7117793560028,422.1036410331726,8.591828346252441,,
144,144,3.4209102630615233,0.235,mean: 7.796642259520292,mean: 0.017590625000000002,1748899382.946926,2025/06/03 06:23:02,568.9120638370514,9.5m,493.62419509887695,425.1151349544525,8.651122093200684,3.5266044567108152,0.167
145,145,3.3873233467102053,0.2438,mean: 7.738410889315605,mean: 0.017668749999999997,1748899386.6110215,2025/06/03 06:23:06,572.5761592388153,9.5m,496.7031137943268,428.19416642189026,8.710721969604492,,
146,146,3.3760649139404295,0.24,mean: 7.790813262581825,mean: 0.017743749999999996,1748899389.969976,2025/06/03 06:23:09,575.9351136684418,9.6m,499.6239438056946,431.11510610580444,8.771372556686401,,
147,147,3.4231263084411623,0.237,mean: 7.919293316799402,mean: 0.017481249999999997,1748899393.4051359,2025/06/03 06:23:13,579.3702735900879,9.7m,502.6205987930298,434.1118769645691,8.830708742141724,,
148,148,3.390643341445923,0.2412,mean: 7.900016159635784,mean: 0.01765625,1748899398.951659,2025/06/03 06:23:18,584.9167966842651,9.7m,507.4910433292389,437.0951974391937,8.89031171798706,3.5344795349121094,0.1738
149,149,3.375490393447876,0.246,mean: 7.869476362150907,mean: 0.017628124999999994,1748899402.550306,2025/06/03 06:23:22,588.5154438018799,9.8m,510.5190532207489,440.1233139038086,8.950057029724121,,
150,150,3.37460126953125,0.2388,mean: 7.886018527817726,mean: 0.017399999999999995,1748899405.912739,2025/06/03 06:23:25,591.8778767585754,9.9m,513.447690486908,443.05206274986267,9.012219667434692,,
151,151,3.3608536071777344,0.248,mean: 7.860250628006457,mean: 0.017628124999999988,1748899409.328383,2025/06/03 06:23:29,595.2935206890106,9.9m,516.4280791282654,446.03256273269653,9.071443796157837,,
152,152,3.3499436531066893,0.2542,mean: 7.910243987828493,mean: 0.01756875,1748899414.9182615,2025/06/03 06:23:34,600.8833992481232,10.0m,521.3439762592316,449.0675435066223,9.130162715911865,3.5193322227478028,0.1705
153,153,3.343754246520996,0.2512,mean: 7.89053650288582,mean: 0.017862499999999996,1748899418.3986435,2025/06/03 06:23:38,604.3637812137604,10.1m,524.2469708919525,451.9706554412842,9.193155288696289,,
154,154,3.3189609153747557,0.254,mean: 7.860584196293353,mean: 0.01736875,1748899421.7936025,2025/06/03 06:23:41,607.7587401866913,10.1m,527.2085421085358,454.93234491348267,9.252402067184448,,
155,155,3.3463484352111816,0.2514,mean: 7.998569617342948,mean: 0.01745625,1748899425.2115114,2025/06/03 06:23:45,611.1766490936279,10.2m,530.184335231781,457.90825176239014,9.311739206314087,,
156,156,3.3115248611450196,0.2542,mean: 7.934428777122497,mean: 0.01750625,1748899430.8056011,2025/06/03 06:23:50,616.7707388401031,10.3m,535.0983591079712,460.9088830947876,9.371786117553711,3.391700291824341,0.199
157,157,3.318361848831177,0.253,mean: 7.968913193142414,mean: 0.01754374999999999,1748899434.3671756,2025/06/03 06:23:54,620.3323132991791,10.3m,538.0809862613678,463.8916230201721,9.431924104690552,,
158,158,3.355234930419922,0.2534,mean: 8.070706977462768,mean: 0.017406250000000005,1748899437.8292384,2025/06/03 06:23:57,623.7943761348724,10.4m,541.093035697937,466.90378642082214,9.490347623825073,,
159,159,3.3226601207733153,0.2574,mean: 8.062285329794886,mean: 0.017621875000000002,1748899441.195931,2025/06/03 06:24:01,627.1610686779022,10.5m,544.0291125774384,469.83997321128845,9.549994230270386,,
160,160,3.3155660919189454,0.2694,mean: 8.05049634016752,mean: 0.017412499999999997,1748899446.7814415,2025/06/03 06:24:06,632.746579170227,10.5m,548.9281570911407,472.8759186267853,9.613986253738403,3.783569990539551,0.1372
161,161,3.3244459342956545,0.2558,mean: 8.085967425018548,mean: 0.017396875,1748899450.2963145,2025/06/03 06:24:10,636.2614521980286,10.6m,551.8714711666107,475.81934809684753,9.673615455627441,,
162,162,3.352348337936401,0.243,mean: 8.153671465575695,mean: 0.01723125,1748899453.7060726,2025/06/03 06:24:13,639.6712102890015,10.7m,554.8334324359894,478.78141927719116,9.732851266860962,,
163,163,3.3305577754974367,0.2536,mean: 8.116942768383028,mean: 0.01735937499999999,1748899457.2148333,2025/06/03 06:24:17,643.1799709796906,10.7m,557.8889400959015,481.83704113960266,9.793312788009644,,
164,164,3.3213769176483154,0.2542,mean: 8.163237417292594,mean: 0.01759687500000001,1748899462.8674939,2025/06/03 06:24:22,648.8326315879822,10.8m,562.8494062423706,484.9258804321289,9.855416297912598,3.4599216091156006,0.1793
165,165,3.2993721870422363,0.2576,mean: 8.127293935889009,mean: 0.017531249999999998,1748899466.4805663,2025/06/03 06:24:26,652.4457039833069,10.9m,565.8822362422943,487.95882081985474,9.914870738983154,,
166,166,3.3035279693603514,0.2552,mean: 8.132398349022866,mean: 0.017509375,1748899469.9745784,2025/06/03 06:24:29,655.9397161006927,10.9m,568.932731628418,491.00942730903625,9.975473642349243,,
167,167,3.297021118927002,0.2682,mean: 8.153088344180583,mean: 0.017215625,1748899473.4330604,2025/06/03 06:24:33,659.3981981277466,11.0m,571.9463610649109,494.0231673717499,10.036369323730469,,
168,168,3.360067123794556,0.251,mean: 8.232041291618348,mean: 0.017075000000000003,1748899478.9548507,2025/06/03 06:24:38,664.9199883937836,11.1m,576.7957520484924,496.9504625797272,10.096165418624878,3.618050046157837,0.1517
169,169,3.3542716194152833,0.258,mean: 8.33117471382618,mean: 0.017140624999999996,1748899482.403192,2025/06/03 06:24:42,668.3683297634125,11.1m,579.6794240474701,499.8342444896698,10.154817819595337,,
170,170,3.359561224365234,0.2518,mean: 8.324507655644418,mean: 0.01723125,1748899485.7210348,2025/06/03 06:24:45,671.6861724853516,11.2m,582.5601897239685,502.7151186466217,10.22169280052185,,
171,171,3.3270468505859374,0.2576,mean: 8.298408939743043,mean: 0.0174,1748899489.0619295,2025/06/03 06:24:49,675.0270671844482,11.3m,585.472498178482,505.627534866333,10.280089139938354,,
172,172,3.304637390899658,0.2696,mean: 8.264383756601811,mean: 0.017228125,1748899494.5554488,2025/06/03 06:24:54,680.5205864906311,11.3m,590.2913086414337,508.51275300979614,10.341002702713013,3.48274224357605,0.1857
173,173,3.3251120315551757,0.256,mean: 8.382422309362887,mean: 0.017362499999999996,1748899498.0235338,2025/06/03 06:24:58,683.988671541214,11.4m,593.1911811828613,511.4127449989319,10.400961875915527,,
174,174,3.2856807621002195,0.2614,mean: 8.275000228309633,mean: 0.017300000000000003,1748899501.3218277,2025/06/03 06:25:01,687.2869653701782,11.5m,596.0584206581116,514.2800943851471,10.460309505462646,,
175,175,3.2720070812225344,0.2674,mean: 8.277506352889539,mean: 0.017240624999999996,1748899504.652689,2025/06/03 06:25:04,690.6178267002106,11.5m,598.9566321372986,517.1784210205078,10.521409034729004,,
176,176,3.2770368576049806,0.2674,mean: 8.270121676218507,mean: 0.017015624999999996,1748899510.061644,2025/06/03 06:25:10,696.0267817974091,11.6m,603.7064356803894,520.0581429004669,10.579954147338867,3.615600845336914,0.1624
177,177,3.2804434944152834,0.2724,mean: 8.335343173277378,mean: 0.017015624999999993,1748899513.5314107,2025/06/03 06:25:13,699.4965484142303,11.7m,606.6116690635681,522.9634871482849,10.63870120048523,,
178,178,3.2664066570281984,0.2752,mean: 8.379171420323848,mean: 0.01732499999999999,1748899516.8972514,2025/06/03 06:25:16,702.862389087677,11.7m,609.5435364246368,525.8954615592957,10.700803756713867,,
179,179,3.2831198783874513,0.2674,mean: 8.42801095867157,mean: 0.017371875000000005,1748899520.229484,2025/06/03 06:25:20,706.1946218013763,11.8m,612.4444139003754,528.7964549064636,10.760372877120972,,
180,180,3.2715180877685546,0.2666,mean: 8.410213741147517,mean: 0.0172,1748899525.7630887,2025/06/03 06:25:25,711.7282264232635,11.9m,617.3011381626129,531.7144355773926,10.820048809051514,3.7194862377166746,0.139
181,181,3.3268551105499267,0.2608,mean: 8.509551274013514,mean: 0.01704375,1748899529.3041549,2025/06/03 06:25:29,715.2692925930023,11.9m,620.2701017856598,534.6835112571716,10.882280588150024,,
182,182,3.2927715339660644,0.2676,mean: 8.507281516444685,mean: 0.017253125,1748899532.6810799,2025/06/03 06:25:32,718.64621758461,12.0m,623.2153673171997,537.6288869380951,10.94275975227356,,
183,183,3.2812879577636718,0.2634,mean: 8.530836639356611,mean: 0.017265624999999996,1748899536.042232,2025/06/03 06:25:36,722.0073697566986,12.0m,626.1451263427734,540.5587532520294,11.001643657684326,,
184,184,3.2701735721588134,0.2654,mean: 8.484650524616239,mean: 0.017321874999999997,1748899541.6125863,2025/06/03 06:25:41,727.57772397995,12.1m,631.0400195121765,543.5165693759918,11.060327291488647,3.591848419570923,0.1665
185,185,3.285703092956543,0.2628,mean: 8.510257105118038,mean: 0.017156249999999998,1748899545.0528827,2025/06/03 06:25:45,731.0180203914642,12.2m,633.9141278266907,546.3907923698425,11.119665622711182,,
186,186,3.2986692012786865,0.2632,mean: 8.553106763339045,mean: 0.016953124999999996,1748899548.4363704,2025/06/03 06:25:48,734.4015080928802,12.2m,636.8625309467316,549.3393077850342,11.179677724838257,,
187,187,3.2890437484741213,0.2612,mean: 8.585208055716755,mean: 0.017256249999999994,1748899551.8469326,2025/06/03 06:25:51,737.8120703697205,12.3m,639.8333632946014,552.3102550506592,11.238363265991211,,
188,188,3.277159036254883,0.2654,mean: 8.5889688606143,mean: 0.016959375000000002,1748899557.4398193,2025/06/03 06:25:57,743.4049570560455,12.4m,644.7468907833099,555.322541475296,11.296900749206543,3.521376327133179,0.1891
189,189,3.2657981529235838,0.2702,mean: 8.52973376547098,mean: 0.017146875,1748899561.04764,2025/06/03 06:26:01,747.0127778053284,12.5m,647.7804908752441,558.3562617301941,11.356113910675049,,
190,190,3.269224431991577,0.2664,mean: 8.576877909171586,mean: 0.017034375,1748899564.3885388,2025/06/03 06:26:04,750.3536765575409,12.5m,650.6894369125366,561.2653217315674,11.415616750717163,,
191,191,3.2930100090026855,0.2608,mean: 8.659803018939495,mean: 0.017150000000000002,1748899567.7675703,2025/06/03 06:26:07,753.7327079772949,12.6m,653.6378226280212,564.2138156890869,11.473822832107544,,
192,192,3.272797221374512,0.2662,mean: 8.628087602841854,mean: 0.016828125,1748899573.1868262,2025/06/03 06:26:13,759.1519639492035,12.7m,658.3922760486603,567.0834496021271,11.53355884552002,3.4485487266540527,0.1847
193,193,3.250477278137207,0.2684,mean: 8.563824752533435,mean: 0.016946875,1748899576.6785192,2025/06/03 06:26:16,762.6436569690704,12.7m,661.3141968250275,570.0054850578308,11.59431791305542,,
194,194,3.2918300926208497,0.2678,mean: 8.681780245006086,mean: 0.0168375,1748899580.0277767,2025/06/03 06:26:20,765.9929144382477,12.8m,664.2301762104034,572.921578168869,11.654119729995728,,
195,195,3.3129040084838866,0.2596,mean: 8.732105769288541,mean: 0.01695,1748899583.367992,2025/06/03 06:26:23,769.3331296443939,12.8m,667.138345003128,575.8298597335815,11.713552951812744,,
196,196,3.2945363201141356,0.263,mean: 8.739624054813389,mean: 0.017103124999999993,1748899589.031349,2025/06/03 06:26:29,774.9964866638184,12.9m,672.132345199585,578.8153808116913,11.772772073745728,3.4371230773925783,0.1944
197,197,3.2689825244903563,0.268,mean: 8.71083656400442,mean: 0.017274999999999995,1748899592.54356,2025/06/03 06:26:32,778.5086977481842,13.0m,675.0787799358368,581.7619259357452,11.83165717124939,,
198,198,3.263551165771484,0.2644,mean: 8.733659885603188,mean: 0.01695625,1748899595.9992297,2025/06/03 06:26:35,781.964367389679,13.0m,678.1018977165222,584.78515458107,11.890507698059082,,
199,199,3.2406249073028564,0.268,mean: 8.67512439750433,mean: 0.016859375,1748899599.3678243,2025/06/03 06:26:39,785.3329620361328,13.1m,681.0348653793335,587.7182378768921,11.950020551681519,,
200,200,3.223311408996582,0.2782,mean: 8.667649408864976,mean: 0.017021874999999995,1748899604.9335256,2025/06/03 06:26:44,790.8986632823944,13.2m,685.9345803260803,590.6278865337372,12.009918928146362,5.183463444519043,0.094
201,201,3.223278284072876,0.279,mean: 8.610751338565347,mean: 0.016871874999999995,1748899608.4198902,2025/06/03 06:26:48,794.385027885437,13.2m,688.8533613681793,593.5467755794525,12.06838345527649,,
202,202,3.2442157035827637,0.279,mean: 8.742647952985763,mean: 0.016737500000000002,1748899611.7284803,2025/06/03 06:26:51,797.6936180591583,13.3m,691.7282531261444,596.4217820167542,12.127122402191162,,
203,203,3.214069026184082,0.2834,mean: 8.656887405514718,mean: 0.016987499999999996,1748899615.0081267,2025/06/03 06:26:55,800.9732644557953,13.3m,694.5750880241394,599.2687330245972,12.185720682144165,,
204,204,3.228142337036133,0.2712,mean: 8.738893453812599,mean: 0.016931249999999995,1748899620.5742595,2025/06/03 06:27:00,806.5393972396851,13.4m,699.4589211940765,602.1613359451294,12.244468212127686,3.412108528137207,0.2042
205,205,3.21968630027771,0.2748,mean: 8.745861500251296,mean: 0.016878124999999994,1748899624.0810091,2025/06/03 06:27:04,810.0461468696594,13.5m,702.3951835632324,605.0977184772491,12.30405044555664,,
206,206,3.22951710357666,0.2784,mean: 8.752668814599515,mean: 0.017075,1748899627.3931963,2025/06/03 06:27:07,813.3583340644836,13.6m,705.276917219162,607.9795598983765,12.363192558288574,,
207,207,3.2329633792877197,0.283,mean: 8.833039753949642,mean: 0.016843749999999998,1748899630.6881318,2025/06/03 06:27:10,816.6532695293427,13.6m,708.140608549118,610.8433616161346,12.421451807022095,,
208,208,3.2160811904907227,0.278,mean: 8.789036597180365,mean: 0.01680625,1748899636.1493788,2025/06/03 06:27:16,822.1145164966583,13.7m,712.9369995594025,613.7651436328888,12.48090672492981,3.342017621612549,0.1928
209,209,3.1936690414428712,0.2772,mean: 8.758374154204128,mean: 0.016821875,1748899639.573274,2025/06/03 06:27:19,825.538411617279,13.8m,715.7846608161926,616.6129148006439,12.539649486541748,,
210,210,3.198853148651123,0.2914,mean: 8.764119246482844,mean: 0.016784375,1748899642.932487,2025/06/03 06:27:22,828.8976247310638,13.8m,718.7070727348328,619.5354444980621,12.5994393825531,,
211,211,3.188396588134766,0.2874,mean: 8.757510907971856,mean: 0.01680625,1748899646.2640717,2025/06/03 06:27:26,832.2292094230652,13.9m,721.6051375865936,622.4336292743683,12.659126281738281,,
212,212,3.1955980781555176,0.2902,mean: 8.802327565824985,mean: 0.01684375,1748899651.6489365,2025/06/03 06:27:31,837.6140742301941,14.0m,726.3260345458984,625.284636259079,12.717129230499268,3.590324052429199,0.1582
213,213,3.1988903579711914,0.2852,mean: 8.831117729651929,mean: 0.016759374999999993,1748899655.2053158,2025/06/03 06:27:35,841.1704535484314,14.0m,729.3161568641663,628.2748689651489,12.775706052780151,,
214,214,3.209917623138428,0.284,mean: 8.894693046545983,mean: 0.016878124999999997,1748899658.5863562,2025/06/03 06:27:38,844.5514938831329,14.1m,732.2578103542328,631.2166306972504,12.835266351699829,,
215,215,3.187621379470825,0.289,mean: 8.83623129496575,mean: 0.016928125,1748899661.9592528,2025/06/03 06:27:41,847.9243905544281,14.1m,735.1948673725128,634.1537942886353,12.896484136581421,,
216,216,3.2023949584960936,0.28,mean: 8.878866821074489,mean: 0.016715625,1748899667.495252,2025/06/03 06:27:47,853.4603896141052,14.2m,740.0505352020264,637.1419079303741,12.956672430038452,3.398684635543823,0.1906
217,217,3.190455871582031,0.2824,mean: 8.86929430692196,mean: 0.016824999999999996,1748899670.9684598,2025/06/03 06:27:50,856.9335975646973,14.3m,742.9566795825958,640.0481660366058,13.016207456588745,,
218,218,3.174115146636963,0.2878,mean: 8.847598379445078,mean: 0.016631249999999997,1748899674.3168237,2025/06/03 06:27:54,860.28196144104,14.3m,745.8672847747803,642.9588830471039,13.074989557266235,,
219,219,3.1704221450805665,0.2928,mean: 8.886526219999793,mean: 0.016793749999999993,1748899677.699552,2025/06/03 06:27:57,863.6646897792816,14.4m,748.8156099319458,645.9073295593262,13.134120464324951,,
220,220,3.1695874053955078,0.2816,mean: 8.85574755306244,mean: 0.016803124999999995,1748899683.1311042,2025/06/03 06:28:03,869.0962419509888,14.5m,753.5882670879364,648.8199181556702,13.192505836486816,3.5709894664764406,0.1663
221,221,3.164723085784912,0.292,mean: 8.887406442403792,mean: 0.016821875000000003,1748899686.614513,2025/06/03 06:28:06,872.5796506404877,14.5m,756.4978454113007,651.729621887207,13.254525899887085,,
222,222,3.193982176208496,0.2742,mean: 8.970173852872847,mean: 0.016793749999999993,1748899689.9203231,2025/06/03 06:28:09,875.8854608535767,14.6m,759.3705034255981,654.6023817062378,13.315516471862793,,
223,223,3.167869339752197,0.2874,mean: 8.960684163177017,mean: 0.016946874999999997,1748899693.2610095,2025/06/03 06:28:13,879.2261471748352,14.7m,762.2781987190247,657.5101945400238,13.374915838241577,,
224,224,3.151831453704834,0.288,mean: 8.918540039706233,mean: 0.016800000000000006,1748899698.7443683,2025/06/03 06:28:18,884.7095060348511,14.7m,767.0859451293945,660.3864052295685,13.436173915863037,3.2930823177337647,0.2143
225,225,3.156037435531616,0.2928,mean: 8.96529506807327,mean: 0.016734374999999992,1748899702.2571383,2025/06/03 06:28:22,888.2222759723663,14.8m,770.0301568508148,663.3307247161865,13.495512247085571,,
226,226,3.170631248474121,0.2856,mean: 9.005727359128,mean: 0.016849999999999997,1748899705.6101596,2025/06/03 06:28:25,891.5752973556519,14.9m,772.9493935108185,666.2500853538513,13.555092334747314,,
227,227,3.1479069122314454,0.2918,mean: 8.920143791437148,mean: 0.016815625000000004,1748899708.9599319,2025/06/03 06:28:28,894.9250695705414,14.9m,775.864825963974,669.1656289100647,13.613860845565796,,
228,228,3.1629207008361817,0.2924,mean: 8.94296463392973,mean: 0.01655625,1748899714.4629266,2025/06/03 06:28:34,900.4280643463135,15.0m,780.6974437236786,672.138486623764,13.673497438430786,3.3428882274627685,0.2038
229,229,3.161997120666504,0.2846,mean: 8.995556986868381,mean: 0.01669374999999999,1748899717.9798305,2025/06/03 06:28:37,903.9449682235718,15.1m,783.6396470069885,675.0807957649231,13.732838153839111,,
230,230,3.163722611999512,0.287,mean: 8.957092276859282,mean: 0.0167,1748899721.4350803,2025/06/03 06:28:41,907.4002180099487,15.1m,786.6515579223633,678.0928153991699,13.795228958129883,,
231,231,3.1713716140747072,0.2834,mean: 9.062272555708885,mean: 0.016884375,1748899724.8202658,2025/06/03 06:28:44,910.7854034900665,15.2m,789.594964504242,681.0363349914551,13.854231119155884,,
232,232,3.1788022914886476,0.2812,mean: 9.069117140901087,mean: 0.016556249999999988,1748899730.334323,2025/06/03 06:28:50,916.2994606494904,15.3m,794.432644367218,683.9879522323608,13.914698600769043,3.424518719482422,0.1864
233,233,3.140537431716919,0.2946,mean: 9.02682316702604,mean: 0.016578125,1748899733.8319442,2025/06/03 06:28:53,919.7970819473267,15.3m,797.3595306873322,686.914952993393,13.975561618804932,,
234,234,3.140709060668945,0.2906,mean: 9.011589095991846,mean: 0.016390625,1748899737.218143,2025/06/03 06:28:57,923.1832807064056,15.4m,800.3123216629028,689.8678569793701,14.036133289337158,,
235,235,3.141917393875122,0.2968,mean: 9.03311373189688,mean: 0.016562499999999997,1748899740.6502268,2025/06/03 06:29:00,926.6153645515442,15.4m,803.3102467060089,692.8658936023712,14.095948696136475,,
236,236,3.153837316131592,0.2938,mean: 9.127592224556206,mean: 0.0165125,1748899746.1168628,2025/06/03 06:29:06,932.0820004940033,15.5m,808.1074130535126,695.8067905902863,14.157418251037598,3.308774893569946,0.2136
237,237,3.1370371532440187,0.2932,mean: 9.019694887650015,mean: 0.016540625000000003,1748899749.577334,2025/06/03 06:29:09,935.5424716472626,15.6m,810.9985284805298,698.6980104446411,14.219428062438965,,
238,238,3.130389633560181,0.2972,mean: 9.069108046734332,mean: 0.016659374999999994,1748899752.8928607,2025/06/03 06:29:12,938.8579983711243,15.6m,813.880069732666,701.5796611309052,14.280688047409058,,
239,239,3.138400424194336,0.2916,mean: 9.077252930104732,mean: 0.01654375,1748899756.2095263,2025/06/03 06:29:16,942.1746640205383,15.7m,816.7633039951324,704.4630057811737,14.340875625610352,,
240,240,3.161272674560547,0.2876,mean: 9.245481319820879,mean: 0.016734374999999996,1748899761.6083515,2025/06/03 06:29:21,947.573489189148,15.8m,821.5023236274719,707.3479895591736,14.399484872817993,3.4219472999572753,0.1955
241,241,3.1546773933410646,0.2894,mean: 9.193155079424379,mean: 0.016643749999999995,1748899765.1473777,2025/06/03 06:29:25,951.1125154495239,15.9m,824.4510183334351,710.2967975139618,14.459014177322388,,
242,242,3.1375833820343018,0.2946,mean: 9.125250486111641,mean: 0.016509375,1748899768.526561,2025/06/03 06:29:28,954.4916987419128,15.9m,827.3881895542145,713.2340838909149,14.51780366897583,,
243,243,3.131728131866455,0.298,mean: 9.124539224803446,mean: 0.0166375,1748899771.840548,2025/06/03 06:29:31,957.8056857585907,16.0m,830.271241903305,716.1172416210175,14.576562881469727,,
244,244,3.1688825534820557,0.2912,mean: 9.18229026210308,mean: 0.016218749999999987,1748899777.2591598,2025/06/03 06:29:37,963.2242975234985,16.1m,835.026861667633,719.0077414512634,14.635414361953735,3.5497417400360107,0.1739
245,245,3.1661239406585695,0.2898,mean: 9.230123656857009,mean: 0.01623125,1748899780.8465705,2025/06/03 06:29:40,966.8117082118988,16.1m,838.0227417945862,722.0037267208099,14.697960138320923,,
246,246,3.156294134902954,0.2974,mean: 9.191152867257594,mean: 0.016190624999999997,1748899784.2416863,2025/06/03 06:29:44,970.2068240642548,16.2m,840.981808423996,724.9629166126251,14.756335496902466,,
247,247,3.140076639556885,0.2994,mean: 9.131804424571989,mean: 0.016271874999999995,1748899787.6855824,2025/06/03 06:29:47,973.6507201194763,16.2m,843.981927394867,727.9631478786469,14.81559443473816,,
248,248,3.1616189430236816,0.292,mean: 9.270378253138064,mean: 0.016387499999999996,1748899793.2294254,2025/06/03 06:29:53,979.1945631504059,16.3m,848.8491766452789,730.9446415901184,14.873878955841064,3.345704046630859,0.2147
249,249,3.129916351699829,0.3046,mean: 9.152608883500099,mean: 0.016259374999999993,1748899796.7450895,2025/06/03 06:29:56,982.7102272510529,16.4m,851.791268825531,733.8868491649628,14.93271517753601,,
250,250,3.12580340423584,0.3022,mean: 9.163445268630982,mean: 0.016437499999999997,1748899800.1649249,2025/06/03 06:30:00,986.1300625801086,16.4m,854.772180557251,736.8678827285767,14.99186086654663,,
251,251,3.1362329746246336,0.298,mean: 9.16874567269683,mean: 0.01619375,1748899803.593127,2025/06/03 06:30:03,989.5582647323608,16.5m,857.7650029659271,739.8608198165894,15.050379514694214,,
252,252,3.101495436477661,0.2996,mean: 9.070027952277659,mean: 0.016343749999999997,1748899809.0514832,2025/06/03 06:30:09,995.0166208744049,16.6m,862.5538663864136,742.7465715408325,15.109935522079468,3.42515785446167,0.1939
253,253,3.1012665786743163,0.3038,mean: 9.159723494398593,mean: 0.016415624999999996,1748899812.489463,2025/06/03 06:30:12,998.4546008110046,16.6m,865.4182593822479,745.6110687255859,15.168545722961426,,
254,254,3.1091732192993162,0.3032,mean: 9.162504288876056,mean: 0.0163875,1748899815.8703237,2025/06/03 06:30:15,1001.8354613780975,16.7m,868.3651404380798,748.5580611228943,15.227259874343872,,
255,255,3.1167959716796876,0.2948,mean: 9.117806150031086,mean: 0.016153124999999994,1748899819.2049663,2025/06/03 06:30:19,1005.1701040267944,16.8m,871.2652578353882,751.4582943916321,15.286656379699707,,
256,256,3.0889338008880616,0.306,mean: 9.190189437556267,mean: 0.01645,1748899824.8022718,2025/06/03 06:30:24,1010.7674095630646,16.8m,876.1749906539917,754.4396204948425,15.346533060073853,3.4220360961914063,0.2052
257,257,3.0758529598236084,0.3098,mean: 9.129182857596874,mean: 0.01625,1748899828.3588142,2025/06/03 06:30:28,1014.32395195961,16.9m,879.124406337738,757.3891704082489,15.412792444229126,,
258,258,3.097273803329468,0.308,mean: 9.185571193116903,mean: 0.016196874999999993,1748899831.864554,2025/06/03 06:30:31,1017.8296916484833,17.0m,882.1679739952087,760.43288397789,15.474974393844604,,
259,259,3.083322998428345,0.309,mean: 9.185912380850317,mean: 0.016384375,1748899835.3182547,2025/06/03 06:30:35,1021.2833924293518,17.0m,885.1830670833588,763.4480950832367,15.53567624092102,,
260,260,3.0894378814697268,0.308,mean: 9.166969946283102,mean: 0.016243749999999998,1748899840.849845,2025/06/03 06:30:40,1026.8149826526642,17.1m,890.0366878509521,766.4386954307556,15.596062421798706,3.331422429275513,0.2067
261,261,3.085180111694336,0.3064,mean: 9.2304968547225,mean: 0.016131249999999996,1748899844.4529116,2025/06/03 06:30:44,1030.4180493354797,17.2m,893.0408382415771,769.442964553833,15.655290365219116,,
262,262,3.0817870346069336,0.311,mean: 9.209650042641165,mean: 0.016237500000000002,1748899847.892116,2025/06/03 06:30:47,1033.8572537899017,17.2m,896.0366921424866,772.4389276504517,15.714611530303955,,
263,263,3.0590294563293456,0.3162,mean: 9.134609721493717,mean: 0.016159375000000004,1748899851.2520719,2025/06/03 06:30:51,1037.2172095775604,17.3m,898.9564962387085,775.3588523864746,15.773070096969604,,
264,264,3.1300829555511474,0.3094,mean: 9.321143248987196,mean: 0.016175,1748899856.7128115,2025/06/03 06:30:56,1042.6779491901398,17.4m,903.7424507141113,778.2307798862457,15.832040786743164,3.6386015365600586,0.1526
265,265,3.1472208221435545,0.2956,mean: 9.467493638789653,mean: 0.016371874999999998,1748899860.2000067,2025/06/03 06:31:00,1046.165144443512,17.4m,906.6572158336639,781.145651102066,15.891228675842285,,
266,266,3.1355204509735106,0.2928,mean: 9.413413063806296,mean: 0.015924999999999998,1748899863.547735,2025/06/03 06:31:03,1049.5128726959229,17.5m,909.5703594684601,784.0589039325714,15.950544595718384,,
267,267,3.1369984619140623,0.3044,mean: 9.41738243311644,mean: 0.01626875,1748899866.8720388,2025/06/03 06:31:06,1052.8371765613556,17.5m,912.4627394676208,786.9513885974884,16.00913381576538,,
268,268,3.147582775115967,0.2934,mean: 9.394602759075166,mean: 0.01604375,1748899872.3338406,2025/06/03 06:31:12,1058.2989783287048,17.6m,917.250129699707,789.8540546894073,16.06898283958435,3.580175500488281,0.1747
269,269,3.147956330871582,0.2912,mean: 9.384800954711437,mean: 0.016206249999999995,1748899875.8464215,2025/06/03 06:31:15,1061.8115592002869,17.7m,920.175543308258,792.7795834541321,16.12881827354431,,
270,270,3.1388063247680664,0.2958,mean: 9.343564545047283,mean: 0.015912499999999996,1748899879.216485,2025/06/03 06:31:19,1065.1816227436066,17.8m,923.1074578762054,795.7116122245789,16.190446376800537,,
271,271,3.1280948249816896,0.2962,mean: 9.349255588042736,mean: 0.01603125,1748899882.6695008,2025/06/03 06:31:22,1068.6346385478973,17.8m,926.1208138465881,798.7250773906708,16.250234127044678,,
272,272,3.1051555572509764,0.3012,mean: 9.318515670979025,mean: 0.01610625,1748899888.182591,2025/06/03 06:31:28,1074.1477286815643,17.9m,930.9594027996063,801.6711668968201,16.31115412712097,3.339738534164429,0.21
273,273,3.1201160095214844,0.2998,mean: 9.350936907505991,mean: 0.015865624999999994,1748899891.6386414,2025/06/03 06:31:31,1077.60377907753,18.0m,933.8369843959808,804.5488512516022,16.3713538646698,,
274,274,3.1039605865478515,0.3058,mean: 9.334253511023523,mean: 0.016190624999999997,1748899895.0170581,2025/06/03 06:31:35,1080.982195854187,18.0m,936.7814326286316,807.4934124946594,16.430176734924316,,
275,275,3.103115620422363,0.305,mean: 9.327315590691567,mean: 0.016249999999999994,1748899898.3253224,2025/06/03 06:31:38,1084.2904601097107,18.1m,939.6505012512207,810.3625962734222,16.490838766098022,,
276,276,3.099151502609253,0.304,mean: 9.30892735928893,mean: 0.016024999999999998,1748899903.8357286,2025/06/03 06:31:43,1089.8008663654327,18.2m,944.48295545578,813.2411646842957,16.550675868988037,3.3654081703186036,0.2051
277,277,3.1021168128967287,0.3042,mean: 9.366526041865347,mean: 0.01625,1748899907.3625093,2025/06/03 06:31:47,1093.327646970749,18.2m,947.4335310459137,816.1918601989746,16.609769582748413,,
278,278,3.122526513671875,0.3004,mean: 9.487688451433183,mean: 0.016103124999999996,1748899910.7208993,2025/06/03 06:31:50,1096.6860370635986,18.3m,950.3520872592926,819.1105272769928,16.669495105743408,,
279,279,3.0859155502319338,0.31,mean: 9.286548138451575,mean: 0.016056249999999994,1748899914.024007,2025/06/03 06:31:54,1099.9891448020935,18.3m,953.2228157520294,821.9813733100891,16.72806453704834,,
280,280,3.080288829421997,0.3158,mean: 9.330517395341394,mean: 0.016065625,1748899919.6638277,2025/06/03 06:31:59,1105.6289653778076,18.4m,958.1692640781403,825.0485517978668,16.78884720802307,3.474752741622925,0.1741
281,281,3.1240034931182863,0.2994,mean: 9.396940327501296,mean: 0.015968749999999993,1748899923.2396972,2025/06/03 06:32:03,1109.2048349380493,18.5m,961.1543207168579,828.0337247848511,16.851036310195923,,
282,282,3.1087164684295656,0.3022,mean: 9.393041642427443,mean: 0.015862499999999998,1748899926.7343178,2025/06/03 06:32:06,1112.699455499649,18.5m,964.2081110477448,831.0876281261444,16.910802841186523,,
283,283,3.108849447631836,0.3052,mean: 9.440368326485155,mean: 0.015962499999999998,1748899930.0760226,2025/06/03 06:32:10,1116.0411603450775,18.6m,967.1176583766937,833.9972853660583,16.96984052658081,,
284,284,3.1008863555908204,0.3076,mean: 9.361657743728157,mean: 0.01598437499999999,1748899935.5067117,2025/06/03 06:32:15,1121.4718494415283,18.7m,971.8784182071686,836.8801012039185,17.029366493225098,3.3747762977600098,0.1992
285,285,3.063026057434082,0.3108,mean: 9.290996949875352,mean: 0.016109375000000002,1748899938.970138,2025/06/03 06:32:18,1124.9352757930756,18.7m,974.7646007537842,839.7663888931274,17.088751316070557,,
286,286,3.0911351638793945,0.3124,mean: 9.357365123295782,mean: 0.01598125,1748899942.314996,2025/06/03 06:32:22,1128.2801337242126,18.8m,977.670912027359,842.6728112697601,17.15043544769287,,
287,287,3.079819142913818,0.3116,mean: 9.389117352843286,mean: 0.0161375,1748899945.6727018,2025/06/03 06:32:25,1131.6378395557404,18.9m,980.595338344574,845.5973434448242,17.210786819458008,,
288,288,3.0651280654907227,0.3132,mean: 9.360124640476705,mean: 0.016090624999999997,1748899951.322905,2025/06/03 06:32:31,1137.2880427837372,19.0m,985.5670509338379,848.5815622806549,17.271696090698242,3.453183768081665,0.1932
289,289,3.064829704666138,0.3196,mean: 9.366760120940212,mean: 0.015924999999999998,1748899954.8557322,2025/06/03 06:32:34,1140.820869922638,19.0m,988.518965959549,851.5335872173309,17.33051609992981,,
290,290,3.079714169692993,0.3114,mean: 9.392395231246947,mean: 0.01605625,1748899958.4387233,2025/06/03 06:32:38,1144.4038610458374,19.1m,991.6458580493927,854.6605923175812,17.3902747631073,,
291,291,3.06704905090332,0.3196,mean: 9.37082936054468,mean: 0.01586562499999999,1748899961.9558184,2025/06/03 06:32:41,1147.9209561347961,19.1m,994.71271276474,857.7275648117065,17.448966026306152,,
292,292,3.054835129547119,0.3186,mean: 9.390400679850579,mean: 0.016165625,1748899967.5510507,2025/06/03 06:32:47,1153.5161883831024,19.2m,999.6369574069977,860.6640374660492,17.507575511932373,3.8939083847045897,0.1496
293,293,3.063799313354492,0.3088,mean: 9.443172129797935,mean: 0.015981249999999995,1748899971.1196342,2025/06/03 06:32:51,1157.0847718715668,19.3m,1002.6265380382538,863.6537232398987,17.566909790039062,,
294,294,3.0746621894836426,0.3062,mean: 9.447694207358362,mean: 0.01596875,1748899974.584039,2025/06/03 06:32:54,1160.5491766929626,19.3m,1005.6515226364136,866.6788213253021,17.625568866729736,,
295,295,3.065537100982666,0.3132,mean: 9.439216104662417,mean: 0.01596875,1748899978.048799,2025/06/03 06:32:58,1164.0139367580414,19.4m,1008.6750030517578,869.7024114131927,17.685777187347412,,
296,296,3.0512336765289305,0.3206,mean: 9.408310410857203,mean: 0.016053124999999994,1748899983.472315,2025/06/03 06:33:03,1169.4374527931213,19.5m,1013.431755065918,872.5823273658752,17.745274543762207,3.7448806770324707,0.1656
297,297,3.057122481536865,0.3238,mean: 9.401593173021075,mean: 0.016012499999999995,1748899987.041017,2025/06/03 06:33:07,1173.0061547756195,19.6m,1016.4155309200287,875.5662174224854,17.804677963256836,,
298,298,3.0535503326416014,0.3182,mean: 9.363053906965254,mean: 0.015587499999999995,1748899990.4832575,2025/06/03 06:33:10,1176.4483952522278,19.6m,1019.4026381969452,878.5534341335297,17.864155054092407,,
299,299,3.0362109375,0.322,mean: 9.426360599482063,mean: 0.015978125000000003,1748899993.8487515,2025/06/03 06:33:13,1179.8138892650604,19.7m,1022.3349907398224,881.4858958721161,17.923153400421143,,
300,300,3.036764143753052,0.324,mean: 9.383816017615795,mean: 0.015703125000000002,1748899999.303765,2025/06/03 06:33:19,1185.2689027786255,19.8m,1027.1157443523407,884.4083893299103,17.982417821884155,3.607577997970581,0.1783
301,301,3.0649229843139647,0.3198,mean: 9.580183493459227,mean: 0.015840624999999997,1748900002.7863886,2025/06/03 06:33:22,1188.7515263557434,19.8m,1030.0232615470886,887.316015958786,18.042410135269165,,
302,302,3.072975523376465,0.3062,mean: 9.556726744580267,mean: 0.015865624999999998,1748900006.0987802,2025/06/03 06:33:26,1192.06391787529,19.9m,1032.8977811336517,890.1906428337097,18.10412287712097,,
303,303,3.1016226753234863,0.3054,mean: 9.612520954263212,mean: 0.015581250000000001,1748900009.4412446,2025/06/03 06:33:29,1195.4063823223114,19.9m,1035.808270931244,893.1012370586395,18.162234783172607,,
304,304,3.0774375774383547,0.3132,mean: 9.524128102326394,mean: 0.015993750000000004,1748900014.8894122,2025/06/03 06:33:34,1200.8545498847961,20.0m,1040.5839006900787,896.0014171600342,18.224124431610107,5.284151718139649,0.1074
305,305,3.1182684982299804,0.2948,mean: 9.646039913558964,mean: 0.015984375,1748900018.3455656,2025/06/03 06:33:38,1204.310703277588,20.1m,1043.4625663757324,898.8801910877228,18.28461766242981,,
306,306,3.1262153991699217,0.2954,mean: 9.650069981718064,mean: 0.015903125,1748900021.6805043,2025/06/03 06:33:41,1207.64564204216,20.1m,1046.361738204956,901.7794706821442,18.343997716903687,,
307,307,3.0873985710144045,0.3028,mean: 9.624056939518454,mean: 0.015868749999999997,1748900025.1546125,2025/06/03 06:33:45,1211.1197502613068,20.2m,1049.3997340202332,904.8175783157349,18.40512251853943,,
308,308,3.067098621749878,0.311,mean: 9.56352736467123,mean: 0.015890625,1748900030.5815623,2025/06/03 06:33:50,1216.546700000763,20.3m,1054.1613240242004,907.6820666790009,18.465402603149414,3.387680572509766,0.1929
309,309,3.0481384395599367,0.3082,mean: 9.4781532761693,mean: 0.015784375,1748900034.1222625,2025/06/03 06:33:54,1220.0874001979828,20.3m,1057.1241884231567,910.6450400352478,18.52422595024109,,
310,310,3.0776319007873534,0.3096,mean: 9.572782811379431,mean: 0.015968749999999997,1748900037.4488575,2025/06/03 06:33:57,1223.4139952659607,20.4m,1060.0108587741852,913.5318183898926,18.58305859565735,,
311,311,3.0547321949005126,0.3202,mean: 9.528580864465233,mean: 0.015734375,1748900040.7259176,2025/06/03 06:34:00,1226.6910552978516,20.4m,1062.854133605957,916.375194311142,18.64266848564148,,
312,312,3.0393846118927,0.3216,mean: 9.517750683093066,mean: 0.015809374999999994,1748900046.2178783,2025/06/03 06:34:06,1232.1830160617828,20.5m,1067.6779754161835,919.3004171848297,18.702306509017944,3.2727309421539306,0.2188
313,313,3.0172632637023926,0.3244,mean: 9.426643117582795,mean: 0.0157625,1748900049.7716682,2025/06/03 06:34:09,1235.7368059158325,20.6m,1070.645028591156,922.2675738334656,18.761274099349976,,
314,314,3.043892226409912,0.3232,mean: 9.557606202554704,mean: 0.015871874999999997,1748900053.0900528,2025/06/03 06:34:13,1239.055190563202,20.7m,1073.525321483612,925.1479780673981,18.822627782821655,,
315,315,3.0452628723144533,0.3124,mean: 9.562354015231131,mean: 0.015840625,1748900056.5116324,2025/06/03 06:34:16,1242.4767701625824,20.7m,1076.5020797252655,928.1248474121094,18.882678747177124,,
316,316,3.0251103523254392,0.3264,mean: 9.524268378734586,mean: 0.015659375,1748900061.9813387,2025/06/03 06:34:21,1247.9464764595032,20.8m,1081.3002407550812,931.0578138828278,18.942091941833496,3.5159012783050536,0.1817
317,317,3.042209493255615,0.3164,mean: 9.555706870329377,mean: 0.015862499999999995,1748900065.4703548,2025/06/03 06:34:25,1251.435492515564,20.9m,1084.2079560756683,933.965633392334,19.001142263412476,,
318,318,3.0352050037384033,0.322,mean: 9.560770494222641,mean: 0.015540624999999994,1748900068.8205264,2025/06/03 06:34:28,1254.7856640815735,20.9m,1087.111388683319,936.869170665741,19.061649560928345,,
319,319,3.0016695877075197,0.3322,mean: 9.474965197086334,mean: 0.015715625,1748900072.2229176,2025/06/03 06:34:32,1258.1880552768707,21.0m,1090.0691857337952,939.8270719051361,19.121386289596558,,
320,320,3.0230723178863523,0.3144,mean: 9.536549031221867,mean: 0.015634375000000002,1748900077.8624637,2025/06/03 06:34:37,1263.8276014328003,21.1m,1095.0156600475311,942.8409860134125,19.181658506393433,3.8099627822875974,0.1629
321,321,3.03592790145874,0.3146,mean: 9.606312740719321,mean: 0.015603125,1748900081.3403735,2025/06/03 06:34:41,1267.3055112361908,21.1m,1097.9073574543,945.7327938079834,19.240477323532104,,
322,322,3.014404521179199,0.3176,mean: 9.507845635902877,mean: 0.015696874999999996,1748900084.7317498,2025/06/03 06:34:44,1270.6968874931335,21.2m,1100.8609972000122,948.6865446567535,19.299315452575684,,
323,323,3.0563573310852052,0.3178,mean: 9.658211861276628,mean: 0.0157375,1748900088.104767,2025/06/03 06:34:48,1274.0699048042297,21.2m,1103.7957491874695,951.6214096546173,19.35780143737793,,
324,324,3.127940687561035,0.2994,mean: 9.762600151181223,mean: 0.015615624999999996,1748900093.5919502,2025/06/03 06:34:53,1279.5570878982544,21.3m,1108.6079173088074,954.5080473423004,19.417800188064575,3.3468143184661865,0.2008
325,325,3.0724567611694336,0.3104,mean: 9.732369729626178,mean: 0.0159375,1748900097.1394644,2025/06/03 06:34:57,1283.104602098465,21.4m,1111.5728166103363,957.4730503559113,19.479711532592773,,
326,326,3.0365137901306154,0.3226,mean: 9.704982032585143,mean: 0.015821875,1748900100.568392,2025/06/03 06:35:00,1286.5335297584534,21.4m,1114.5548424720764,960.4551894664764,19.542306423187256,,
327,327,3.040644808959961,0.3194,mean: 9.692421543896199,mean: 0.015356249999999995,1748900103.972543,2025/06/03 06:35:03,1289.937680721283,21.5m,1117.5146718025208,963.4151265621185,19.60183548927307,,
328,328,3.0535438831329347,0.3208,mean: 9.706744994795324,mean: 0.015681249999999997,1748900109.383469,2025/06/03 06:35:09,1295.3486068248749,21.6m,1122.257571697235,966.307525396347,19.661234140396118,3.5797822257995606,0.1941
329,329,3.041752128601074,0.321,mean: 9.6899555980444,mean: 0.015693749999999996,1748900112.9177172,2025/06/03 06:35:12,1298.882854938507,21.6m,1125.209897518158,969.2599585056305,19.720712423324585,,
330,330,3.083514376831055,0.312,mean: 9.758050988483427,mean: 0.015678125,1748900116.3562052,2025/06/03 06:35:16,1302.3213429450989,21.7m,1128.199006319046,972.2491807937622,19.780638933181763,,
331,331,3.0606785125732423,0.3094,mean: 9.68831817741394,mean: 0.015606249999999999,1748900119.7530143,2025/06/03 06:35:19,1305.7181520462036,21.8m,1131.1561570167542,975.2064425945282,19.84031867980957,,
332,332,3.0465197746276855,0.3154,mean: 9.707435596406464,mean: 0.015578125,1748900125.2428873,2025/06/03 06:35:25,1311.2080249786377,21.9m,1135.9651365280151,978.1055335998535,19.902263164520264,3.5650523010253905,0.1666
333,333,3.0650210929870605,0.311,mean: 9.72087680389881,mean: 0.015609374999999998,1748900128.7307422,2025/06/03 06:35:28,1314.6958799362183,21.9m,1138.8660016059875,981.0065114498138,19.96203327178955,,
334,334,3.0562253704071045,0.3154,mean: 9.687314593029017,mean: 0.01568125,1748900132.0855849,2025/06/03 06:35:32,1318.0507225990295,22.0m,1141.7786481380463,983.9192705154419,20.021055459976196,,
335,335,3.0442879875183104,0.3156,mean: 9.683689604222774,mean: 0.01570625,1748900135.4759705,2025/06/03 06:35:35,1321.4411082267761,22.0m,1144.7311630249023,986.8718988895416,20.080761432647705,,
336,336,3.016777612686157,0.319,mean: 9.623672889351841,mean: 0.015671875000000005,1748900141.1047475,2025/06/03 06:35:41,1327.0698852539062,22.1m,1149.6723308563232,989.8554067611694,20.141089916229248,3.447825469970703,0.1947
337,337,3.0123576473236082,0.3256,mean: 9.70963999683857,mean: 0.015612499999999998,1748900144.696548,2025/06/03 06:35:44,1330.661685705185,22.2m,1152.6749334335327,992.8581261634827,20.200373649597168,,
338,338,3.0100269134521485,0.3336,mean: 9.632994131016732,mean: 0.015706249999999998,1748900148.0475152,2025/06/03 06:35:48,1334.012652873993,22.2m,1155.5884373188019,995.7717387676239,20.25906229019165,,
339,339,2.9940147304534914,0.3238,mean: 9.579738517558578,mean: 0.015724999999999996,1748900151.4209836,2025/06/03 06:35:51,1337.3861212730408,22.3m,1158.5149548053741,998.6983768939972,20.32016611099243,,
340,340,3.0219194133758545,0.3238,mean: 9.767397503101828,mean: 0.015853124999999996,1748900156.8751566,2025/06/03 06:35:56,1342.8402943611145,22.4m,1163.3039016723633,1001.6381893157959,20.379413843154907,3.2817049392700195,0.2258
341,341,3.013593891143799,0.3236,mean: 9.70178886011839,mean: 0.01578125,1748900160.364411,2025/06/03 06:36:00,1346.3295488357544,22.4m,1166.2080776691437,1004.5424802303314,20.44146203994751,,
342,342,3.038230207824707,0.3162,mean: 9.79070855811834,mean: 0.015459375000000003,1748900163.6961725,2025/06/03 06:36:03,1349.6613101959229,22.5m,1169.1008796691895,1007.4353940486908,20.503361701965332,,
343,343,3.062741979217529,0.3172,mean: 9.833993221914767,mean: 0.015590625,1748900167.0294108,2025/06/03 06:36:07,1352.9945485591888,22.5m,1171.9963963031769,1010.3310308456421,20.56273365020752,,
344,344,3.0455612884521486,0.3148,mean: 9.820134400761129,mean: 0.01568125,1748900172.4651845,2025/06/03 06:36:12,1358.4303221702576,22.6m,1176.7672455310822,1013.2197005748749,20.621681451797485,3.2155376247406005,0.2187
345,345,3.024727235412598,0.3238,mean: 9.810653043973447,mean: 0.015615624999999994,1748900175.9823775,2025/06/03 06:36:15,1361.9475152492523,22.7m,1179.6992106437683,1016.1517741680145,20.680914640426636,,
346,346,3.0295722816467285,0.3202,mean: 9.792379782879351,mean: 0.015362499999999996,1748900179.335224,2025/06/03 06:36:19,1365.3003616333008,22.8m,1182.6143534183502,1019.06702876091,20.742255449295044,,
347,347,3.0073230876922605,0.3274,mean: 9.729240640175341,mean: 0.015537499999999992,1748900182.6226575,2025/06/03 06:36:22,1368.5877952575684,22.8m,1185.4634726047516,1021.9162545204163,20.801644802093506,,
348,348,3.009853732299805,0.3226,mean: 9.72308795520067,mean: 0.0156,1748900188.1143045,2025/06/03 06:36:28,1374.0794422626495,22.9m,1190.2810928821564,1024.8210744857788,20.861335515975952,3.2325357387542724,0.2202
349,349,3.0143466037750244,0.3242,mean: 9.75289871846437,mean: 0.015415624999999999,1748900191.557469,2025/06/03 06:36:31,1377.5226066112518,23.0m,1193.140701532364,1027.6807887554169,20.923742294311523,,
350,350,3.023586318206787,0.32,mean: 9.796060508090259,mean: 0.015618750000000002,1748900194.8680992,2025/06/03 06:36:34,1380.8332369327545,23.0m,1196.0131583213806,1030.5533587932587,20.985360622406006,,
351,351,3.002583659744263,0.3286,mean: 9.773069478130344,mean: 0.015568749999999996,1748900198.2453856,2025/06/03 06:36:38,1384.210523366928,23.1m,1198.9522995948792,1033.4926090240479,21.044013023376465,,
352,352,2.998939646530151,0.33,mean: 9.755466903102397,mean: 0.015537500000000001,1748900203.84688,2025/06/03 06:36:43,1389.8120176792145,23.2m,1203.8709301948547,1036.5377910137177,21.105350017547607,3.482418854904175,0.1912
353,353,2.98918556137085,0.327,mean: 9.71505000554323,mean: 0.01569375,1748900207.3984318,2025/06/03 06:36:47,1393.3635694980621,23.2m,1206.8355677127838,1039.5025346279144,21.164316415786743,,
354,354,3.0184987743377687,0.3162,mean: 9.80345072849393,mean: 0.015612499999999996,1748900210.7819152,2025/06/03 06:36:50,1396.7470529079437,23.3m,1209.7792694568634,1042.4463453292847,21.223394870758057,,
355,355,3.046758572769165,0.3166,mean: 9.936980599784853,mean: 0.015734375,1748900214.1576753,2025/06/03 06:36:54,1400.122812986374,23.3m,1212.720829486847,1045.3880150318146,21.283111572265625,,
356,356,3.033268402481079,0.3216,mean: 9.904206148970127,mean: 0.015565625,1748900219.713947,2025/06/03 06:36:59,1405.679084777832,23.4m,1217.6018438339233,1048.3552923202515,21.341822147369385,3.384679522705078,0.2009
357,357,3.044722219848633,0.3136,mean: 9.877299226033685,mean: 0.015618749999999995,1748900223.2281997,2025/06/03 06:37:03,1409.1933374404907,23.5m,1220.523329257965,1051.2768876552582,21.402276515960693,,
358,358,3.0642009147644043,0.3136,mean: 9.971208413434027,mean: 0.015562499999999996,1748900226.5934858,2025/06/03 06:37:06,1412.5586235523224,23.5m,1223.4426617622375,1054.1963305473328,21.46303629875183,,
359,359,3.0648498825073243,0.3114,mean: 9.942948778414726,mean: 0.015440624999999993,1748900229.9912434,2025/06/03 06:37:09,1415.9563810825348,23.6m,1226.400024175644,1057.1538014411926,21.522379875183105,,
360,360,3.0514180034637453,0.3188,mean: 9.98675023545027,mean: 0.015381249999999994,1748900235.438345,2025/06/03 06:37:15,1421.4034826755524,23.7m,1231.180995464325,1060.0807418823242,21.580867052078247,3.368844728851318,0.2096
361,361,3.0708855895996092,0.308,mean: 10.03338660312891,mean: 0.015459375000000003,1748900238.9518874,2025/06/03 06:37:18,1424.917025089264,23.7m,1234.1091396808624,1063.0089910030365,21.643001794815063,,
362,362,3.0292801162719725,0.317,mean: 9.903882965540888,mean: 0.015521875,1748900242.2673695,2025/06/03 06:37:22,1428.2325072288513,23.8m,1236.9897530078888,1065.8897094726562,21.70134210586548,,
363,363,3.050553267669678,0.3112,mean: 9.955936385834216,mean: 0.015453125000000003,1748900245.657045,2025/06/03 06:37:25,1431.6221826076508,23.9m,1239.9304089546204,1068.83047580719,21.7597553730011,,
364,364,3.080325,0.312,mean: 10.029629813325405,mean: 0.015484374999999996,1748900251.1677856,2025/06/03 06:37:31,1437.1329233646393,24.0m,1244.7637555599213,1071.791715145111,21.818884134292603,3.3489179233551027,0.1991
365,365,3.0786856685638426,0.31,mean: 9.993320677542686,mean: 0.015515624999999996,1748900254.6330626,2025/06/03 06:37:34,1440.5982003211975,24.0m,1247.639327764511,1074.667398929596,21.882253885269165,,
366,366,3.0463487045288087,0.31,mean: 9.960815034741167,mean: 0.015665624999999996,1748900258.0164971,2025/06/03 06:37:38,1443.9816348552704,24.1m,1250.5876920223236,1077.6158800125122,21.941210746765137,,
367,367,3.0336784854888914,0.3178,mean: 9.891404812157154,mean: 0.015762499999999995,1748900261.3937461,2025/06/03 06:37:41,1447.358883857727,24.1m,1253.5263214111328,1080.5546233654022,22.00032329559326,,
368,368,3.0504623500823973,0.3118,mean: 9.875968148517607,mean: 0.015621874999999999,1748900266.9034474,2025/06/03 06:37:46,1452.8685851097107,24.2m,1258.3571953773499,1083.4776089191437,22.061177253723145,3.40934547996521,0.1956
369,369,3.0782379653930665,0.3102,mean: 10.031531591904159,mean: 0.015349999999999999,1748900270.4287028,2025/06/03 06:37:50,1456.3938405513763,24.3m,1261.2832279205322,1086.4037516117096,22.121479034423828,,
370,370,3.0632096321105955,0.3116,mean: 9.97962021583319,mean: 0.015615624999999989,1748900273.7891405,2025/06/03 06:37:53,1459.7542781829834,24.3m,1264.2064168453217,1089.3270466327667,22.18068528175354,,
371,371,3.056609043121338,0.3106,mean: 9.942340453457835,mean: 0.015487499999999998,1748900277.1508229,2025/06/03 06:37:57,1463.115960597992,24.4m,1267.1258544921875,1092.246586561203,22.24397873878479,,
372,372,3.0552084896087646,0.313,mean: 9.923627497315405,mean: 0.015246874999999998,1748900282.8082538,2025/06/03 06:38:02,1468.7733914852142,24.5m,1272.0913689136505,1095.3008949756622,22.30386519432068,3.3194238655090333,0.2089
373,373,3.0422137603759767,0.3198,mean: 9.939983368468283,mean: 0.015599999999999998,1748900286.4270818,2025/06/03 06:38:06,1472.392219543457,24.5m,1275.109395980835,1098.319036245346,22.36395525932312,,
374,374,3.0891939891815188,0.3056,mean: 9.961213711321356,mean: 0.015465624999999995,1748900289.9201415,2025/06/03 06:38:09,1475.8852791786194,24.6m,1278.152952671051,1101.36270236969,22.423555850982666,,
375,375,3.0530361518859865,0.314,mean: 9.861381466317178,mean: 0.015381249999999997,1748900293.2813919,2025/06/03 06:38:13,1479.2465295791626,24.7m,1281.0764276981354,1104.2862930297852,22.48280143737793,,
376,376,3.0452256134033204,0.308,mean: 9.871763328433037,mean: 0.015306249999999993,1748900298.7587123,2025/06/03 06:38:18,1484.7238500118256,24.7m,1285.8762335777283,1107.1669445037842,22.542537927627563,3.318927290725708,0.2113
377,377,3.029459299087524,0.3242,mean: 9.838255547559262,mean: 0.015287500000000002,1748900302.3189452,2025/06/03 06:38:22,1488.2840828895569,24.8m,1288.8345408439636,1110.1253571510315,22.60268235206604,,
378,378,3.0128211071014404,0.3178,mean: 9.836292550063131,mean: 0.015378124999999996,1748900305.7292304,2025/06/03 06:38:25,1491.6943681240082,24.9m,1291.797690153122,1113.088616847992,22.664174556732178,,
379,379,3.033742974472046,0.3136,mean: 9.880834272444249,mean: 0.015465625000000002,1748900309.1030235,2025/06/03 06:38:29,1495.0681612491608,24.9m,1294.7349977493286,1116.0260407924652,22.72369384765625,,
380,380,3.033720831298828,0.314,mean: 9.917748043596747,mean: 0.015334375,1748900314.625268,2025/06/03 06:38:34,1500.590405702591,25.0m,1299.5915732383728,1118.9276604652405,22.78386950492859,4.602572351074219,0.1276
381,381,3.0724843620300293,0.3002,mean: 9.939345143520834,mean: 0.015484374999999998,1748900318.228196,2025/06/03 06:38:38,1504.1933336257935,25.1m,1302.6097009181976,1121.9459013938904,22.84297466278076,,
382,382,3.033746883392334,0.3108,mean: 9.908542589122057,mean: 0.015321875000000004,1748900321.6250336,2025/06/03 06:38:41,1507.5901713371277,25.1m,1305.567234992981,1124.9035439491272,22.90364933013916,,
383,383,3.024390642929077,0.3136,mean: 9.894951131153107,mean: 0.015521875000000001,1748900324.9959662,2025/06/03 06:38:44,1510.9611039161682,25.2m,1308.5026397705078,1127.8390567302704,22.962895393371582,,
384,384,3.0268857616424563,0.3316,mean: 9.843185491180417,mean: 0.015428124999999997,1748900330.5763087,2025/06/03 06:38:50,1516.5414464473724,25.3m,1313.4161686897278,1130.8454599380493,23.021532773971558,3.359131969451904,0.2027
385,385,3.0624149398803713,0.3142,mean: 9.902888095462323,mean: 0.015056249999999997,1748900334.2216873,2025/06/03 06:38:54,1520.1868250370026,25.3m,1316.4663937091827,1133.8957912921906,23.080842971801758,,
386,386,3.0226836921691893,0.3168,mean: 9.80872321331501,mean: 0.0153625,1748900337.657234,2025/06/03 06:38:57,1523.622371673584,25.4m,1319.4577147960663,1136.887211561203,23.140247583389282,,
387,387,3.0356624626159667,0.3156,mean: 9.872194542443756,mean: 0.015384374999999999,1748900341.0205774,2025/06/03 06:39:01,1526.9857151508331,25.4m,1322.3848135471344,1139.8144161701202,23.199912548065186,,
388,388,3.00800814704895,0.3254,mean: 9.783300872826574,mean: 0.015249999999999998,1748900346.54502,2025/06/03 06:39:06,1532.5101578235626,25.5m,1327.2373540401459,1142.7734951972961,23.259034156799316,3.38343491897583,0.2037
389,389,3.0000989166259764,0.3232,mean: 9.768646428906917,mean: 0.015162499999999999,1748900350.02619,2025/06/03 06:39:10,1535.9913277626038,25.6m,1330.133362531662,1145.6696100234985,23.319077730178833,,
390,390,2.9942138328552246,0.3356,mean: 9.770443328261374,mean: 0.015381250000000003,1748900353.5171518,2025/06/03 06:39:13,1539.4822895526886,25.7m,1333.1824085712433,1148.718804359436,23.3782901763916,,
391,391,2.984452994155884,0.3256,mean: 9.775785147988794,mean: 0.015318749999999999,1748900356.9581778,2025/06/03 06:39:16,1542.923315525055,25.7m,1336.178034543991,1151.7145397663116,23.437164068222046,,
392,392,2.983381341552734,0.3268,mean: 9.774297486245635,mean: 0.015481249999999995,1748900362.4635875,2025/06/03 06:39:22,1548.4287252426147,25.8m,1340.9989461898804,1154.6140055656433,23.49641442298889,3.50159351272583,0.1783
393,393,3.0068412799835205,0.3288,mean: 9.869575496244426,mean: 0.015243749999999999,1748900366.0768776,2025/06/03 06:39:26,1552.0420153141022,25.9m,1344.0230181217194,1157.638184785843,23.558616161346436,,
394,394,3.007347584915161,0.3224,mean: 9.858726649534702,mean: 0.015265624999999994,1748900369.3993945,2025/06/03 06:39:29,1555.3645322322845,25.9m,1346.9075689315796,1160.5228612422943,23.619180917739868,,
395,395,3.0335358631134035,0.3196,mean: 9.911153184497355,mean: 0.015190624999999998,1748900372.7291758,2025/06/03 06:39:32,1558.6943135261536,26.0m,1349.8041815757751,1163.4195864200592,23.67786741256714,,
396,396,3.022774700164795,0.316,mean: 9.886946050024031,mean: 0.015275,1748900378.2443585,2025/06/03 06:39:38,1564.2094962596893,26.1m,1354.641405582428,1166.3285779953003,23.737163066864014,3.3254796051025393,0.2152
397,397,2.996735387802124,0.3224,mean: 9.83553254060745,mean: 0.015415625,1748900381.7156024,2025/06/03 06:39:41,1567.6807401180267,26.1m,1357.5223362445831,1169.2096140384674,23.798707962036133,,
398,398,2.9928983180999755,0.3294,mean: 9.8415123924613,mean: 0.015231249999999995,1748900385.0556524,2025/06/03 06:39:45,1571.0207901000977,26.2m,1360.4221105575562,1172.1094996929169,23.858041524887085,,
399,399,3.013276825714111,0.3126,mean: 9.867844076907632,mean: 0.015246875000000002,1748900388.3962214,2025/06/03 06:39:48,1574.3613591194153,26.2m,1363.3266627788544,1175.0141608715057,23.91691303253174,,
400,400,3.0074784255981446,0.3254,mean: 9.84161447387934,mean: 0.015178124999999994,1748900393.8183382,2025/06/03 06:39:53,1579.7834758758545,26.3m,1368.076635837555,1177.8862574100494,23.978358507156372,3.385287117385864,0.2054
