step,epoch,train_loss,train_acc,train_path_loss,train_path_acc,val_loss,val_acc,val_path_loss,val_path_acc,param_l2norm_layer,param_l2norm,grad_l2norm_layer,grad_l2norm,dur_total_core,dur_train_core,dur_dl_train
1,1,4.521074345397949,0.0292,last: 4.704340858459473,last: 0.0137,,,,,(nested_data),159.97103881835938,(nested_data),0.832339346408844,2.4962470531463623,2.496406078338623,0.06569218635559082
2,2,4.261145941925049,0.0631,last: 4.954471797180176,last: 0.0153,4.148108031463623,0.0823,last: 6.7081470275878905,last: 0.0159,(nested_data),160.11697387695312,(nested_data),1.1022403240203857,5.756912469863892,5.007070302963257,0.1317613124847412
3,3,4.041841254425049,0.0959,last: 5.65484774017334,last: 0.0186,,,,,(nested_data),160.35971069335938,(nested_data),1.0558549165725708,8.325111389160156,7.575451850891113,0.20637059211730957
4,4,3.8597118267059325,0.1173,last: 6.293448096466064,last: 0.0187,3.8534914306640626,0.1083,last: 7.280710426330566,last: 0.0193,(nested_data),160.66067504882812,(nested_data),1.6062930822372437,11.732414960861206,10.20729947090149,0.2744455337524414
5,5,3.7135496002197264,0.1365,last: 6.986634282684326,last: 0.0213,,,,,(nested_data),160.99298095703125,(nested_data),1.8330821990966797,14.210018396377563,12.685057878494263,0.3416883945465088
6,6,3.6009592727661133,0.1516,last: 7.725451651000976,last: 0.0232,3.8704986976623537,0.122,last: 8.615106391906739,last: 0.0241,(nested_data),161.32022094726562,(nested_data),1.964111328125,17.537269115447998,15.241400241851807,0.4159080982208252
7,7,3.486564358139038,0.1677,last: 8.590697845458985,last: 0.0223,,,,,(nested_data),161.6605682373047,(nested_data),1.859836220741272,20.033217668533325,17.7375328540802,0.48373913764953613
8,8,3.400039905166626,0.1827,last: 9.50445325012207,last: 0.0216,3.49571382522583,0.1588,last: 10.113151150512696,last: 0.0225,(nested_data),162.0107879638672,(nested_data),2.0729496479034424,23.26892876625061,20.21347737312317,0.5539226531982422
9,9,3.3240413242340088,0.1903,last: 9.93660440826416,last: 0.0225,,,,,(nested_data),162.34530639648438,(nested_data),2.1719939708709717,25.760690927505493,22.705388069152832,0.6248023509979248
10,10,3.2503604106903077,0.2088,last: 10.777855657958984,last: 0.0227,3.4818282974243164,0.1777,last: 10.526166786193848,last: 0.0239,(nested_data),162.686279296875,(nested_data),2.285198926925659,28.9889132976532,25.172750234603882,0.6908900737762451
11,11,3.178239664840698,0.222,last: 11.478734400939942,last: 0.0233,,,,,(nested_data),163.04444885253906,(nested_data),2.450120687484741,31.51547646522522,27.69947385787964,0.7591457366943359
12,12,3.1160999282836914,0.2306,last: 12.209971939086914,last: 0.0225,3.389490771865845,0.1936,last: 17.315630932617186,last: 0.0228,(nested_data),163.39242553710938,(nested_data),1.9955294132232666,34.7863495349884,30.193309783935547,0.827573299407959
13,13,3.0562098098754884,0.2369,last: 12.576121862792968,last: 0.0237,,,,,(nested_data),163.74057006835938,(nested_data),2.3704521656036377,37.25572943687439,32.66284108161926,0.893531084060669
14,14,3.0053615077972413,0.2534,last: 13.112919140625,last: 0.0231,3.373417928695679,0.1926,last: 15.328443667602539,last: 0.0214,(nested_data),164.09677124023438,(nested_data),2.519286870956421,40.523470878601074,35.14239740371704,0.9601130485534668
15,15,2.9394913120269774,0.2618,last: 13.62143554534912,last: 0.0251,,,,,(nested_data),164.46458435058594,(nested_data),2.7534873485565186,43.01650643348694,37.635608196258545,1.03007173538208
16,16,2.894782404708862,0.2753,last: 13.884813415527343,last: 0.0247,3.182211937713623,0.2257,last: 22.107334259033202,last: 0.0216,(nested_data),164.83229064941406,(nested_data),2.43833589553833,46.21918272972107,40.09267258644104,1.0959665775299072
17,17,2.8337958114624024,0.286,last: 14.676466607666015,last: 0.027,,,,,(nested_data),165.2071075439453,(nested_data),2.3190414905548096,48.701987743377686,42.57563328742981,1.1638152599334717
18,18,2.7904812805175783,0.2945,last: 15.090006925964355,last: 0.0257,3.0693660362243653,0.2418,last: 11.790159170532226,last: 0.0247,(nested_data),165.58702087402344,(nested_data),2.377718925476074,51.95157265663147,45.06556463241577,1.2295336723327637
19,19,2.737224022293091,0.3031,last: 15.2694962890625,last: 0.0256,,,,,(nested_data),165.97447204589844,(nested_data),2.7221269607543945,54.513681173324585,47.62783670425415,1.296762228012085
20,20,2.704247791671753,0.3142,last: 16.008736416625975,last: 0.0247,3.0054612560272216,0.2671,last: 19.789539811706543,last: 0.0235,(nested_data),166.3498077392578,(nested_data),2.427342653274536,57.95363998413086,50.27514982223511,1.3636462688446045
21,21,2.655914198303223,0.3178,last: 16.11983446044922,last: 0.0272,,,,,(nested_data),166.7454376220703,(nested_data),2.581423044204712,60.39323854446411,52.71489715576172,1.4303615093231201
22,22,2.6100180667877195,0.3284,last: 16.608751919555665,last: 0.0259,3.1193148654937746,0.247,last: 12.24803655090332,last: 0.0299,(nested_data),167.12802124023438,(nested_data),3.083578109741211,63.63068866729736,55.19668650627136,1.4972352981567383
23,23,2.5845666904449462,0.3353,last: 16.723763107299806,last: 0.0258,,,,,(nested_data),167.5199432373047,(nested_data),2.6665759086608887,66.09370946884155,57.65986466407776,1.5647263526916504
24,24,2.534607203292847,0.3454,last: 17.110358332824706,last: 0.0267,2.95053101272583,0.2842,last: 24.971653323364258,last: 0.0235,(nested_data),167.91336059570312,(nested_data),2.790160655975342,69.3042140007019,60.11388659477234,1.632401943206787
25,25,2.5032467418670654,0.3541,last: 17.41820458984375,last: 0.0279,,,,,(nested_data),168.3087615966797,(nested_data),2.7458174228668213,71.92474937438965,62.73467040061951,1.705317735671997
26,26,2.463556599807739,0.3615,last: 17.807576162719727,last: 0.0273,2.8965902378082276,0.2826,last: 23.87117035675049,last: 0.0276,(nested_data),168.7071533203125,(nested_data),2.8924224376678467,75.24819111824036,65.29239821434021,1.778015375137329
27,27,2.4315368907928465,0.3677,last: 17.863521266174317,last: 0.0299,,,,,(nested_data),169.09986877441406,(nested_data),2.8850784301757812,77.72190475463867,67.76626539230347,1.8481519222259521
28,28,2.387164645767212,0.3794,last: 18.248051974487304,last: 0.0288,2.943963838195801,0.288,last: 24.810473571777344,last: 0.0239,(nested_data),169.50656127929688,(nested_data),2.488365650177002,80.98130583763123,70.2423312664032,1.9148859977722168
29,29,2.370010237121582,0.3809,last: 18.918882638549803,last: 0.0293,,,,,(nested_data),169.89385986328125,(nested_data),2.972153425216675,83.4391438961029,72.70033192634583,1.9819040298461914
30,30,2.3392737174987794,0.3874,last: 18.986587084960938,last: 0.0295,2.876320860671997,0.2928,last: 26.216596795654297,last: 0.0231,(nested_data),170.2969512939453,(nested_data),3.240116834640503,86.63793563842773,75.15481042861938,2.0509026050567627
31,31,2.3086040676116943,0.3889,last: 19.412308688354493,last: 0.0281,,,,,(nested_data),170.7013702392578,(nested_data),3.318636894226074,89.10463404655457,77.62165689468384,2.1165149211883545
32,32,2.284616175842285,0.3934,last: 19.699125784301756,last: 0.0294,2.9250650844573975,0.2958,last: 20.370033386230467,last: 0.0272,(nested_data),171.1049346923828,(nested_data),2.9211957454681396,92.38321280479431,80.10946536064148,2.182583808898926
33,33,2.2423937717437745,0.4127,last: 20.177490270996095,last: 0.027,,,,,(nested_data),171.5113983154297,(nested_data),2.992295980453491,94.88182783126831,82.60823655128479,2.2480781078338623
34,34,2.212901040649414,0.4113,last: 20.48389206542969,last: 0.0296,2.8017186695098877,0.3177,last: 22.223479891967774,last: 0.0275,(nested_data),171.93418884277344,(nested_data),3.1156275272369385,98.14221382141113,85.11987233161926,2.3133647441864014
35,35,2.1959085060119627,0.4197,last: 20.272656774902345,last: 0.0303,,,,,(nested_data),172.34384155273438,(nested_data),3.2351138591766357,100.6118974685669,87.5897114276886,2.3799796104431152
36,36,2.1622465003967286,0.4244,last: 20.68628903503418,last: 0.0296,2.7056378421783447,0.3286,last: 22.23784304199219,last: 0.0259,(nested_data),172.7738037109375,(nested_data),3.252620220184326,103.84848880767822,90.06320977210999,2.445777416229248
37,37,2.124394785308838,0.4334,last: 20.60530111999512,last: 0.0309,,,,,(nested_data),173.20201110839844,(nested_data),2.921605348587036,106.39289927482605,92.60780739784241,2.5161871910095215
38,38,2.0973525939941404,0.4441,last: 21.431421801757814,last: 0.032,2.866264863204956,0.3104,last: 24.565989083862306,last: 0.0315,(nested_data),173.62777709960938,(nested_data),3.06705641746521,109.65423107147217,95.09433078765869,2.5835278034210205
39,39,2.0664906047821043,0.4475,last: 21.56908715515137,last: 0.0328,,,,,(nested_data),174.05398559570312,(nested_data),3.2217917442321777,112.22132134437561,97.66162419319153,2.6539087295532227
40,40,2.0437351470947265,0.4517,last: 21.89254541320801,last: 0.031,2.8182505546569825,0.3256,last: 29.36331837463379,last: 0.0259,(nested_data),174.4857635498047,(nested_data),3.523536443710327,115.51908922195435,100.1890299320221,2.726130485534668
41,41,2.025265075302124,0.4576,last: 21.79207036437988,last: 0.0313,,,,,(nested_data),174.9306640625,(nested_data),2.806511402130127,118.00684976577759,102.67697024345398,2.794973134994507
42,42,1.9825032318115234,0.4642,last: 22.52459542541504,last: 0.0316,2.726888035964966,0.3444,last: 32.326726666259766,last: 0.0268,(nested_data),175.37001037597656,(nested_data),3.339284658432007,121.27208805084229,105.16537714004517,2.864241361618042
43,43,1.9524457317352295,0.4703,last: 22.316700274658203,last: 0.0324,,,,,(nested_data),175.81150817871094,(nested_data),2.612032890319824,123.80144357681274,107.69488596916199,2.9297282695770264
44,44,1.9267617073059082,0.4832,last: 22.750858966064452,last: 0.0327,2.8355550926208495,0.3315,last: 32.87013914794922,last: 0.0286,(nested_data),176.2508087158203,(nested_data),3.1057190895080566,127.03903770446777,110.16660284996033,2.9964492321014404
45,45,1.908727476119995,0.4813,last: 22.12374571533203,last: 0.0321,,,,,(nested_data),176.69369506835938,(nested_data),3.520043134689331,129.55098414421082,112.67871046066284,3.065361261367798
46,46,1.8801184606552124,0.4899,last: 23.236183224487306,last: 0.032,3.0131688972473145,0.3046,last: 30.441232693481446,last: 0.0276,(nested_data),177.14540100097656,(nested_data),3.376210927963257,132.8483624458313,115.19553971290588,3.131364583969116
47,47,1.8668910301208497,0.4893,last: 23.086055603027344,last: 0.0315,,,,,(nested_data),177.60618591308594,(nested_data),2.979055166244507,135.3276617527008,117.67499566078186,3.197852611541748
48,48,1.822130796432495,0.5067,last: 23.611491659545898,last: 0.0333,2.7522515518188477,0.338,last: 26.76960139160156,last: 0.0319,(nested_data),178.06166076660156,(nested_data),2.841506242752075,138.6189422607422,120.22014617919922,3.2677268981933594
49,49,1.8015527460098266,0.503,last: 23.34606295776367,last: 0.0316,,,,,(nested_data),178.5270233154297,(nested_data),2.9243619441986084,141.13690209388733,122.73831105232239,3.3370957374572754
50,50,1.7741872478485108,0.5091,last: 23.6746772064209,last: 0.0316,2.623715246582031,0.3621,last: 29.719521868896486,last: 0.0283,(nested_data),178.98243713378906,(nested_data),3.180999994277954,144.3952338695526,125.20017671585083,3.4044384956359863
51,51,1.738159806060791,0.5241,last: 23.58354885864258,last: 0.0314,,,,,(nested_data),179.44432067871094,(nested_data),2.9269988536834717,146.9281361103058,127.73326516151428,3.471041440963745
52,52,1.7240321659088136,0.5252,last: 23.9444259765625,last: 0.0341,2.708761345291138,0.3562,last: 25.357731115722657,last: 0.0313,(nested_data),179.90383911132812,(nested_data),3.334392786026001,150.16738414764404,130.19964480400085,3.5433990955352783
53,53,1.7089865413665772,0.5248,last: 24.65367406616211,last: 0.0344,,,,,(nested_data),180.36888122558594,(nested_data),3.22461199760437,152.64993810653687,132.6823534965515,3.614687442779541
54,54,1.6676735759735108,0.5353,last: 24.050388427734376,last: 0.0348,2.6961735523223878,0.3522,last: 28.961452166748046,last: 0.0291,(nested_data),180.84014892578125,(nested_data),3.5982882976531982,155.8924548625946,135.15497016906738,3.6817636489868164
55,55,1.6530309028625487,0.5436,last: 24.62006287841797,last: 0.0333,,,,,(nested_data),181.32998657226562,(nested_data),3.1274874210357666,158.48209881782532,137.74484252929688,3.752175807952881
56,56,1.6206553173065186,0.555,last: 24.62485910949707,last: 0.0348,2.674354846572876,0.3665,last: 28.428807077026367,last: 0.0324,(nested_data),181.8018341064453,(nested_data),3.594177722930908,161.85839200019836,140.33986043930054,3.8272767066955566
57,57,1.6101945808410645,0.5508,last: 25.301443829345704,last: 0.0334,,,,,(nested_data),182.27577209472656,(nested_data),3.05107045173645,164.3174753189087,142.7991166114807,3.8956263065338135
58,58,1.5811572605133057,0.5608,last: 25.195095999145508,last: 0.0345,2.7163815559387205,0.3667,last: 29.101805883789062,last: 0.0296,(nested_data),182.75608825683594,(nested_data),3.2441322803497314,167.59684538841248,145.3050844669342,3.963170051574707
59,59,1.5566898044586182,0.5695,last: 25.03878992919922,last: 0.0329,,,,,(nested_data),183.2401885986328,(nested_data),3.8671486377716064,170.1245083808899,147.83290886878967,4.033652305603027
60,60,1.5397620231628417,0.5726,last: 25.881233197021484,last: 0.0347,2.672206404495239,0.3709,last: 30.58469027709961,last: 0.0273,(nested_data),183.73028564453125,(nested_data),3.857466459274292,173.50572848320007,150.37977576255798,4.100144386291504
61,61,1.512889686203003,0.577,last: 25.209798968505858,last: 0.0353,,,,,(nested_data),184.21778869628906,(nested_data),3.456289768218994,175.98403429985046,152.85823273658752,4.167172431945801
62,62,1.5084242893218993,0.5766,last: 25.720302758789064,last: 0.0349,2.666940256500244,0.3826,last: 33.63825371704102,last: 0.0293,(nested_data),184.7052764892578,(nested_data),3.743560314178467,179.4152250289917,155.47687029838562,4.234018087387085
63,63,1.470253547477722,0.5898,last: 25.713888775634764,last: 0.0355,,,,,(nested_data),185.19381713867188,(nested_data),2.882181167602539,182.01211023330688,158.07393622398376,4.301280498504639
64,64,1.448174267578125,0.5909,last: 26.279124700927735,last: 0.035,2.7636988834381104,0.3579,last: 31.616837396240236,last: 0.03,(nested_data),185.6739044189453,(nested_data),3.7435052394866943,185.26132678985596,160.5634229183197,4.37056303024292
65,65,1.4233485038757325,0.5989,last: 26.282899182128908,last: 0.0343,,,,,(nested_data),186.16404724121094,(nested_data),3.6359212398529053,187.74116396903992,163.04340243339539,4.435760736465454
66,66,1.405730290031433,0.6067,last: 26.783013931274414,last: 0.036,3.046176661682129,0.3376,last: 54.63274520874023,last: 0.0269,(nested_data),186.65809631347656,(nested_data),4.37055778503418,191.0292627811432,165.56126952171326,4.506734609603882
67,67,1.4043760149002076,0.5999,last: 27.48432275390625,last: 0.0349,,,,,(nested_data),187.15396118164062,(nested_data),3.865220546722412,193.48581910133362,168.01798677444458,4.572306156158447
68,68,1.3758583700180054,0.6098,last: 27.45742268676758,last: 0.0374,2.8357010944366454,0.3686,last: 38.33685906982422,last: 0.0301,(nested_data),187.6425018310547,(nested_data),3.601144313812256,196.7925751209259,170.55843877792358,4.640583753585815
69,69,1.3476720539093017,0.617,last: 27.341776040649414,last: 0.0355,,,,,(nested_data),188.13442993164062,(nested_data),3.3161680698394775,199.3484697341919,173.1144983768463,4.709679126739502
70,70,1.3191379341125489,0.6212,last: 27.344725714111327,last: 0.036,2.7697976541519167,0.384,last: 33.36307622680664,last: 0.0322,(nested_data),188.63380432128906,(nested_data),3.547147512435913,202.5471830368042,175.57209873199463,4.777519226074219
71,71,1.3012304470062255,0.6307,last: 27.872907849121095,last: 0.0339,,,,,(nested_data),189.14077758789062,(nested_data),4.430731773376465,205.03622245788574,178.06130862236023,4.84551477432251
72,72,1.29908515625,0.6293,last: 27.684835385131837,last: 0.0353,2.6524688785552977,0.3978,last: 33.6677950012207,last: 0.0308,(nested_data),189.64224243164062,(nested_data),4.400749206542969,208.27689337730408,180.54971146583557,4.913863182067871
73,73,1.2770581844329834,0.6335,last: 28.662496014404297,last: 0.0352,,,,,(nested_data),190.1429901123047,(nested_data),4.323428153991699,210.7681324481964,183.0411159992218,4.983319997787476
74,74,1.248544539642334,0.6384,last: 28.15179853515625,last: 0.0349,2.7912590400695803,0.3768,last: 32.78227170410156,last: 0.032,(nested_data),190.65306091308594,(nested_data),4.033257961273193,214.06122374534607,185.52954077720642,5.050496816635132
75,75,1.232153265953064,0.6403,last: 28.648340020751952,last: 0.0355,,,,,(nested_data),191.1610565185547,(nested_data),3.2762532234191895,216.52343940734863,187.9919149875641,5.117504358291626
76,76,1.1912746421813964,0.6564,last: 28.727611877441408,last: 0.0364,2.8052522247314453,0.3855,last: 41.98591877441406,last: 0.0286,(nested_data),191.6577911376953,(nested_data),3.021103858947754,219.7528896331787,190.45286417007446,5.18436336517334
77,77,1.178620008277893,0.6608,last: 28.872929010009766,last: 0.0351,,,,,(nested_data),192.1619873046875,(nested_data),3.7590980529785156,222.35335326194763,193.05349850654602,5.251078367233276
78,78,1.163196666908264,0.6685,last: 29.171766702270506,last: 0.0345,2.838942543029785,0.3861,last: 38.23154481811523,last: 0.0282,(nested_data),192.6708221435547,(nested_data),3.8023459911346436,225.73090314865112,195.65395998954773,5.318438291549683
79,79,1.1563374893188476,0.6675,last: 29.278372772216798,last: 0.0339,,,,,(nested_data),193.17630004882812,(nested_data),4.1373209953308105,228.3643820285797,198.28760147094727,5.3854286670684814
80,80,1.1407826183319092,0.6716,last: 29.674875390625,last: 0.0363,2.895712127304077,0.3851,last: 52.70392218017578,last: 0.0268,(nested_data),193.67686462402344,(nested_data),3.9444022178649902,231.74649810791016,200.90358781814575,5.45286750793457
81,81,1.142021880531311,0.6688,last: 30.22759779663086,last: 0.0346,,,,,(nested_data),194.17807006835938,(nested_data),4.471137523651123,234.2115182876587,203.36877536773682,5.523492813110352
82,82,1.1121901624679564,0.6779,last: 29.921192642211913,last: 0.0334,2.8140031730651853,0.3849,last: 45.713885064697266,last: 0.0288,(nested_data),194.69358825683594,(nested_data),3.99250864982605,237.40788221359253,205.80981373786926,5.58884334564209
83,83,1.0896014261245728,0.6905,last: 30.274689978027343,last: 0.0351,,,,,(nested_data),195.19606018066406,(nested_data),4.447595596313477,239.899338722229,208.3014430999756,5.660048246383667
84,84,1.0762239786148071,0.6927,last: 30.168293408203127,last: 0.034,2.8758777481079103,0.3793,last: 34.48841896362305,last: 0.033,(nested_data),195.7066192626953,(nested_data),4.0485615730285645,243.1127495765686,210.767409324646,5.72831392288208
85,85,1.050843264579773,0.6979,last: 30.634675616455077,last: 0.0372,,,,,(nested_data),196.21072387695312,(nested_data),4.814533710479736,245.64218544960022,213.2970449924469,5.797693967819214
86,86,1.063894101524353,0.6902,last: 31.255506497192382,last: 0.0352,2.9158572299957277,0.3735,last: 37.91260769958496,last: 0.0307,(nested_data),196.71044921875,(nested_data),3.4035401344299316,248.96789169311523,215.8254017829895,5.864912986755371
87,87,0.9946516380310059,0.7136,last: 31.141232348632812,last: 0.0379,,,,,(nested_data),197.21841430664062,(nested_data),4.37245512008667,251.38020300865173,218.23786807060242,5.930817127227783
88,88,1.0074972620010376,0.7046,last: 31.745340994262694,last: 0.0351,2.778702170562744,0.3973,last: 36.450698046875,last: 0.0302,(nested_data),197.7273406982422,(nested_data),3.6810593605041504,254.65067172050476,220.7251274585724,5.998418569564819
89,89,0.9774721565246582,0.7132,last: 31.63903342590332,last: 0.0352,,,,,(nested_data),198.2244873046875,(nested_data),4.726166248321533,257.12291955947876,223.19753241539001,6.064392805099487
90,90,0.9636319625854493,0.7161,last: 31.117218869018554,last: 0.0364,2.941714874649048,0.3869,last: 45.011225708007814,last: 0.0289,(nested_data),198.73658752441406,(nested_data),4.779815673828125,260.5185601711273,225.73808574676514,6.134252071380615
91,91,0.9605408666610717,0.7194,last: 32.16745123291015,last: 0.0357,,,,,(nested_data),199.24807739257812,(nested_data),4.528696537017822,263.16635179519653,228.3861153125763,6.205014944076538
92,92,0.9630519018173218,0.717,last: 31.936601794433592,last: 0.0356,2.9092032642364503,0.3956,last: 42.269844500732425,last: 0.0289,(nested_data),199.7512664794922,(nested_data),2.849555253982544,266.4857335090637,230.93276929855347,6.276254892349243
93,93,0.9043959524154663,0.732,last: 31.760404901123046,last: 0.0359,,,,,(nested_data),200.23841857910156,(nested_data),4.768605709075928,268.9714603424072,233.41865706443787,6.3532633781433105
94,94,0.916362089920044,0.7277,last: 32.795182104492184,last: 0.036,2.879038455581665,0.3847,last: 38.61393952026367,last: 0.0318,(nested_data),200.7406463623047,(nested_data),4.697745323181152,272.2313096523285,235.8995270729065,6.428416013717651
95,95,0.8855111322402954,0.7351,last: 33.32638157348633,last: 0.0356,,,,,(nested_data),201.25387573242188,(nested_data),4.04035758972168,274.70241355895996,238.37079691886902,6.495821714401245
96,96,0.8777873998641967,0.7406,last: 33.162814532470705,last: 0.0356,2.884014867210388,0.3974,last: 44.28212250366211,last: 0.0313,(nested_data),201.748291015625,(nested_data),4.098040580749512,277.950199842453,240.8449192047119,6.56474494934082
97,97,0.8405472131729126,0.7539,last: 33.850857821655275,last: 0.0362,,,,,(nested_data),202.2351837158203,(nested_data),4.138535976409912,280.50643968582153,243.40135717391968,6.637610673904419
98,98,0.8368487926483155,0.7556,last: 33.940631427001954,last: 0.0374,2.881006335067749,0.398,last: 43.947339880371096,last: 0.0318,(nested_data),202.7220001220703,(nested_data),3.4852988719940186,283.9385061264038,245.96023297309875,6.7082319259643555
99,99,0.8068549081802369,0.7616,last: 34.151567749023435,last: 0.0383,,,,,(nested_data),203.20523071289062,(nested_data),5.014184474945068,286.41654229164124,248.43843412399292,6.780085325241089
100,100,0.831727724647522,0.7545,last: 34.241507333374024,last: 0.0375,3.0096375799179076,0.3902,last: 41.368685699462894,last: 0.0309,(nested_data),203.71511840820312,(nested_data),4.560698509216309,289.75038504600525,250.9555788040161,6.849875211715698
101,101,0.8104850490570068,0.7585,last: 34.61196210632324,last: 0.0347,,,,,(nested_data),204.2060089111328,(nested_data),4.363692283630371,292.2554748058319,253.46083879470825,6.916384696960449
102,102,0.7741063270568848,0.7746,last: 34.4752139831543,last: 0.0379,3.0106348403930663,0.3916,last: 50.617194860839845,last: 0.0296,(nested_data),204.69448852539062,(nested_data),4.2243428230285645,295.483243227005,255.94013094902039,6.983759164810181
103,103,0.7692877805709839,0.7696,last: 35.100578692626954,last: 0.036,,,,,(nested_data),205.1825408935547,(nested_data),4.717619895935059,297.98709535598755,258.4441719055176,7.050572633743286
104,104,0.7819463033676147,0.7673,last: 34.79978000488281,last: 0.0361,3.031056950378418,0.3911,last: 48.5422649230957,last: 0.0285,(nested_data),205.68350219726562,(nested_data),4.704995155334473,301.3034987449646,260.9422883987427,7.118492841720581
105,105,0.7565496269226074,0.7746,last: 34.78483311767578,last: 0.0369,,,,,(nested_data),206.17579650878906,(nested_data),3.823125123977661,303.86422061920166,263.50319933891296,7.185818672180176
106,106,0.7249422723770141,0.7876,last: 35.28780065917969,last: 0.0364,3.02093638381958,0.3958,last: 46.83429044799805,last: 0.0304,(nested_data),206.64810180664062,(nested_data),4.241979598999023,307.28448367118835,266.0978002548218,7.255910396575928
107,107,0.7089509187698364,0.7945,last: 35.239646978759765,last: 0.0355,,,,,(nested_data),207.11703491210938,(nested_data),4.303496360778809,310.00077056884766,268.81431126594543,7.333085298538208
108,108,0.6943549621582031,0.797,last: 36.33138091430664,last: 0.0362,2.9465309440612795,0.4016,last: 47.55907261352539,last: 0.0314,(nested_data),207.59664916992188,(nested_data),4.336277961730957,313.5593476295471,271.54850578308105,7.404023170471191
109,109,0.6881050626754761,0.7949,last: 35.913393096923826,last: 0.035,,,,,(nested_data),208.06922912597656,(nested_data),5.119214057922363,316.31677770614624,274.30616521835327,7.476367712020874
110,110,0.6829457321166992,0.7978,last: 37.14622944946289,last: 0.0344,3.0823749084472656,0.3934,last: 50.92894282836914,last: 0.03,(nested_data),208.5495147705078,(nested_data),4.3150315284729,319.85757970809937,276.98046040534973,7.5503809452056885
111,111,0.67020986328125,0.8004,last: 36.51491284179688,last: 0.0352,,,,,(nested_data),209.0088348388672,(nested_data),4.758661270141602,322.4246275424957,279.5477156639099,7.625171422958374
112,112,0.638448967552185,0.8119,last: 35.96204173583985,last: 0.0353,3.0401718383789063,0.3995,last: 47.47748630371094,last: 0.0345,(nested_data),209.47760009765625,(nested_data),4.853170394897461,325.7494525909424,282.0674078464508,7.698388576507568
113,113,0.6743258897781372,0.8026,last: 37.24188692016602,last: 0.036,,,,,(nested_data),209.9495849609375,(nested_data),3.869957208633423,328.2397553920746,284.55791187286377,7.76724910736084
114,114,0.6194546150207519,0.8133,last: 37.33858554382324,last: 0.037,3.202911112976074,0.3963,last: 53.251590600585935,last: 0.0316,(nested_data),210.40249633789062,(nested_data),5.28857946395874,331.51809096336365,287.0688147544861,7.837933301925659
115,115,0.6654141237258911,0.8026,last: 37.468460867309574,last: 0.0369,,,,,(nested_data),210.87576293945312,(nested_data),3.8464770317077637,334.02367067337036,289.5745995044708,7.907928705215454
116,116,0.6219543885231018,0.8126,last: 37.9092263671875,last: 0.0371,3.173069449996948,0.4011,last: 46.37558853759766,last: 0.03,(nested_data),211.31497192382812,(nested_data),3.6340386867523193,337.32639169692993,292.04952597618103,7.977060079574585
117,117,0.5900897378921509,0.8252,last: 37.337641259765626,last: 0.0355,,,,,(nested_data),211.74853515625,(nested_data),4.468481540679932,339.8233640193939,294.54668831825256,8.04731011390686
118,118,0.5857565276145935,0.8276,last: 37.23347232055664,last: 0.0364,3.0503062160491945,0.4121,last: 56.121036755371094,last: 0.0301,(nested_data),212.19363403320312,(nested_data),4.080126762390137,343.0678470134735,297.03714895248413,8.115554571151733
119,119,0.5658257287025452,0.8332,last: 38.344412548828124,last: 0.0373,,,,,(nested_data),212.63644409179688,(nested_data),4.6177978515625,345.5726146697998,299.5421133041382,8.193662881851196
120,120,0.5735147115707397,0.8321,last: 38.15879782104492,last: 0.0378,3.1228156757354735,0.4032,last: 53.37905657348633,last: 0.0318,(nested_data),213.0833282470703,(nested_data),3.5834720134735107,348.88951539993286,302.03082370758057,8.262170314788818
121,121,0.5292967868804932,0.8445,last: 37.902283209228514,last: 0.0376,,,,,(nested_data),213.4966583251953,(nested_data),4.491247653961182,351.48723459243774,304.6287260055542,8.334948539733887
122,122,0.5376690475463867,0.843,last: 39.16513483581543,last: 0.0357,3.098219868469238,0.3995,last: 53.4337616821289,last: 0.0306,(nested_data),213.92620849609375,(nested_data),5.195256233215332,354.957905292511,307.2409417629242,8.405023336410522
123,123,0.5713476016998291,0.826,last: 38.4170287475586,last: 0.0364,,,,,(nested_data),214.36737060546875,(nested_data),5.31166410446167,357.5584659576416,309.8417398929596,8.47671127319336
124,124,0.5702800922393799,0.8291,last: 38.49713829956055,last: 0.036,3.3555710529327394,0.3861,last: 59.01949261474609,last: 0.0294,(nested_data),214.81753540039062,(nested_data),5.246882438659668,360.8716866970062,312.3664755821228,8.54613471031189
125,125,0.5554356456756592,0.834,last: 39.28597161254883,last: 0.0368,,,,,(nested_data),215.2639617919922,(nested_data),5.103105068206787,363.3874480724335,314.88245391845703,8.625853538513184
126,126,0.5507971460342407,0.8376,last: 39.32920443115234,last: 0.0362,3.321347064208984,0.3897,last: 49.38587188720703,last: 0.0307,(nested_data),215.70018005371094,(nested_data),4.921347618103027,366.69891834259033,317.39518642425537,8.699480533599854
127,127,0.5091568788528442,0.8513,last: 39.71125110473633,last: 0.0368,,,,,(nested_data),216.1255645751953,(nested_data),3.7766783237457275,369.20444416999817,319.90090227127075,8.76780080795288
128,128,0.4773869409561157,0.8609,last: 39.613610076904294,last: 0.0392,3.234207611465454,0.4093,last: 52.147295458984374,last: 0.0326,(nested_data),216.52076721191406,(nested_data),3.4117231369018555,372.46523451805115,322.37710428237915,8.836011171340942
129,129,0.46120665588378906,0.866,last: 39.50938690185547,last: 0.0384,,,,,(nested_data),216.906982421875,(nested_data),5.057058334350586,375.01235008239746,324.9244043827057,8.904532670974731
130,130,0.4771750003814697,0.8599,last: 39.028386114501956,last: 0.0373,3.21767763671875,0.4042,last: 49.18722762451172,last: 0.0305,(nested_data),217.32144165039062,(nested_data),4.512816429138184,378.452050447464,327.514422416687,8.978559017181396
131,131,0.48838876247406005,0.8555,last: 39.42850477294922,last: 0.0381,,,,,(nested_data),217.72396850585938,(nested_data),5.343433380126953,381.06074500083923,330.1233365535736,9.050714254379272
132,132,0.4897925386428833,0.8566,last: 39.52782816772461,last: 0.0366,3.2102067741394045,0.4158,last: 55.356009289550784,last: 0.0299,(nested_data),218.14767456054688,(nested_data),5.039522171020508,384.492228269577,332.75349473953247,9.1252920627594
133,133,0.4668437051773071,0.8607,last: 39.981804876708985,last: 0.0372,,,,,(nested_data),218.55970764160156,(nested_data),4.384251594543457,387.0657823085785,335.32728481292725,9.201016664505005
134,134,0.43386782894134523,0.8764,last: 40.109959448242186,last: 0.0359,3.3242552661895752,0.3949,last: 49.16693060913086,last: 0.0314,(nested_data),218.94351196289062,(nested_data),5.4015960693359375,390.447548866272,337.90475034713745,9.273263216018677
135,135,0.44945959758758547,0.8709,last: 39.84741492919922,last: 0.0367,,,,,(nested_data),219.34022521972656,(nested_data),5.358563423156738,393.0947551727295,340.55218863487244,9.34427285194397
136,136,0.4498149908065796,0.8678,last: 40.60657078857422,last: 0.0376,3.1579246536254884,0.4114,last: 56.09987385253906,last: 0.0341,(nested_data),219.74452209472656,(nested_data),3.454184055328369,396.5645475387573,343.2130160331726,9.417375802993774
137,137,0.39583699445724485,0.8861,last: 39.465773599243164,last: 0.0384,,,,,(nested_data),220.09579467773438,(nested_data),3.5298447608947754,399.19990491867065,345.84861493110657,9.4915189743042
138,138,0.3863579320907593,0.8906,last: 40.12210244750977,last: 0.0382,3.2237677474975586,0.4148,last: 52.218905908203126,last: 0.0315,(nested_data),220.4541778564453,(nested_data),4.741297721862793,402.6846721172333,348.47964811325073,9.563994407653809
139,139,0.4081571542739868,0.8796,last: 40.01945223693848,last: 0.0373,,,,,(nested_data),220.82821655273438,(nested_data),5.658423900604248,405.357586145401,351.1528100967407,9.645464181900024
140,140,0.42241304035186766,0.8739,last: 39.85802731323242,last: 0.04,3.194388203430176,0.417,last: 53.58866961669922,last: 0.0312,(nested_data),221.2193145751953,(nested_data),4.88502311706543,408.75491070747375,353.7330107688904,9.71958065032959
141,141,0.3977117396354675,0.8825,last: 40.45903673706054,last: 0.0376,,,,,(nested_data),221.59117126464844,(nested_data),3.9273509979248047,411.1903398036957,356.16862392425537,9.789665222167969
142,142,0.3661372115135193,0.896,last: 40.886130712890626,last: 0.0396,3.1822188617706297,0.4231,last: 55.69042444458008,last: 0.0339,(nested_data),221.93832397460938,(nested_data),3.9757866859436035,414.4389832019806,358.6502413749695,9.859385251998901
143,143,0.3701699182510376,0.8938,last: 40.868373889160154,last: 0.0387,,,,,(nested_data),222.27601623535156,(nested_data),4.268429756164551,416.9594373703003,361.17085695266724,9.92940092086792
144,144,0.3657696601867676,0.8912,last: 41.424002172851566,last: 0.0394,3.3145196041107177,0.4161,last: 50.44927865600586,last: 0.0343,(nested_data),222.6230010986328,(nested_data),3.762420177459717,420.1980195045471,363.6468529701233,9.995908737182617
145,145,0.34840169944763183,0.8976,last: 41.86170875854492,last: 0.0389,,,,,(nested_data),222.956787109375,(nested_data),5.726585388183594,422.6515598297119,366.1005425453186,10.063688278198242
146,146,0.40372331466674805,0.8787,last: 40.45782681884766,last: 0.039,3.3220333229064942,0.411,last: 53.37005690917969,last: 0.0332,(nested_data),223.33993530273438,(nested_data),4.595756530761719,425.9158489704132,368.58861565589905,10.130796194076538
147,147,0.38052661056518555,0.8885,last: 41.175122302246095,last: 0.0378,,,,,(nested_data),223.6930694580078,(nested_data),5.823217391967773,428.37359046936035,371.0465078353882,10.196819305419922
148,148,0.39634909467697144,0.8831,last: 41.44879652099609,last: 0.0391,3.2702262523651124,0.4145,last: 52.7572642578125,last: 0.0343,(nested_data),224.0731658935547,(nested_data),2.1591007709503174,431.585312128067,373.5189986228943,10.262510299682617
149,149,0.31087066135406494,0.9137,last: 41.99547465820312,last: 0.0414,,,,,(nested_data),224.3729705810547,(nested_data),4.243277072906494,434.14042806625366,376.07429671287537,10.333691835403442
150,150,0.3370291480064392,0.9037,last: 42.47909425048828,last: 0.0401,3.3681487186431887,0.4144,last: 57.162319750976565,last: 0.0331,(nested_data),224.70164489746094,(nested_data),3.6120991706848145,437.68675565719604,378.74580240249634,10.40350341796875
151,151,0.3308917058944702,0.9017,last: 42.259089947509764,last: 0.0386,,,,,(nested_data),225.01730346679688,(nested_data),5.075163841247559,440.31384658813477,381.373126745224,10.475144386291504
152,152,0.33646612911224366,0.905,last: 43.06382735595703,last: 0.0379,3.4874121086120606,0.4032,last: 68.9349954711914,last: 0.0307,(nested_data),225.35447692871094,(nested_data),5.568178653717041,443.7614848613739,384.02669525146484,10.546054363250732
153,153,0.3374576435089111,0.9009,last: 43.4656494140625,last: 0.0383,,,,,(nested_data),225.70372009277344,(nested_data),5.580837249755859,446.4255020618439,386.69097089767456,10.618556499481201
154,154,0.33732682111263274,0.9053,last: 42.983886041259765,last: 0.0397,3.2649274658203127,0.4234,last: 52.14709420776367,last: 0.0354,(nested_data),226.0543670654297,(nested_data),2.1449177265167236,449.9492099285126,389.38133692741394,10.6921546459198
155,155,0.27371111822128297,0.9277,last: 42.76441093139648,last: 0.0387,,,,,(nested_data),226.3226776123047,(nested_data),5.184049129486084,452.4495105743408,391.8818051815033,10.761439561843872
156,156,0.31008812398910524,0.9126,last: 42.60979966430664,last: 0.0375,3.482193450546265,0.4126,last: 58.46307963867188,last: 0.0337,(nested_data),226.64854431152344,(nested_data),5.270351409912109,455.7565104961395,394.40865087509155,10.828077793121338
157,157,0.3270256908893585,0.9055,last: 43.64443790283203,last: 0.0391,,,,,(nested_data),226.97348022460938,(nested_data),3.8323116302490234,458.36062836647034,397.0129840373993,10.902620315551758
158,158,0.2808844232559204,0.9198,last: 42.950791748046875,last: 0.0382,3.3748671646118162,0.4144,last: 57.830858612060545,last: 0.0334,(nested_data),227.2620086669922,(nested_data),4.773205280303955,461.7307024002075,399.5963337421417,10.973361015319824
159,159,0.2905764973640442,0.9148,last: 44.289040423583984,last: 0.0387,,,,,(nested_data),227.5645294189453,(nested_data),4.148451805114746,464.3291561603546,402.19502210617065,11.045284986495972
160,160,0.29511488885879517,0.9153,last: 43.527255975341795,last: 0.0364,3.3395937759399414,0.4268,last: 58.24599996337891,last: 0.0338,(nested_data),227.86026000976562,(nested_data),4.635828018188477,467.83871698379517,404.8340516090393,11.117434024810791
161,161,0.29636127052307126,0.9134,last: 43.86798350219726,last: 0.0393,,,,,(nested_data),228.1665496826172,(nested_data),6.373716354370117,470.4618880748749,407.4574410915375,11.190912246704102
162,162,0.3369737766265869,0.8974,last: 43.35783098754883,last: 0.0394,3.432668753051758,0.4141,last: 58.98887540893555,last: 0.0294,(nested_data),228.52105712890625,(nested_data),4.390163421630859,473.9475152492523,410.079617023468,11.263427734375
163,163,0.2849357325553894,0.9196,last: 42.85803236694336,last: 0.0381,,,,,(nested_data),228.82012939453125,(nested_data),3.7381529808044434,476.43684220314026,412.5691316127777,11.333359956741333
164,164,0.25091257877349854,0.9307,last: 44.24035053100586,last: 0.0391,3.446782772064209,0.4158,last: 57.32820938720703,last: 0.033,(nested_data),229.09051513671875,(nested_data),6.13300085067749,479.8437111377716,415.17825961112976,11.40375542640686
165,165,0.31837043952941896,0.9022,last: 44.05267830200195,last: 0.0393,,,,,(nested_data),229.42620849609375,(nested_data),5.742612361907959,482.4225227832794,417.7572889328003,11.47501254081726
166,166,0.3023821653366089,0.9144,last: 44.801947686767576,last: 0.0371,3.452510576248169,0.4146,last: 52.05779362792969,last: 0.0342,(nested_data),229.7523956298828,(nested_data),5.374119281768799,485.8113956451416,420.3229343891144,11.547188520431519
167,167,0.29549024982452393,0.9143,last: 44.981605407714845,last: 0.0384,,,,,(nested_data),230.0545654296875,(nested_data),4.937228202819824,488.3788101673126,422.89057302474976,11.619145154953003
168,168,0.274619743347168,0.9235,last: 45.11319242553711,last: 0.0392,3.4975418491363524,0.411,last: 59.885582745361326,last: 0.0338,(nested_data),230.33738708496094,(nested_data),5.824431419372559,491.7891294956207,425.4824297428131,11.69606637954712
169,169,0.30683539810180666,0.9088,last: 44.021507507324216,last: 0.0405,,,,,(nested_data),230.6507568359375,(nested_data),5.910048484802246,494.23504996299744,427.9285011291504,11.76178503036499
170,170,0.292886140537262,0.9128,last: 44.43175595703125,last: 0.0409,3.510874390792847,0.4162,last: 53.880324572753906,last: 0.0334,(nested_data),230.96607971191406,(nested_data),4.958611488342285,497.49370408058167,430.36568689346313,11.826965808868408
171,171,0.2844231882095337,0.9139,last: 44.00025157470703,last: 0.0416,,,,,(nested_data),231.25634765625,(nested_data),4.87411642074585,499.96988892555237,432.8420240879059,11.893384218215942
172,172,0.2799080665588379,0.9182,last: 45.42191094970703,last: 0.0372,3.4381542503356934,0.4139,last: 58.96058770751953,last: 0.0336,(nested_data),231.53216552734375,(nested_data),3.972913980484009,503.18015909194946,435.2972004413605,11.959847211837769
173,173,0.24662483253479003,0.9327,last: 44.84520230102539,last: 0.0401,,,,,(nested_data),231.78758239746094,(nested_data),6.194414138793945,505.63438749313354,437.7515723705292,12.025046348571777
174,174,0.28117853984832764,0.9185,last: 44.789419689941404,last: 0.0386,3.500555829620361,0.4137,last: 61.621775274658205,last: 0.0331,(nested_data),232.0975341796875,(nested_data),3.984114646911621,508.8844220638275,440.23925971984863,12.09431791305542
175,175,0.21890656671524047,0.9394,last: 45.66075952758789,last: 0.0391,,,,,(nested_data),232.3383331298828,(nested_data),3.8189799785614014,511.348797082901,442.7037887573242,12.161211729049683
176,176,0.2256757743835449,0.9384,last: 45.69681262817383,last: 0.0386,3.460361365890503,0.4199,last: 54.85676767578125,last: 0.0341,(nested_data),232.57899475097656,(nested_data),3.989758253097534,514.5746462345123,445.1836142539978,12.22673749923706
177,177,0.22252851343154909,0.9419,last: 45.529363775634764,last: 0.0395,,,,,(nested_data),232.81846618652344,(nested_data),3.7220346927642822,517.0358583927155,447.64497804641724,12.291816711425781
178,178,0.2091789200782776,0.9433,last: 45.38411958618164,last: 0.0405,3.455188472747803,0.4285,last: 60.65349239501953,last: 0.0329,(nested_data),233.0419921875,(nested_data),3.8750462532043457,520.3119246959686,450.1426396369934,12.359557390213013
179,179,0.2064955189704895,0.9432,last: 46.07441597290039,last: 0.0384,,,,,(nested_data),233.26419067382812,(nested_data),4.295696258544922,522.7987749576569,452.6296429634094,12.4240140914917
180,180,0.2135092306613922,0.9391,last: 45.84059237670898,last: 0.0406,3.475890512084961,0.4334,last: 57.70348756713867,last: 0.0338,(nested_data),233.49412536621094,(nested_data),2.4677183628082275,526.0057818889618,455.0618085861206,12.489635467529297
181,181,0.18382800893783569,0.9501,last: 45.716558544921874,last: 0.0396,,,,,(nested_data),233.68418884277344,(nested_data),5.895116806030273,528.4595828056335,457.5157573223114,12.557604551315308
182,182,0.2569608330726624,0.925,last: 45.937243005371094,last: 0.0379,3.6079456871032716,0.4064,last: 61.99599591064453,last: 0.0324,(nested_data),233.96226501464844,(nested_data),4.939979076385498,531.7172989845276,459.9721791744232,12.623671770095825
183,183,0.24198648500442504,0.9285,last: 45.554848657226565,last: 0.0384,,,,,(nested_data),234.22303771972656,(nested_data),5.1064534187316895,534.204992055893,462.4600315093994,12.68991208076477
184,184,0.22968344655036926,0.9317,last: 45.60557001953125,last: 0.0396,3.494124656677246,0.4256,last: 64.94688712158204,last: 0.0313,(nested_data),234.47572326660156,(nested_data),3.6016576290130615,537.3820853233337,464.8937849998474,12.755955219268799
185,185,0.1939758111000061,0.9474,last: 45.38099273071289,last: 0.0406,,,,,(nested_data),234.68060302734375,(nested_data),3.6972806453704834,539.8319735527039,467.3438286781311,12.82370638847351
186,186,0.18564577560424805,0.9499,last: 45.20376636352539,last: 0.0405,3.6394932960510253,0.413,last: 60.43580531005859,last: 0.0322,(nested_data),234.88560485839844,(nested_data),4.981899261474609,543.0155143737793,469.77309107780457,12.890730142593384
187,187,0.21600670375823974,0.9369,last: 46.17194384765625,last: 0.039,,,,,(nested_data),235.13075256347656,(nested_data),5.069117546081543,545.5188231468201,472.27655839920044,12.957632303237915
188,188,0.22289343605041503,0.9336,last: 46.5389533569336,last: 0.0384,3.6674867164611817,0.4084,last: 65.78711770019531,last: 0.0315,(nested_data),235.37745666503906,(nested_data),5.583038330078125,548.7706282138824,474.7735917568207,13.027037620544434
189,189,0.24186361594200134,0.9308,last: 46.35600247192383,last: 0.0378,,,,,(nested_data),235.6357421875,(nested_data),3.805581569671631,551.2465116977692,477.2496316432953,13.091980934143066
190,190,0.19204543962478637,0.9472,last: 46.98071192626953,last: 0.0393,3.560599760437012,0.4189,last: 60.333518579101565,last: 0.0325,(nested_data),235.84347534179688,(nested_data),5.27180814743042,554.4578652381897,479.7117350101471,13.156935214996338
191,191,0.21133553409576417,0.9382,last: 46.473916052246096,last: 0.0391,,,,,(nested_data),236.08119201660156,(nested_data),3.4401235580444336,556.9141063690186,482.1681098937988,13.22473430633545
192,192,0.1807472710609436,0.9526,last: 46.74518873901367,last: 0.0418,3.476728628540039,0.4317,last: 62.1707209350586,last: 0.0317,(nested_data),236.2744903564453,(nested_data),2.6351590156555176,560.1880593299866,484.6353030204773,13.291000366210938
193,193,0.1686572756767273,0.9569,last: 47.54744722900391,last: 0.0397,,,,,(nested_data),236.44813537597656,(nested_data),6.035890102386475,562.6263725757599,487.07376503944397,13.357493162155151
194,194,0.22426290278434755,0.937,last: 46.8877981262207,last: 0.0392,3.548165079498291,0.4254,last: 58.15001244506836,last: 0.0358,(nested_data),236.7080078125,(nested_data),3.402303457260132,565.8233320713043,489.47164583206177,13.4236478805542
195,195,0.17264561109542848,0.9516,last: 46.56105921630859,last: 0.0389,,,,,(nested_data),236.89634704589844,(nested_data),3.9547011852264404,568.2881505489349,491.9366068840027,13.488160848617554
196,196,0.174846190738678,0.9531,last: 46.870565197753905,last: 0.0383,3.5677580375671387,0.4312,last: 59.957713940429684,last: 0.0347,(nested_data),237.0878143310547,(nested_data),3.7756099700927734,571.7430744171143,494.4287385940552,13.553237915039062
197,197,0.1755751811027527,0.9503,last: 46.609702368164065,last: 0.042,,,,,(nested_data),237.27281188964844,(nested_data),6.57913875579834,574.2179799079895,496.90378642082214,13.61908745765686
198,198,0.24119144554138183,0.9277,last: 47.3374396484375,last: 0.0404,3.780613043212891,0.4064,last: 64.71712476806641,last: 0.033,(nested_data),237.55580139160156,(nested_data),6.339101314544678,577.4273021221161,499.3444080352783,13.684229850769043
199,199,0.23852291951179505,0.9319,last: 46.958531341552735,last: 0.0394,,,,,(nested_data),237.823974609375,(nested_data),3.6816086769104004,579.9805653095245,501.89783453941345,13.749980211257935
200,200,0.17336210856437684,0.9514,last: 46.90187192993164,last: 0.0415,3.515317379760742,0.4351,last: 61.1164345703125,last: 0.0338,(nested_data),238.01309204101562,(nested_data),3.3069570064544678,583.1809704303741,504.34745383262634,13.815403461456299
