step,epoch,lr,train_loss,train_acc,val_loss,val_acc,dur_total_core,dur_total_core_fmt,dur_train_core,dur_train_core_fmt,dur_total,dur_total_fmt,dur_train,dur_train_fmt,progress
1,1,0.1,3.8051798011779785,0.1163,,,11.449251174926758,11.4s,11.451315641403198,11.5s,17.86255717277527,17.9s,17.86256456375122,17.9s,0.5%
2,2,0.09999383162408304,3.000338903121948,0.24492,2.7617509704589844,0.2904,17.840633869171143,17.8s,15.671753644943237,15.7s,37.37460994720459,37.4s,28.46962881088257,28.5s,1.0%
3,3,0.09997532801828658,2.425064586105347,0.35938,,,22.052236795425415,22.1s,19.885201930999756,19.9s,47.926368951797485,47.9s,39.0213942527771,39.0s,1.5%
4,4,0.09994449374809851,2.0532785400009157,0.44358,2.3462663619995117,0.4013,26.567291975021362,26.6s,24.075628519058228,24.1s,59.87129235267639,59.9s,49.499245405197144,49.5s,2.0%
5,5,0.09990133642141359,1.82140814453125,0.49208,,,30.78184747695923,30.8s,28.292465686798096,28.3s,70.35814881324768,1.2m,59.98610854148865,60.0s,2.5%
6,6,0.09984586668665642,1.6754173120880127,0.52832,1.8547548706054688,0.4901,35.350045680999756,35.4s,32.569727659225464,32.6s,82.19040417671204,1.4m,70.52117586135864,1.2m,3.0%
7,7,0.09977809823015402,1.57292820476532,0.5556,,,39.57593584060669,39.6s,36.79761528968811,36.8s,92.72505831718445,1.5m,81.05583429336548,1.4m,3.5%
8,8,0.09969804777275901,1.496539031906128,0.57562,1.8622728424072266,0.4996,44.05999135971069,44.1s,40.98041820526123,41.0s,104.52286553382874,1.7m,91.5660297870636,1.5m,4.0%
9,9,0.09960573506572391,1.4273186631011963,0.5913,,,48.293758392333984,48.3s,45.21630907058716,45.2s,115.13534832000732,1.9m,102.1785249710083,1.7m,4.5%
10,10,0.09950118288582789,1.3805298906707764,0.60446,1.7557997604370117,0.5294,52.80933666229248,52.8s,49.43415427207947,49.4s,127.19282412528992,2.1m,112.9423394203186,1.9m,5.0%
11,11,0.09938441702975691,1.3380169287109376,0.61764,,,57.04269003868103,57.0s,53.669569969177246,53.7s,137.69209837913513,2.3m,123.44162178039551,2.1m,5.5%
12,12,0.09925546630773871,1.3007858078765868,0.62426,1.7924223999023436,0.529,61.58090615272522,1.0m,57.91574454307556,57.9s,149.49746799468994,2.5m,133.93026900291443,2.2m,6.0%
13,13,0.09911436253643445,1.264793525352478,0.6352,,,65.9000997543335,1.1m,62.23715567588806,1.0m,160.04952692985535,2.7m,144.48233318328857,2.4m,6.5%
14,14,0.0989611405310883,1.2425663361740111,0.6395,1.7560827377319337,0.5378,70.44552826881409,1.2m,66.48159575462341,1.1m,171.90732407569885,2.9m,155.02692985534668,2.6m,7.0%
15,15,0.09879583809693739,1.214482529220581,0.64816,,,74.70040893554688,1.2m,70.73863792419434,1.2m,182.44131422042847,3.0m,165.56092596054077,2.8m,7.5%
16,16,0.09861849601988384,1.1884285717010499,0.65562,1.8449630981445313,0.5273,79.25073003768921,1.3m,74.9956111907959,1.2m,194.2745656967163,3.2m,176.09872770309448,2.9m,8.0%
17,17,0.09842915805643157,1.1686826541519164,0.65778,,,83.48132514953613,1.4m,79.22824501991272,1.3m,204.80202293395996,3.4m,186.62619185447693,3.1m,8.5%
18,18,0.09822787092288993,1.1554446904754638,0.66238,1.777334017944336,0.541,87.97085618972778,1.5m,83.42108726501465,1.4m,216.73652625083923,3.6m,197.25052618980408,3.3m,9.0%
19,19,0.09801468428384717,1.1374825410842895,0.66972,,,92.182461977005,1.5m,87.63461422920227,1.5m,227.38596272468567,3.8m,207.89996933937073,3.5m,9.5%
20,20,0.09778965073991652,1.1263210829162598,0.67256,1.5835836410522461,0.5659,96.73953294754028,1.6m,91.89516115188599,1.5m,239.51769590377808,4.0m,218.72879099845886,3.6m,10.0%
21,21,0.0975528258147577,1.1092225666809081,0.67552,,,100.97744464874268,1.7m,96.13514018058777,1.6m,250.0195028781891,4.2m,229.2306079864502,3.8m,10.5%
22,22,0.09730426794137728,1.097852901878357,0.6788,1.5771909255981444,0.5766,105.52123498916626,1.8m,100.38357615470886,1.7m,261.8047251701355,4.4m,239.72069215774536,4.0m,11.0%
23,23,0.09704403844771128,1.0876438124847412,0.68068,,,109.82405424118042,1.8m,104.6888313293457,1.7m,272.3016595840454,4.5m,250.217631816864,4.2m,11.5%
24,24,0.09677220154149338,1.0740484983444214,0.68796,1.91129140625,0.5223,114.36569404602051,1.9m,108.93386101722717,1.8m,284.0680048465729,4.7m,260.69930124282837,4.3m,12.0%
25,25,0.09648882429441258,1.0681508796310424,0.6874,,,118.56816625595093,2.0m,113.13835978507996,1.9m,294.5762367248535,4.9m,271.20753931999207,4.5m,12.5%
26,26,0.09619397662556435,1.053287367286682,0.69256,1.5045911407470702,0.5935,123.05724143981934,2.1m,117.34596586227417,2.0m,306.34558272361755,5.1m,281.6861689090729,4.7m,13.0%
27,27,0.09588773128419906,1.0428937133026124,0.69286,,,127.26660943031311,2.1m,121.5573046207428,2.0m,316.83319067955017,5.3m,292.1737880706787,4.9m,13.5%
28,28,0.09557016383177226,1.0316391687202453,0.69852,1.543797696685791,0.5895,131.75779914855957,2.2m,125.75155019760132,2.1m,328.6296298503876,5.5m,302.6731436252594,5.0m,14.0%
29,29,0.09524135262330098,1.021458818130493,0.6984,,,135.93514895439148,2.3m,129.9307506084442,2.2m,339.1180851459503,5.7m,313.1616065502167,5.2m,14.5%
30,30,0.09490137878803079,1.0140206020355225,0.70118,1.6348240371704101,0.5672,140.5056140422821,2.3m,134.19748187065125,2.2m,351.1131844520569,5.9m,323.85934233665466,5.4m,15.0%
31,31,0.0945503262094184,1.010274164237976,0.70462,,,144.74272894859314,2.4m,138.43665957450867,2.3m,361.6353166103363,6.0m,334.3814809322357,5.6m,15.5%
32,32,0.0941882815044347,0.9969445893096924,0.70628,1.7311127471923828,0.558,149.24424767494202,2.5m,142.66721987724304,2.4m,373.5131723880768,6.2m,344.95968532562256,5.7m,16.0%
33,33,0.09381533400219319,1.0015859175491333,0.70366,,,153.4494812488556,2.6m,146.8743932247162,2.4m,384.0291554927826,6.4m,355.47568464279175,5.9m,16.5%
34,34,0.09343157572190958,0.9849294618606568,0.70852,1.5445651775360107,0.5909,157.97336435317993,2.6m,151.10803866386414,2.5m,395.868905544281,6.6m,366.0192017555237,6.1m,17.0%
35,35,0.0930371013501972,0.9742473700332641,0.71122,,,162.16394567489624,2.7m,155.30062985420227,2.6m,406.4095757007599,6.8m,376.5598793029785,6.3m,17.5%
36,36,0.09263200821770463,0.9689799117279053,0.71526,1.599591103363037,0.5795,166.63524723052979,2.8m,159.4816493988037,2.7m,418.25136041641235,7.0m,387.0930407047272,6.5m,18.0%
37,37,0.09221639627510078,0.9660582129287719,0.71466,,,170.82519340515137,2.8m,163.67359614372253,2.7m,428.818519115448,7.1m,397.66020607948303,6.6m,18.5%
38,38,0.09179036806841355,0.9620900996780396,0.71724,1.572373288154602,0.5943,175.28402590751648,2.9m,167.83539819717407,2.8m,440.6798686981201,7.3m,408.2135384082794,6.8m,19.0%
39,39,0.09135402871372812,0.9477140727996827,0.71854,,,179.45245885849,3.0m,172.00570702552795,2.9m,451.4542427062988,7.5m,418.9879174232483,7.0m,19.5%
40,40,0.0909074858712512,0.9442944618797302,0.72066,1.4981721103668213,0.5979,183.99088859558105,3.1m,176.24591064453125,2.9m,463.2844307422638,7.7m,429.52065110206604,7.2m,20.0%
41,41,0.09045084971874741,0.9444940047454834,0.72064,,,188.19445991516113,3.1m,180.45140528678894,3.0m,473.8020179271698,7.9m,440.03824520111084,7.3m,20.5%
42,42,0.08998423292435458,0.9304632383537292,0.72532,1.6996550342559815,0.5867,192.67132139205933,3.2m,184.63383078575134,3.1m,485.585324048996,8.1m,450.52653789520264,7.5m,21.0%
43,43,0.08950775061878455,0.9216690733337403,0.72494,,,196.85357475280762,3.3m,188.81804537773132,3.1m,496.0703465938568,8.3m,461.01156663894653,7.7m,21.5%
44,44,0.08902152036691653,0.9220430394363404,0.72532,1.5284674842834474,0.5999,201.3080699443817,3.4m,192.98140835762024,3.2m,507.89380860328674,8.5m,471.51863384246826,7.9m,22.0%
45,45,0.08852566213878951,0.9136350132751465,0.72962,,,205.51901507377625,3.4m,197.19429111480713,3.3m,518.394317150116,8.6m,482.0191466808319,8.0m,22.5%
46,46,0.0880202982800016,0.9093867919158936,0.72944,1.5788924204826356,0.5901,210.00545811653137,3.5m,201.3939344882965,3.4m,530.1641571521759,8.8m,492.5045666694641,8.2m,23.0%
47,47,0.08750555348152303,0.8875492657661438,0.7362,,,214.17624950408936,3.6m,205.56635761260986,3.4m,540.6446418762207,9.0m,502.9850573539734,8.4m,23.5%
48,48,0.08698155474893052,0.889443663406372,0.73472,1.6496993356704712,0.5798,218.7144558429718,3.6m,209.81091976165771,3.5m,552.4597170352936,9.2m,513.5234975814819,8.6m,24.0%
49,49,0.08644843137107061,0.8929689766693115,0.73412,,,222.93152356147766,3.7m,214.0299301147461,3.6m,563.1942455768585,9.4m,524.2580313682556,8.7m,24.5%
50,50,0.08590631488815947,0.883510347480774,0.73448,1.395395129776001,0.6253,227.41111040115356,3.8m,218.227796792984,3.6m,574.9481399059296,9.6m,534.728004693985,8.9m,25.0%
51,51,0.0853553390593274,0.8788091227722168,0.73942,,,231.6061623096466,3.9m,222.4247407913208,3.7m,585.4440870285034,9.8m,545.223956823349,9.1m,25.5%
52,52,0.08479563982961574,0.8684958849525451,0.7431,1.530666774559021,0.6042,236.13243341445923,3.9m,226.66096806526184,3.8m,597.2250254154205,10.0m,555.7135710716248,9.3m,26.0%
53,53,0.08422735529643446,0.8487101564407349,0.749,,,240.3589494228363,4.0m,230.8896565437317,3.8m,607.8285412788391,10.1m,566.3170943260193,9.4m,26.5%
54,54,0.08365062567548869,0.8587403799247741,0.74364,1.5054290100097656,0.5979,244.86530208587646,4.1m,235.10756659507751,3.9m,619.6960258483887,10.3m,576.8952579498291,9.6m,27.0%
55,55,0.08306559326618261,0.8542165222358704,0.74476,,,249.08345341682434,4.2m,239.3276560306549,4.0m,630.2210397720337,10.5m,587.42027759552,9.8m,27.5%
56,56,0.0824724024165092,0.8360119676589965,0.75166,1.6110089305877686,0.5808,253.57634902000427,4.2m,243.53141498565674,4.1m,642.0566852092743,10.7m,597.9339430332184,10.0m,28.0%
57,57,0.0818711994874345,0.8410002141189575,0.74948,,,257.7872197628021,4.3m,247.7448480129242,4.1m,652.5940487384796,10.9m,608.471310377121,10.1m,28.5%
58,58,0.08126213281678528,0.8285345235443116,0.75332,1.5116404724121093,0.6121,262.2507481575012,4.4m,251.92046475410461,4.2m,664.6383893489838,11.1m,619.2006459236145,10.3m,29.0%
59,59,0.08064535268264884,0.8198156496810913,0.75492,,,266.451621055603,4.4m,256.1236000061035,4.3m,675.3561406135559,11.3m,629.918402671814,10.5m,29.5%
60,60,0.08002101126629421,0.8141278871536255,0.756,1.5762993618011474,0.5991,270.99203181266785,4.5m,260.36848855018616,4.3m,687.1808791160583,11.5m,640.444874048233,10.7m,30.0%
61,61,0.07938926261462367,0.8156106545257569,0.7563,,,275.23553371429443,4.6m,264.6139793395996,4.4m,697.7248854637146,11.6m,650.988885641098,10.8m,30.5%
62,62,0.07875026260216395,0.7988059669685363,0.76016,1.5609531009674071,0.5961,279.76369309425354,4.7m,268.8377025127411,4.5m,709.5624113082886,11.8m,661.5127158164978,11.0m,31.0%
63,63,0.07810416889260656,0.7955775556564331,0.76114,,,283.9725124835968,4.7m,273.04848051071167,4.6m,720.0613226890564,12.0m,672.0116331577301,11.2m,31.5%
64,64,0.07745114089990661,0.7968864572525024,0.75946,1.6948235469818116,0.5745,288.47273421287537,4.8m,277.2601509094238,4.6m,731.8851623535156,12.2m,682.5299608707428,11.4m,32.0%
65,65,0.07679133974894985,0.7788196674728394,0.7673,,,292.6999373435974,4.9m,281.4893591403961,4.7m,742.3879017829895,12.4m,693.0327043533325,11.6m,32.5%
66,66,0.07612492823579746,0.77471421459198,0.76768,1.515481754875183,0.6146,297.17204332351685,5.0m,285.66915369033813,4.8m,754.1720292568207,12.6m,703.503654718399,11.7m,33.0%
67,67,0.07545207078751859,0.7726215303611755,0.7701,,,301.35516023635864,5.0m,289.854106426239,4.8m,764.6851499080658,12.7m,714.0167803764343,11.9m,33.5%
68,68,0.0747729334216204,0.7589429922866822,0.77098,1.399811629486084,0.6296,305.85587334632874,5.1m,294.0553557872772,4.9m,776.709924697876,12.9m,724.7697584629059,12.1m,34.0%
69,69,0.07408768370508578,0.7487385423088073,0.77248,,,310.07705521583557,5.2m,298.2784650325775,5.0m,787.2285497188568,13.1m,735.2883880138397,12.3m,34.5%
70,70,0.0733964907130287,0.7659794967460632,0.76734,1.4188882305145263,0.6288,314.5666048526764,5.2m,302.477810382843,5.0m,799.0190689563751,13.3m,745.7999532222748,12.4m,35.0%
71,71,0.07269952498697736,0.7357879745864868,0.77754,,,318.7812547683716,5.3m,306.69439792633057,5.1m,809.5445058345795,13.5m,756.325395822525,12.6m,35.5%
72,72,0.07199695849279578,0.727108692741394,0.78076,1.483408829498291,0.62,323.2730164527893,5.4m,310.8936138153076,5.2m,821.3418500423431,13.7m,766.834709405899,12.8m,36.0%
73,73,0.07128896457825366,0.7292724938964844,0.7822,,,327.48492217063904,5.5m,315.10742712020874,5.3m,831.8303084373474,13.9m,777.3231720924377,13.0m,36.5%
74,74,0.07057571793025548,0.7158037313652038,0.78256,1.512742896080017,0.6154,331.9725022315979,5.5m,319.30875396728516,5.3m,843.6134362220764,14.1m,787.8146233558655,13.1m,37.0%
75,75,0.06985739453173906,0.7097830595588684,0.78598,,,336.18042826652527,5.6m,323.5186789035797,5.4m,854.1452538967133,14.2m,798.3464479446411,13.3m,37.5%
76,76,0.06913417161825453,0.7007798977088928,0.78764,1.4941568925857545,0.6214,340.7066185474396,5.7m,327.75261878967285,5.5m,866.0311212539673,14.4m,808.932311296463,13.5m,38.0%
77,77,0.06840622763423394,0.6935670436477661,0.78822,,,344.91207361221313,5.7m,331.96001148223877,5.5m,876.5484597682953,14.6m,819.4496531486511,13.7m,38.5%
78,78,0.0676737421889629,0.6944263903808594,0.78992,1.7574452716827393,0.5843,349.4582829475403,5.8m,336.21289014816284,5.6m,888.6896765232086,14.8m,830.2593741416931,13.8m,39.0%
79,79,0.06693689601226462,0.6794624926948547,0.7928,,,353.6526370048523,5.9m,340.4090609550476,5.7m,899.1620664596558,15.0m,840.7317683696747,14.0m,39.5%
80,80,0.06619587090990751,0.6726927605628967,0.79436,1.4204729335784911,0.6353,358.2110638618469,6.0m,344.67259550094604,5.7m,910.9362852573395,15.2m,851.2143242359161,14.2m,40.0%
81,81,0.06545084971874741,0.6589546652412415,0.79996,,,362.41393184661865,6.0m,348.8774223327637,5.8m,921.4480204582214,15.4m,861.726068019867,14.4m,40.5%
82,82,0.06470201626161524,0.6650384653282165,0.79976,1.8225248977661133,0.5725,366.90972208976746,6.1m,353.0860471725464,5.9m,933.1953313350677,15.6m,872.1930327415466,14.5m,41.0%
83,83,0.06394955530196152,0.6498625411033631,0.80286,,,371.16689825057983,6.2m,357.3452613353729,6.0m,943.7035729885101,15.7m,882.7012784481049,14.7m,41.5%
84,84,0.06319365249826868,0.6403524359130859,0.80678,1.4150201681137085,0.6368,375.7147283554077,6.3m,361.5976264476776,6.0m,955.5215244293213,15.9m,893.1953790187836,14.9m,42.0%
85,85,0.06243449435824277,0.629449676246643,0.80846,,,379.88552260398865,6.3m,365.77035999298096,6.1m,966.0459163188934,16.1m,903.7197751998901,15.1m,42.5%
86,86,0.06167226819279532,0.6274868469810486,0.80868,1.5183245241165162,0.616,384.37263464927673,6.4m,369.9604060649872,6.2m,977.8648500442505,16.3m,914.2167844772339,15.2m,43.0%
87,87,0.06090716206982718,0.6133334717750549,0.81266,,,388.60891222953796,6.5m,374.198605298996,6.2m,988.594286441803,16.5m,924.946225643158,15.4m,43.5%
88,88,0.06013936476782568,0.6069690096092224,0.81574,1.4367112314224244,0.6464,393.15186977386475,6.6m,378.4456763267517,6.3m,1000.4243795871735,16.7m,935.4677019119263,15.6m,44.0%
89,89,0.05936906572928629,0.5940009282493591,0.81622,,,397.3517632484436,6.6m,382.6474530696869,6.4m,1010.9860479831696,16.8m,946.029373884201,15.8m,44.5%
90,90,0.05859645501397052,0.5971934871292114,0.81798,1.4485803237915038,0.634,401.8937518596649,6.7m,386.8984158039093,6.4m,1022.8448882102966,17.0m,956.5773952007294,15.9m,45.0%
91,91,0.05782172325201159,0.5802894689750672,0.82104,,,406.1067831516266,6.8m,391.1133053302765,6.5m,1033.3841409683228,17.2m,967.11665558815,16.1m,45.5%
92,92,0.057045061596879186,0.5843736671447753,0.81944,1.3729709915161132,0.6649,410.596492767334,6.8m,395.306120634079,6.6m,1045.1798939704895,17.4m,977.6077444553375,16.3m,46.0%
93,93,0.056266661678215264,0.5701838301277161,0.82554,,,414.77087473869324,6.9m,399.48234939575195,6.7m,1055.690106868744,17.6m,988.1179609298706,16.5m,46.5%
94,94,0.055486715554552306,0.563171944770813,0.8268,1.4130594318389893,0.6443,419.3097867965698,7.0m,403.71872305870056,6.7m,1067.483314037323,17.8m,998.6069948673248,16.6m,47.0%
95,95,0.05470541566592575,0.5346404860496521,0.8346,,,423.5279767513275,7.1m,407.9388747215271,6.8m,1077.9859762191772,18.0m,1009.1096642017365,16.8m,47.5%
96,96,0.05392295478639229,0.5412463475608825,0.83318,1.4122627639770509,0.652,428.06056571006775,7.1m,412.1974036693573,6.9m,1089.7788434028625,18.2m,1019.6073198318481,17.0m,48.0%
97,97,0.05313952597646571,0.5309299899482727,0.83598,,,432.24928760528564,7.2m,416.3879852294922,6.9m,1100.519352197647,18.3m,1030.3478326797485,17.2m,48.5%
98,98,0.05235532253548216,0.5148087371444702,0.83996,1.5408789073944091,0.6194,436.80274724960327,7.3m,420.650518655777,7.0m,1112.342479467392,18.5m,1040.8583199977875,17.3m,49.0%
99,99,0.051570537953906447,0.5090537018013,0.84324,,,440.99947714805603,7.3m,424.84978008270264,7.1m,1122.8728432655334,18.7m,1051.388688325882,17.5m,49.5%
100,100,0.05078536586559106,0.49896643705368043,0.84638,1.5531383945465087,0.6227,445.48930382728577,7.4m,429.05231070518494,7.2m,1134.7026381492615,18.9m,1061.9466831684113,17.7m,50.0%
101,101,0.050000000000000024,0.5015130812835693,0.84592,,,449.71806740760803,7.5m,433.28308367729187,7.2m,1145.2147853374481,19.1m,1072.458835363388,17.9m,50.5%
102,102,0.049214634134409,0.47907202238082885,0.85126,1.5044202249526977,0.6323,454.195205450058,7.6m,437.47470140457153,7.3m,1157.059428691864,19.3m,1083.0232334136963,18.1m,51.0%
103,103,0.04842946204609361,0.4745693077659607,0.85356,,,458.4024543762207,7.6m,441.68392276763916,7.4m,1167.594480752945,19.5m,1093.5582919120789,18.2m,51.5%
104,104,0.04764467746451789,0.4610722992515564,0.85688,1.4468449123382567,0.6371,462.87739515304565,7.7m,445.8686327934265,7.4m,1179.4310958385468,19.7m,1104.1038219928741,18.4m,52.0%
105,105,0.046860474023534354,0.4536541143989563,0.86004,,,467.12373185157776,7.8m,450.1170325279236,7.5m,1189.9549577236176,19.8m,1114.627694606781,18.6m,52.5%
106,106,0.04607704521360778,0.4478695991897583,0.86186,1.4452060806274414,0.6566,471.62778782844543,7.9m,454.3330948352814,7.6m,1201.823329925537,20.0m,1125.210450410843,18.8m,53.0%
107,107,0.04529458433407431,0.4471417675971985,0.86114,,,475.85521388053894,7.9m,458.5624215602875,7.6m,1212.5553603172302,20.2m,1135.9424891471863,18.9m,53.5%
108,108,0.04451328444544776,0.4290534036159515,0.86844,1.419011521911621,0.6497,480.4047677516937,8.0m,462.82077527046204,7.7m,1224.3617956638336,20.4m,1146.4447391033173,19.1m,54.0%
109,109,0.04373333832178482,0.41462692650794986,0.87338,,,484.62639021873474,8.1m,467.04432487487793,7.8m,1234.878740310669,20.6m,1156.9616978168488,19.3m,54.5%
110,110,0.0429549384031209,0.40546789096832275,0.87282,1.5143686401367187,0.6456,489.1148521900177,8.2m,471.2367653846741,7.9m,1246.6695964336395,20.8m,1167.4406900405884,19.5m,55.0%
111,111,0.042178276747988484,0.3990477550983429,0.8763,,,493.33486771583557,8.2m,475.4586069583893,7.9m,1257.1281723976135,21.0m,1177.8992714881897,19.6m,55.5%
112,112,0.04140354498602954,0.39039876218795777,0.87902,1.4526664619445802,0.6481,497.87336587905884,8.3m,479.70586252212524,8.0m,1268.897602558136,21.1m,1188.3758647441864,19.8m,56.0%
113,113,0.0406309342707138,0.379513819770813,0.87998,,,502.10236072540283,8.4m,483.93680596351624,8.1m,1279.4459600448608,21.3m,1198.92422747612,20.0m,56.5%
114,114,0.03986063523217441,0.3646977555656433,0.88758,1.3955832508087158,0.6598,506.58675956726074,8.4m,488.1374363899231,8.1m,1291.2851796150208,21.5m,1209.4716131687164,20.2m,57.0%
115,115,0.039092837930172916,0.3463274233055115,0.89402,,,510.75708627700806,8.5m,492.30952978134155,8.2m,1301.8583943843842,21.7m,1220.0448384284973,20.3m,57.5%
116,116,0.03832773180720475,0.35693170894622805,0.89046,1.4244828252792359,0.6617,515.2426605224609,8.6m,496.5201909542084,8.3m,1313.8920786380768,21.9m,1230.7988574504852,20.5m,58.0%
117,117,0.037565505641757285,0.33749149779319765,0.8972,,,519.4273104667664,8.7m,500.7067883014679,8.3m,1324.5983657836914,22.1m,1241.5051503181458,20.7m,58.5%
118,118,0.03680634750173138,0.3302541594409943,0.89798,1.4280905616760253,0.6523,523.9113347530365,8.7m,504.89801812171936,8.4m,1336.5250356197357,22.3m,1252.0990931987762,20.9m,59.0%
119,119,0.036050444698038565,0.3154165065288544,0.90386,,,528.1101624965668,8.8m,509.09878754615784,8.5m,1347.0414938926697,22.5m,1262.6155557632446,21.0m,59.5%
120,120,0.03529798373838483,0.31510317975997926,0.90378,1.426225912284851,0.6663,532.5853910446167,8.9m,513.2822020053864,8.6m,1358.8465692996979,22.6m,1273.1249237060547,21.2m,60.0%
121,121,0.03454915028125267,0.3072367977809906,0.90414,,,536.7878079414368,8.9m,517.4865846633911,8.6m,1369.3598237037659,22.8m,1283.6381816864014,21.4m,60.5%
122,122,0.03380412909009255,0.2936343343067169,0.91046,1.3829336862564088,0.6703,541.3147675991058,9.0m,521.7281112670898,8.7m,1381.189712047577,23.0m,1294.166788816452,21.6m,61.0%
123,123,0.03306310398773545,0.27586641633033754,0.9169,,,545.5415523052216,9.1m,525.9568943977356,8.8m,1391.6522862911224,23.2m,1304.6293725967407,21.7m,61.5%
124,124,0.03232625781103717,0.2683312503814697,0.91822,1.326499029159546,0.6791,550.0589044094086,9.2m,530.1914055347443,8.8m,1403.4439079761505,23.4m,1315.1035175323486,21.9m,62.0%
125,125,0.03159377236576613,0.27091791637420654,0.91716,,,554.2850611209869,9.2m,534.4195067882538,8.9m,1413.9848911762238,23.6m,1325.6445052623749,22.1m,62.5%
126,126,0.030865828381745543,0.2628271579551697,0.9197,1.3281302787780762,0.6862,558.7929816246033,9.3m,538.6149995326996,9.0m,1426.0287833213806,23.8m,1336.3739576339722,22.3m,63.0%
127,127,0.03014260546826098,0.2470663337802887,0.9255,,,563.0294620990753,9.4m,542.8534162044525,9.0m,1436.6397986412048,23.9m,1346.9849767684937,22.4m,63.5%
128,128,0.02942428206974458,0.22731060433387756,0.9322,1.3253542110443115,0.6933,567.5434041023254,9.5m,547.0750839710236,9.1m,1448.4640810489655,24.1m,1357.495316028595,22.6m,64.0%
129,129,0.028711035421746387,0.21554691712379456,0.9359,,,571.7563350200653,9.5m,551.2899394035339,9.2m,1458.985021352768,24.3m,1368.0162613391876,22.8m,64.5%
130,130,0.02800304150720426,0.22379357940673827,0.93352,1.3057235427856446,0.6899,576.2503087520599,9.6m,555.4935011863708,9.3m,1470.7761118412018,24.5m,1378.4996116161346,23.0m,65.0%
131,131,0.02730047501302268,0.2029090559387207,0.94096,,,580.4341173171997,9.7m,559.6792206764221,9.3m,1481.267790555954,24.7m,1388.9912972450256,23.1m,65.5%
132,132,0.026603509286971357,0.20391353610992433,0.93864,1.3331969287872314,0.6901,584.9003756046295,9.7m,563.8692352771759,9.4m,1493.0197339057922,24.9m,1399.4452295303345,23.3m,66.0%
133,133,0.025912316294914244,0.19326550087928773,0.943,,,589.1078827381134,9.8m,568.078667640686,9.5m,1503.5100338459015,25.1m,1409.935534954071,23.5m,66.5%
134,134,0.025227066578379632,0.181306011929512,0.94766,1.3529095638275146,0.6852,593.6024816036224,9.9m,572.2848515510559,9.5m,1515.293223619461,25.3m,1420.4395017623901,23.7m,67.0%
135,135,0.024547929212481445,0.17834789647579194,0.94824,,,597.8265914916992,10.0m,576.5109167098999,9.6m,1525.7632987499237,25.4m,1430.9095840454102,23.8m,67.5%
136,136,0.02387507176420257,0.16671181393623352,0.95334,1.2860775970458984,0.6965,602.3134746551514,10.0m,580.7070701122284,9.7m,1537.8539671897888,25.6m,1441.7253291606903,24.0m,68.0%
137,137,0.023208660251050166,0.1504694029045105,0.95716,,,606.4967710971832,10.1m,584.8921883106232,9.7m,1548.3641276359558,25.8m,1452.2354950904846,24.2m,68.5%
138,138,0.022548859100093414,0.14667127433538438,0.95838,1.244200562286377,0.7055,610.9704911708832,10.2m,589.0658643245697,9.8m,1560.2018687725067,26.0m,1462.7844414710999,24.4m,69.0%
139,139,0.021895831107393474,0.14303994620800017,0.96024,,,615.1784572601318,10.3m,593.2757573127747,9.9m,1570.777794122696,26.2m,1473.3603718280792,24.6m,69.5%
140,140,0.02124973739783608,0.1303900770330429,0.9633,1.2584518487930298,0.701,619.6626930236816,10.3m,597.470461845398,10.0m,1582.5899631977081,26.4m,1483.8861336708069,24.7m,70.0%
141,141,0.02061073738537636,0.12244341607570648,0.96662,,,623.8495664596558,10.4m,601.659167766571,10.0m,1593.0825221538544,26.6m,1494.3786959648132,24.9m,70.5%
142,142,0.019978988733705814,0.11283892314910889,0.97014,1.3003915271759032,0.7025,628.3598921298981,10.5m,605.8779444694519,10.1m,1604.9049019813538,26.7m,1504.9007682800293,25.1m,71.0%
143,143,0.01935464731735118,0.10833152596950531,0.97108,,,632.5671072006226,10.5m,610.0870666503906,10.2m,1615.4058763980865,26.9m,1515.4017460346222,25.3m,71.5%
144,144,0.018737867183214747,0.0952752801656723,0.97686,1.1914842338562013,0.7225,637.0615134239197,10.6m,614.2907223701477,10.2m,1627.2096223831177,27.1m,1525.9018008708954,25.4m,72.0%
145,145,0.01812880051256552,0.08748225692749023,0.979,,,641.2868099212646,10.7m,618.5179576873779,10.3m,1637.959225177765,27.3m,1536.6514077186584,25.6m,72.5%
146,146,0.017527597583490827,0.08497453567504883,0.97964,1.187346725845337,0.7227,645.8014469146729,10.8m,622.7430493831635,10.4m,1649.7947833538055,27.5m,1547.1947312355042,25.8m,73.0%
147,147,0.01693440673381742,0.07929961145401002,0.98106,,,649.9980781078339,10.8m,626.9417562484741,10.4m,1660.3201830387115,27.7m,1557.7201352119446,26.0m,73.5%
148,148,0.016349374324511334,0.06518487553119659,0.98538,1.1527593475341797,0.7316,654.5596759319305,10.9m,631.2131667137146,10.5m,1672.1298146247864,27.9m,1568.2444334030151,26.1m,74.0%
149,149,0.01577264470356557,0.05689941023468971,0.98816,,,658.7599575519562,11.0m,635.4154057502747,10.6m,1682.6235144138336,28.0m,1578.7381372451782,26.3m,74.5%
150,150,0.01520436017038429,0.050300385599136355,0.98994,1.118588498878479,0.7325,663.2310316562653,11.1m,639.5987770557404,10.7m,1694.638351202011,28.2m,1589.2735424041748,26.5m,75.0%
151,151,0.014644660940672632,0.04105215317726135,0.9929,,,667.4222707748413,11.1m,643.7919144630432,10.7m,1705.191989660263,28.4m,1599.8271911144257,26.7m,75.5%
152,152,0.01409368511184057,0.035209721509218216,0.99416,1.072473677444458,0.7464,671.9495692253113,11.2m,648.0205438137054,10.8m,1717.1328964233398,28.6m,1610.3416678905487,26.8m,76.0%
153,153,0.013551568628929438,0.031450347880125046,0.99494,,,676.1495094299316,11.3m,652.2224173545837,10.9m,1727.6487488746643,28.8m,1620.857530593872,27.0m,76.5%
154,154,0.013018445251069516,0.027324297199249267,0.99618,0.9972956590652465,0.7576,680.6214156150818,11.3m,656.4079220294952,10.9m,1739.502243757248,29.0m,1631.407211303711,27.2m,77.0%
155,155,0.012494446518477026,0.02373531438231468,0.9969,,,684.8292903900146,11.4m,660.6176993846893,11.0m,1750.2583804130554,29.2m,1642.1633536815643,27.4m,77.5%
156,156,0.011979701719998459,0.023819341443777085,0.99714,0.9697443819046021,0.7626,689.2976493835449,11.5m,664.8004803657532,11.1m,1762.1666536331177,29.4m,1652.7454526424408,27.5m,78.0%
157,157,0.011474337861210548,0.02039144582092762,0.998,,,693.4797217845917,11.6m,668.9845900535583,11.1m,1772.7242608070374,29.5m,1663.3030648231506,27.7m,78.5%
158,158,0.010978479633083526,0.0160946792319417,0.9986,0.954623606300354,0.7647,697.9698779582977,11.6m,673.1769225597382,11.2m,1784.5672025680542,29.7m,1673.8453199863434,27.9m,79.0%
159,159,0.010492249381215483,0.014551861709952355,0.9989,,,702.1486868858337,11.7m,677.3576107025146,11.3m,1795.1073944568634,29.9m,1684.3855154514313,28.1m,79.5%
160,160,0.010015767075645474,0.014522102972865105,0.99886,0.9393889534950256,0.7709,706.6094882488251,11.8m,681.5354290008545,11.4m,1806.915578842163,30.1m,1694.8898782730103,28.2m,80.0%
161,161,0.009549150281252637,0.012986026155650615,0.99932,,,710.8430342674255,11.8m,685.7711980342865,11.4m,1817.4259207248688,30.3m,1705.4002268314362,28.4m,80.5%
162,162,0.00909251412874884,0.012064370389580727,0.99924,0.9097837008476257,0.7771,715.3264691829681,11.9m,689.9703621864319,11.5m,1829.2353219985962,30.5m,1715.9135308265686,28.6m,81.0%
163,163,0.008645971286271918,0.012380651807188987,0.99914,,,719.5615165233612,12.0m,694.2074153423309,11.6m,1839.7720170021057,30.7m,1726.4502396583557,28.8m,81.5%
164,164,0.008209631931586501,0.01075111606657505,0.99948,0.8967345000267029,0.7791,724.0783243179321,12.1m,698.4344601631165,11.6m,1851.850660085678,30.9m,1737.2429802417755,29.0m,82.0%
165,165,0.0077836037248992605,0.011025394660830497,0.99938,,,728.2996792793274,12.1m,702.6578106880188,11.7m,1862.4059283733368,31.0m,1747.7982561588287,29.1m,82.5%
166,166,0.0073679917822954055,0.010517505529522896,0.99952,0.8890211206436157,0.7801,732.8627870082855,12.2m,706.9305174350739,11.8m,1874.2557578086853,31.2m,1758.3240163326263,29.3m,83.0%
167,167,0.006962898649802815,0.010093493623584509,0.99942,,,737.0955846309662,12.3m,711.1652932167053,11.9m,1884.8315908908844,31.4m,1768.8998548984528,29.5m,83.5%
168,168,0.006568424278090438,0.011193198089301587,0.99924,0.884459905910492,0.7796,741.6515684127808,12.4m,715.4233248233795,11.9m,1896.7004008293152,31.6m,1779.4627392292023,29.7m,84.0%
169,169,0.006184665997806824,0.010761348176598549,0.99944,,,745.8714272975922,12.4m,719.6451871395111,12.0m,1907.2699875831604,31.8m,1790.0323312282562,29.8m,84.5%
170,170,0.00581171849556533,0.010032377967834473,0.99956,0.8754503631591797,0.7815,750.3850615024567,12.5m,723.8684616088867,12.1m,1919.0996611118317,32.0m,1800.5453054904938,30.0m,85.0%
171,171,0.0054496737905816136,0.010145211136937142,0.99954,,,754.6120610237122,12.6m,728.0976667404175,12.1m,1929.631395816803,32.2m,1811.077045917511,30.2m,85.5%
172,172,0.005098621211969226,0.009856167761683464,0.99958,0.8761106101989746,0.7819,759.135577917099,12.7m,732.3247148990631,12.2m,1941.4066326618195,32.4m,1821.5679111480713,30.4m,86.0%
173,173,0.004758647376699035,0.010110837373137473,0.99966,,,763.3368306159973,12.7m,736.5279133319855,12.3m,1951.9961400032043,32.5m,1832.1574246883392,30.5m,86.5%
174,174,0.00442983616822775,0.009944437699615956,0.9996,0.8789120419502259,0.7822,767.8488390445709,12.8m,740.740644454956,12.3m,1964.0543632507324,32.7m,1842.9500887393951,30.7m,87.0%
175,175,0.004112268715800957,0.010056424698531628,0.99958,,,772.0615072250366,12.9m,744.9551606178284,12.4m,1974.5606594085693,32.9m,1853.4563932418823,30.9m,87.5%
176,176,0.003806023374435677,0.00955129217505455,0.99964,0.8746156475067138,0.783,776.5966844558716,12.9m,749.1923589706421,12.5m,1986.4706227779388,33.1m,1864.0604174137115,31.1m,88.0%
177,177,0.003511175705587435,0.009848905890285968,0.99958,,,780.8143751621246,13.0m,753.4120471477509,12.6m,1996.9878633022308,33.3m,1874.5776648521423,31.2m,88.5%
178,178,0.0032277984585066333,0.00948662099123001,0.99972,0.8754942455291748,0.7829,785.3159685134888,13.1m,757.6237061023712,12.6m,2008.839864730835,33.5m,1885.0922622680664,31.4m,89.0%
179,179,0.002955961552288729,0.009248703782856464,0.99972,,,789.5117356777191,13.2m,761.8213491439819,12.7m,2019.4231181144714,33.7m,1895.6755213737488,31.6m,89.5%
180,180,0.0026957320586227366,0.009407095253169536,0.9997,0.872086106967926,0.7824,794.0182909965515,13.2m,766.0381650924683,12.8m,2031.3451535701752,33.9m,1906.2678880691528,31.8m,90.0%
181,181,0.002447174185242325,0.009514795692265033,0.99962,,,798.2226259708405,13.3m,770.2444198131561,12.8m,2041.9144287109375,34.0m,1916.8371670246124,31.9m,90.5%
182,182,0.0022103492600834954,0.009120454798042774,0.99962,0.8734236932754517,0.7863,802.7136492729187,13.4m,774.4473698139191,12.9m,2053.7660579681396,34.2m,1927.3704249858856,32.1m,91.0%
183,183,0.0019853157161528537,0.009245202277302743,0.99966,,,806.9478182792664,13.4m,778.6835384368896,13.0m,2064.447073698044,34.4m,1938.0514450073242,32.3m,91.5%
184,184,0.001772129077110103,0.00883043045938015,0.99978,0.8702327700614929,0.7842,811.4885234832764,13.5m,782.9326593875885,13.0m,2076.414556503296,34.6m,1948.685099363327,32.5m,92.0%
185,185,0.0015708419435684529,0.009089270415306092,0.99966,,,815.7004082202911,13.6m,787.1465005874634,13.1m,2086.905324935913,34.8m,1959.1758725643158,32.7m,92.5%
186,186,0.0013815039801161732,0.009051513350605965,0.99968,0.8696981079101562,0.7828,820.2305030822754,13.7m,791.3793747425079,13.2m,2098.702308177948,35.0m,1969.663353919983,32.8m,93.0%
187,187,0.0012041619030626347,0.00908853115350008,0.99968,,,824.4092402458191,13.7m,795.560008764267,13.3m,2109.2759923934937,35.2m,1980.237045764923,33.0m,93.5%
188,188,0.0010388594689117077,0.008954103548824787,0.9997,0.8675805675506592,0.7854,828.9171493053436,13.8m,799.7894213199615,13.3m,2121.157278776169,35.4m,1990.8183732032776,33.2m,94.0%
189,189,0.0008856374635655645,0.008968602290451527,0.99976,,,833.1515629291534,13.9m,804.0258574485779,13.4m,2131.7234213352203,35.5m,2001.3845195770264,33.4m,94.5%
190,190,0.000744533692261307,0.008918610168099403,0.9997,0.8684372367858887,0.7858,837.6764938831329,14.0m,808.2498831748962,13.5m,2143.610008239746,35.7m,2011.9423422813416,33.5m,95.0%
191,191,0.0006155829702431174,0.008953381522893905,0.99972,,,841.9123334884644,14.0m,812.4876897335052,13.5m,2154.1931705474854,35.9m,2022.525512456894,33.7m,95.5%
192,192,0.0004988171141721235,0.008872915225625038,0.99982,0.8689061146736144,0.786,846.4245793819427,14.1m,816.7042772769928,13.6m,2166.0240607261658,36.1m,2033.0664207935333,33.9m,96.0%
193,193,0.00039426493427611206,0.008828166872859,0.9997,,,850.6505200862885,14.2m,820.9322690963745,13.7m,2176.835441827774,36.3m,2043.8778147697449,34.1m,96.5%
194,194,0.00030195222724102046,0.00885528001844883,0.9997,0.8679243760108948,0.7844,855.1693391799927,14.3m,825.1613066196442,13.8m,2188.6493911743164,36.5m,2054.3912987709045,34.2m,97.0%
195,195,0.00022190176984600036,0.008772233736217022,0.99976,,,859.39413189888,14.3m,829.3879787921906,13.8m,2199.206839323044,36.7m,2064.9487512111664,34.4m,97.5%
196,196,0.00015413331334360192,0.0090979444617033,0.99966,0.8679865704536438,0.7857,863.9090285301208,14.4m,833.6127994060516,13.9m,2211.109421491623,36.9m,2075.545424222946,34.6m,98.0%
197,197,0.00009866357858642213,0.008733267078399658,0.9998,,,868.1509153842926,14.5m,837.8566913604736,14.0m,2221.674558877945,37.0m,2086.110567331314,34.8m,98.5%
198,198,0.000055506251901504864,0.008721904189884663,0.99972,0.8684272602081299,0.785,872.6586031913757,14.5m,842.0736486911774,14.0m,2233.50808262825,37.2m,2096.636290073395,34.9m,99.0%
199,199,0.000024671981713420017,0.008795969319939614,0.9998,,,876.9439556598663,14.6m,846.3611032962799,14.1m,2244.036003112793,37.4m,2107.164216041565,35.1m,99.5%
200,200,6.168375916970619e-6,0.00871408156901598,0.99978,0.8700412265777588,0.7846,881.4519734382629,14.7m,850.5695133209229,14.2m,2255.820715904236,37.6m,2117.6484758853912,35.3m,100.0%
