acceptedNameUsageID,Scientific name,Depth0_Top,Depth0_Bottom,Lat0_Top,Lat0_Bottom,Lon0_Top,Lon0_Bottom,max size0_midPoint,Behavior0_Bottom,Behavior0_Top,Behavior0_Average,Habitat0_Bottom,Habitat0_Top,Habitat0_Average,Salinity0_Bottom,Salinity0_Top,Salinity0_Average,TemperatureT0_Bottom,TemperatureT0_Top,TemperatureT0_Average,ICCAT Fisheries,LL,PS,Others,ICCAT Fisheries_prob,LL_prob,PS_prob,Others_prob,ICCAT Fisheries_pred,LL_pred,PS_pred,Others_pred
105787,Carcharhinus altimus,80.0,220.0,-31.0,46.0,-180.0,180.0,300.0,2.0,2.0,2.0,1.5,3.0,2.357142857,2.0,2.0,2.0,2.0,3.0,2.5,Y,Y,N,N,0.9967443996025672,0.9893648028906215,0.048328477518040855,0.037240366933536835,Y,Y,N,N
105788,Carcharhinus brevipinna,0.0,200.0,-38.0,40.0,-100.0,155.0,300.0,3.0,3.0,3.0,1.3,2.5,1.966666667,2.0,2.0,2.0,2.0,3.0,2.5,Y,Y,N,Y,0.9962728746515455,0.9705830756488776,0.1353416706599341,0.010080057900084814,Y,Y,N,N
105789,Carcharhinus falciformis,0.0,500.0,-43.0,42.0,-180.0,180.0,350.0,3.2,3.2,3.2,1.3,3.0,2.22,2.0,2.0,2.0,2.6,2.6,2.6,Y,Y,Y,Y,0.9911660500229854,0.8880547550667386,0.3452265072763754,0.016809933272617737,Y,Y,N,N
105790,Carcharhinus galapagensis,30.0,180.0,-34.0,36.0,-180.0,180.0,370.0,3.0,3.0,3.0,1.3,3.0,2.15,2.0,2.0,2.0,2.4,3.0,2.7,Y,Y,N,N,0.9989101781091936,0.9818290784509806,0.32294709682969186,0.3741046276404768,Y,Y,N,N
105791,Carcharhinus isodon,0.0,20.0,-38.0,42.0,-100.0,-12.0,,1.0,1.0,1.0,1.1,2.0,1.466666667,2.0,2.0,2.0,2.6,2.6,2.6,Y,Y,N,N,0.9578092889724467,0.9462746061069448,0.02990583102615869,0.03189070207237761,Y,Y,N,N
105792,Carcharhinus leucas,1.0,30.0,-39.0,42.0,-180.0,180.0,360.0,1.0,3.0,2.0,0.0,2.5,1.4,0.0,2.0,1.0,2.4,3.0,2.666666667,Y,Y,Y,Y,0.9992278537417927,0.9531146137144795,0.16618410900216582,0.4854392428592235,Y,Y,N,N
105793,Carcharhinus limbatus,0.0,140.0,-38.0,45.0,-180.0,180.0,286.0,1.0,3.0,2.0,1.0,3.0,1.86,1.0,2.0,1.5,2.4,3.0,2.666666667,Y,Y,N,Y,0.9997159653681034,0.9667206889225503,0.8876719956818027,0.9581784610308826,Y,Y,Y,Y
105794,Carcharhinus longimanus,0.0,1082.0,-43.0,46.0,-180.0,180.0,400.0,3.2,3.2,3.2,2.0,3.0,2.625,2.0,2.0,2.0,2.0,3.0,2.533333333,Y,Y,Y,Y,0.9982684771911559,0.9799258372296403,0.8922891768424543,0.2804302479316949,Y,Y,Y,N
105795,Carcharhinus melanopterus,0.0,75.0,-25.0,35.0,-180.0,-134.0,,,,,1.0,2.5,1.525,1.0,2.0,1.5,2.6,3.0,2.8,Y,Y,N,N,0.9903928532865067,0.7737727757955974,0.8622848029839093,0.05107573661088566,Y,Y,Y,N
105796,Carcharhinus obscurus,0.0,500.0,-46.0,45.0,-120.0,156.0,420.0,3.0,3.0,3.0,1.5,3.0,2.25,1.0,2.0,1.5,2.4,3.0,2.666666667,Y,Y,N,Y,0.998433814089944,0.9680005719304453,0.24411900663821612,0.4734363158326711,Y,Y,N,N
105797,Carcharhinus plumbeus,0.0,280.0,-41.0,45.0,-180.0,180.0,300.0,1.0,3.0,2.0,1.3,3.0,2.2,1.0,2.0,1.5,2.0,3.0,2.533333333,Y,Y,N,Y,0.9983184310740271,0.9980065175271401,0.2111765532231039,0.6402157386837809,Y,Y,N,Y
105798,Carcharhinus signatus,0.0,600.0,-43.0,39.0,-98.0,15.0,280.0,2.0,3.0,2.5,2.0,3.0,2.4,2.0,2.0,2.0,2.6,2.6,2.6,Y,Y,N,Y,0.9774799564230723,0.9758021800527563,0.24748519924786858,0.009097657940111848,Y,Y,N,N
105799,Galeocerdo cuvier,0.0,100.0,-36.0,40.0,-180.0,180.0,750.0,2.0,2.0,2.0,1.0,3.0,2.088888889,1.0,2.0,1.5,2.0,3.0,2.5,Y,Y,Y,Y,0.9957754621681861,0.9891907423751901,0.9270906948420226,0.7380405362908609,Y,Y,Y,Y
105800,Negaprion brevirostris,0.0,92.0,-33.0,45.0,-114.0,14.0,,1.0,3.0,2.0,1.0,3.0,1.7,1.0,2.0,1.5,2.6,3.0,2.8,Y,Y,N,Y,0.9988164912773483,0.8245423171044491,0.22089422164348482,0.01751255791549387,Y,Y,N,N
105801,Prionace glauca,1.0,220.0,-55.0,70.0,-180.0,180.0,400.0,3.2,3.2,3.2,1.0,3.0,1.825,1.0,2.0,1.5,2.0,3.0,2.533333333,Y,Y,Y,Y,0.9994244848434517,0.9687789905552087,0.6375991726654368,0.9941782269217971,Y,Y,Y,Y
105802,Rhizoprionodon acutus,,,-30.0,41.0,-27.0,156.0,175.0,2.0,2.0,2.0,0.0,2.0,1.26,0.0,2.0,1.0,2.6,3.0,2.8,Y,N,N,Y,0.9914063391857739,0.7454194165852278,0.015834201357451564,0.024493504051753302,Y,Y,N,N
105803,Paragaleus pectoralis,30.0,70.0,,30.0,,,140.0,1.0,1.0,1.0,1.3,2.5,1.95,2.0,2.0,2.0,3.0,3.0,3.0,Y,N,N,Y,0.5180553028023339,0.03823695413753624,0.022272901173914374,0.00042197479338959543,Y,N,N,N
105816,Sphyrna lewini,0.0,1043.0,-39.0,46.0,-180.0,180.0,430.0,3.0,3.0,3.0,1.0,3.0,2.1,1.0,2.0,1.5,2.0,3.0,2.466666667,Y,Y,Y,Y,0.9984126139684611,0.9908369195204282,0.8115341162612417,0.968462504371756,Y,Y,Y,Y
105817,Sphyrna mokarran,0.0,300.0,-37.0,40.0,-180.0,180.0,550.0,2.0,3.0,2.5,1.3,3.0,2.257142857,1.0,2.0,1.5,2.0,3.0,2.5,Y,Y,Y,Y,0.999728351529644,0.9870942073117536,0.9147066689907208,0.9406757590328764,Y,Y,Y,Y
105819,Sphyrna zygaena,0.0,200.0,-55.0,59.0,-180.0,180.0,500.0,2.0,3.0,2.5,1.3,3.0,2.257142857,1.0,2.0,1.5,2.0,3.0,2.533333333,Y,Y,Y,Y,0.9995196950628658,0.9964490601712078,0.44377463249083743,0.797889321383023,Y,Y,N,Y
105820,Galeorhinus galeus,0.0,200.0,-58.0,70.0,-180.0,37.0,193.0,1.0,2.0,1.5,1.3,3.0,2.4125,2.0,2.0,2.0,2.0,2.6,2.3,Y,Y,N,N,0.998489987610145,0.9989313870597977,0.003906823140234658,0.8703873309511957,Y,Y,N,Y
105822,Mustelus mustelus,5.0,624.0,-34.0,58.0,-19.0,36.0,200.0,1.0,2.0,1.5,2.0,3.0,2.375,2.0,2.0,2.0,2.0,2.0,2.0,Y,Y,N,Y,0.9526027084748141,0.6772818470602868,0.012105257346212678,0.019271350260911067,Y,Y,N,N
105832,Heptranchias perlo,27.0,720.0,-58.0,58.0,-180.0,-173.0,137.0,1.2,2.0,1.6,2.0,3.0,2.5,2.0,2.0,2.0,2.0,3.0,2.533333333,Y,Y,N,N,0.9993517267533566,0.9920840936428577,0.03448945148136439,0.007011853032935028,Y,Y,N,N
105833,Hexanchus griseus,180.0,1100.0,-48.0,65.0,-180.0,180.0,600.0,1.0,3.0,1.733333333,1.3,3.0,2.471428571,2.0,2.0,2.0,1.3,3.0,2.375,Y,Y,N,N,0.9932653627948126,0.9923203254862463,0.10058959345864933,0.7490228787710987,Y,Y,N,Y
105835,Alopias superciliosus,0.0,955.0,-40.0,46.0,-180.0,180.0,488.0,3.0,3.2,3.1,1.3,3.0,2.075,2.0,2.0,2.0,2.0,3.0,2.533333333,Y,Y,Y,Y,0.9997956833982199,0.9987855551115564,0.9481369455520872,0.7062291509934311,Y,Y,Y,Y
105836,Alopias vulpinus,0.0,650.0,-58.0,74.0,-180.0,180.0,573.0,3.2,3.2,3.2,1.3,3.0,2.16,2.0,2.0,2.0,2.0,3.0,2.533333333,Y,Y,N,Y,0.9991461720799795,0.9838155625748571,0.9902232243150443,0.5112651009430227,Y,Y,Y,Y
105837,Cetorhinus maximus,0.0,1264.0,-58.0,75.0,-180.0,42.0,1520.0,3.0,3.2,3.066666667,1.3,3.0,2.216666667,2.0,2.0,2.0,1.3,3.0,2.1,Y,Y,N,N,0.9998151871963322,0.9991501895556676,0.08892324997030235,0.9316695515066633,Y,Y,N,Y
105838,Carcharodon carcharias,0.0,1200.0,-58.0,61.0,-180.0,180.0,,3.0,3.0,3.0,1.0,3.0,2.1625,1.0,2.0,1.5,2.0,3.0,2.533333333,Y,Y,Y,Y,0.9958812556738809,0.9946311771383171,0.6719424890376968,0.24744820462943945,Y,Y,Y,N
105839,Isurus oxyrinchus,100.0,150.0,-54.0,65.0,-180.0,180.0,445.0,3.0,3.2,3.1,1.3,3.0,2.1,2.0,2.0,2.0,2.0,3.0,2.533333333,Y,Y,Y,Y,0.991083317284583,0.9947390730195613,0.5628690527324512,0.5860382425074694,Y,Y,Y,Y
105840,Isurus paucus,0.0,1752.0,-38.0,46.0,-180.0,180.0,427.0,2.5,3.2,2.9,3.0,3.0,3.0,2.0,2.0,2.0,2.0,3.0,2.533333333,Y,Y,N,Y,0.9971344727241692,0.9891960367702651,0.8576704457690972,0.3652305195947245,Y,Y,Y,N
105841,Lamna nasus,0.0,1809.0,-59.0,76.0,-180.0,180.0,350.0,3.0,3.0,3.0,1.3,3.0,2.328571429,2.0,2.0,2.0,1.3,2.0,1.633333333,Y,Y,N,Y,0.9975960869753028,0.9906535828546689,0.0069387248570435345,0.47256693600584415,Y,Y,N,N
105843,Carcharias taurus,0.0,232.0,-48.0,45.0,-100.0,155.0,330.0,1.0,3.2,2.3,1.3,2.0,1.6,2.0,2.0,2.0,2.0,3.0,2.533333333,Y,Y,N,N,0.9638615035930874,0.8830351993222448,0.02843137534987753,0.24393981225721967,Y,Y,N,N
105844,Odontaspis ferox,10.0,2000.0,-49.0,50.0,-180.0,180.0,,2.0,2.0,2.0,2.0,3.0,2.5,2.0,2.0,2.0,2.6,3.0,2.8,Y,Y,N,Y,0.9986721351679354,0.90507685533604,0.07272230040417932,0.018352518888133273,Y,Y,N,N
105845,Odontaspis noronhai,35.0,1000.0,-34.0,31.0,-163.0,-27.0,,3.0,3.0,3.0,2.5,3.0,2.666666667,2.0,2.0,2.0,3.0,3.0,3.0,Y,Y,N,N,0.9981966699521345,0.9943249784586603,0.07718496429388262,0.001711901599677888,Y,Y,N,N
105846,Ginglymostoma cirratum,0.0,130.0,-35.0,44.0,-122.0,10.0,430.0,1.7,1.7,1.7,1.3,2.5,1.675,1.0,2.0,1.5,2.6,3.0,2.8,Y,Y,N,Y,0.999353846371058,0.9578533647698738,0.37624953087792984,0.7970060799058062,Y,Y,N,Y
105847,Rhincodon typus,0.0,100.0,-48.0,45.0,-180.0,180.0,1700.0,3.2,3.2,3.2,1.0,3.0,1.883333333,2.0,2.0,2.0,2.0,3.0,2.533333333,Y,N,Y,N,0.9995938041679905,0.8678690056783424,0.9766199586823027,0.848119310597409,Y,Y,Y,Y
105858,Mobula japanica,0.0,200.0,-30.0,40.0,,,310.0,3.0,3.0,3.0,1.3,3.0,1.95,2.0,2.0,2.0,2.6,2.6,2.6,Y,Y,Y,N,0.9991505945394595,0.9555125671645461,0.5104355815891771,0.023197572858025158,Y,Y,Y,N
105859,Mobula tarapacana,0.0,1896.0,-37.0,50.0,-180.0,180.0,328.0,,,,1.5,3.0,2.166666667,2.0,2.0,2.0,3.0,3.0,3.0,Y,N,Y,N,0.9930328153772265,0.9894449527438915,0.278001160260261,0.9077114275862843,Y,Y,N,Y
105860,Myliobatis aquila,0.0,537.0,-36.0,60.0,-32.0,58.0,,2.0,2.0,2.0,1.0,3.0,1.966666667,1.0,2.0,1.5,2.6,2.6,2.6,Y,N,Y,N,0.9009850996764196,0.8880773228453163,0.0386125884859892,0.27717127872634034,Y,Y,N,N
105899,Centrophorus granulosus,300.0,1100.0,-43.0,58.0,-98.0,156.0,,1.0,2.0,1.475,2.0,3.0,2.5,2.0,2.0,2.0,,,,Y,Y,N,Y,0.6533789523264538,0.24191748087495618,0.0009281220033737793,0.0005506237194739716,Y,N,N,N
105901,Centrophorus squamosus,0.0,200.0,-54.0,69.0,-180.0,-176.0,,1.0,2.0,1.4,2.0,3.0,2.6,2.0,2.0,2.0,,,,Y,Y,N,N,0.9997873444983983,0.9983087280597739,0.010413106131823436,0.00554578806868374,Y,Y,N,N
105902,Centrophorus uyato,400.0,800.0,-43.0,43.0,,,,1.2,1.2,1.2,2.0,3.0,2.625,2.0,2.0,2.0,,,,Y,Y,N,N,0.9150292828529905,0.46158485755504475,0.0010393174231560175,0.0002281285441645867,Y,N,N,N
105907,Centroscymnus coelolepis,400.0,3675.0,-61.0,75.0,-180.0,-147.0,121.0,1.0,1.2,1.1,2.5,3.0,2.666666667,2.0,2.0,2.0,,,,Y,Y,N,N,0.9531431585982079,0.6775248017468811,0.00022713897545320009,0.0015255281392817536,Y,Y,N,N
105910,Dalatias licha,37.0,1800.0,-56.0,72.0,-180.0,-153.0,,1.0,3.0,1.8,2.0,3.0,2.5,2.0,2.0,2.0,,,,Y,Y,N,N,0.995493848827314,0.9493450672989223,0.00044990216582899866,0.009710958001783067,Y,Y,N,N
105918,Scymnodon ringens,200.0,1600.0,-54.0,61.0,-180.0,-172.0,110.0,2.0,3.0,2.5,2.5,2.5,2.5,2.0,2.0,2.0,,,,Y,N,N,N,0.8365939086648646,0.8287815631527039,0.00373990917112328,0.002251417296396875,Y,Y,N,N
105919,Somniosus microcephalus,0.0,2647.0,27.0,83.0,-95.0,61.0,,1.0,3.2,2.3,1.0,3.0,2.1625,1.0,2.0,1.5,1.0,1.3,1.15,Y,Y,N,N,0.9674337793865618,0.3727373066479471,0.0013234066424830369,0.02733581408557844,Y,N,N,N
105921,Squaliolus laticaudus,60.0,750.0,-40.0,48.0,-180.0,180.0,27.5,2.5,3.2,2.9,2.2,3.0,2.566666667,2.0,2.0,2.0,3.0,3.0,3.0,Y,N,N,N,0.0015339953821542009,0.001486596381287885,0.00014423367510475044,0.00023783642015625438,N,N,N,N
105923,Squalus acanthias,0.0,1978.0,-57.0,78.0,-180.0,-171.0,160.0,1.0,2.0,1.5,1.0,3.0,2.28,0.0,2.0,1.0,1.0,2.0,1.5,Y,Y,N,N,0.9972243914953799,0.9850640159445667,0.002211978241864495,0.019546931643538996,Y,Y,N,N
126292,Nessorhamphus ingolfianus,0.0,1800.0,,,,,60.0,2.5,3.0,2.75,3.0,3.0,3.0,2.0,2.0,2.0,2.0,2.6,2.3,N,N,N,N,0.19002412397922627,0.17498326227427502,0.06856756176538588,0.00008487898342998894,N,N,N,N
126305,Nemichthys curvirostris,0.0,4400.0,-40.0,40.0,-180.0,180.0,143.0,2.5,2.5,2.5,,,,2.0,2.0,2.0,2.0,3.0,2.5,N,N,N,N,0.8788538392658367,0.8778698299865644,0.21856847877835303,0.001966509669200343,Y,Y,N,N
126306,Nemichthys scolopaceus,100.0,1000.0,-42.0,55.0,-180.0,180.0,130.0,2.5,3.0,2.75,3.0,3.0,3.0,2.0,2.0,2.0,2.0,3.0,2.5,N,N,N,N,0.9957836405385448,0.991223955273262,0.0021462996944261337,0.01048560817149503,Y,Y,N,N
126332,Alepisaurus brevirostris,640.0,1591.0,-72.0,68.0,-180.0,180.0,96.0,2.5,2.5,2.5,3.0,3.0,3.0,2.0,2.0,2.0,2.0,3.0,2.5,Y,Y,N,N,0.018381843599864753,0.2952829303266075,0.00040554866756432325,0.016012911846758807,N,N,N,N
126333,Alepisaurus ferox,0.0,1830.0,-57.0,84.0,-180.0,180.0,215.0,2.5,3.2,2.9,1.3,3.0,2.15,2.0,2.0,2.0,1.3,3.0,2.3,Y,Y,N,N,0.9987870495036689,0.998549261982106,0.017280944452488626,0.636285109494365,Y,Y,N,Y
126349,Scopelosaurus lepidus,500.0,800.0,-18.0,71.0,-81.0,15.0,36.4,2.0,3.0,2.5,3.0,3.0,3.0,2.0,2.0,2.0,1.3,3.0,2.225,N,N,N,N,0.0004361900338037668,0.001068681595506006,0.0002211229602786409,0.000040531275190448454,N,N,N,N
126350,Scopelosaurus smithii,500.0,,-30.0,40.0,,,25.0,2.0,3.0,2.5,2.2,2.5,2.35,2.0,2.0,2.0,2.0,3.0,2.5,N,N,N,N,0.0024875022715210742,0.00007880938350783348,0.0006016035500364677,0.0007184727911738693,N,N,N,N
126361,Paralepis coregonoides,50.0,1032.0,30.0,65.0,-77.0,21.0,29.0,2.5,3.2,2.88,,,,2.0,2.0,2.0,,,,N,N,N,N,0.0015169000347295691,0.0007251117769292021,0.00010556977279019354,0.00009519101621781429,N,N,N,N
126367,Scopelarchus analis,0.0,820.0,,,,,12.6,2.5,3.0,2.75,3.0,3.0,3.0,2.0,2.0,2.0,2.0,3.0,2.466666667,N,N,N,N,0.00006776370210197646,0.0017735967868153164,0.00027294403138732737,0.000011374804097165498,N,N,N,N
126368,Scopelarchus michaelsarsi,250.0,500.0,-37.0,30.0,-180.0,-150.0,10.1,2.5,3.0,2.75,3.0,3.0,3.0,2.0,2.0,2.0,2.6,3.0,2.8,N,N,N,N,0.0002633616738110211,0.0004084562773010902,0.000458129201367506,0.00004197415402532947,N,N,N,N
126375,Belone belone,0.0,20.0,14.0,65.0,-32.0,42.0,104.0,3.0,3.0,3.0,3.0,3.0,3.0,1.0,2.0,1.5,2.0,2.0,2.0,Y,N,N,N,0.6132602406086304,0.3372871918661385,0.01839220369729461,0.03637677771204828,Y,N,N,N
126378,Tylosurus acus,0.0,20.0,,43.0,-98.0,36.0,,3.2,3.2,3.2,1.5,3.0,2.125,2.0,2.0,2.0,2.4,3.0,2.666666667,N,N,N,N,0.9801686724785275,0.2403370121796962,0.17954095658533512,0.020428741152272247,Y,N,N,N
126385,Exocoetus volitans,0.0,20.0,-36.0,44.0,-180.0,180.0,30.0,3.0,3.2,3.1,2.0,2.0,2.0,2.0,2.0,2.0,2.6,3.0,2.8,N,N,N,N,0.8713433892017759,0.0014997988603645646,0.08125141624554325,0.002705818875560095,Y,N,N,N
126387,Hirundichthys speculiger,0.0,20.0,-36.0,42.0,-180.0,180.0,25.1,3.0,3.0,3.0,3.0,3.0,3.0,2.0,2.0,2.0,3.0,3.0,3.0,N,N,N,N,0.018762363547538064,0.0037941221366414443,0.007979768114845038,0.00019671718301864598,N,N,N,N
126392,Scomberesox saurus,0.0,30.0,-22.0,66.0,-98.0,36.0,50.0,3.0,3.0,3.0,3.0,3.0,3.0,2.0,2.0,2.0,2.0,2.6,2.3,Y,N,N,N,0.3009364018647174,0.013183079347563078,0.0628360675062314,0.00033473845009804353,N,N,N,N
126393,Anoplogaster cornuta,500.0,2000.0,-46.0,65.0,-180.0,180.0,18.0,2.5,2.5,2.5,,,,2.0,2.0,2.0,2.0,3.0,2.5,N,N,N,N,0.00020977843990001768,0.00005082846201994641,0.0002529946569057334,0.00010593001980109663,N,N,N,N
126404,Hoplostethus mediterraneus,100.0,1408.0,-78.0,68.0,-98.0,180.0,42.0,2.0,2.0,2.0,,,,2.0,2.0,2.0,2.6,2.6,2.6,N,N,N,N,0.012523279377282159,0.007811154174430347,0.0017853024822988455,0.0004806561239453838,N,N,N,N
126407,Ditropichthys storeri,1000.0,2000.0,-43.0,45.0,,,12.8,2.5,2.5,2.5,,,,2.0,2.0,2.0,,,,N,N,N,N,0.0001135889715342324,0.00004164403192900761,0.00019306735490150835,0.000014397720000966415,N,N,N,N
126412,Rondeletia loricata,200.0,1400.0,-40.0,45.0,-180.0,180.0,11.0,2.5,3.0,2.75,3.0,3.0,3.0,2.0,2.0,2.0,2.0,3.0,2.5,N,N,N,N,0.0013157837410017613,0.00021919839144001195,0.0002064022887205282,0.000027297672198372634,N,N,N,N
126421,Sardina pilchardus,10.0,35.0,14.0,68.0,-32.0,43.0,20.0,3.0,3.0,3.0,2.0,2.0,2.0,0.0,2.0,1.0,1.6,2.6,2.1,N,N,N,N,0.0005581965386213312,0.00018816665541971535,0.00047313619181464796,0.0010406589915618843,N,N,N,N
126422,Sardinella aurita,0.0,350.0,-40.0,47.0,-98.0,43.0,41.0,3.0,3.0,3.0,1.3,2.0,1.766666667,1.0,2.0,1.5,2.6,2.6,2.6,N,N,N,N,0.0027501721128201863,0.0018350462190685009,0.0006961883327862635,0.0012573112357674573,N,N,N,N
126423,Sardinella maderensis,0.0,80.0,-23.0,46.0,-17.0,36.0,30.0,3.0,3.0,3.0,1.0,2.0,1.5,1.0,2.0,1.5,2.6,2.6,2.6,N,N,N,N,0.005150799203711787,0.00010919111665018341,0.01861289375671201,0.0015812445663225508,N,N,N,N
126425,Sprattus sprattus,10.0,150.0,30.0,60.0,-11.0,42.0,16.0,3.0,3.0,3.0,1.0,3.0,1.825,0.0,2.0,1.0,2.0,2.0,2.0,N,N,N,N,0.0017299723996861854,0.0003723849435101,0.0006484976651835892,0.0002871953886674334,N,N,N,N
126439,Micromesistius poutassou,300.0,400.0,26.0,79.0,-82.0,51.0,55.5,2.5,2.5,2.5,2.0,2.5,2.25,2.0,2.0,2.0,2.0,2.0,2.0,N,N,N,N,0.0023725628983246533,0.0007837567030766936,0.00042491891264818775,0.0006895406958404511,N,N,N,N
126444,Trisopterus esmarkii,100.0,200.0,48.0,79.0,-27.0,30.0,35.0,2.0,3.0,2.5,,,,2.0,2.0,2.0,2.0,2.0,2.0,N,N,N,N,0.00025641453942932,0.00037438104323247003,0.00027315956723175254,0.000048546040689192276,N,N,N,N
126473,Nezumia aequalis,200.0,2320.0,-12.0,70.0,-98.0,30.0,36.0,2.0,2.0,2.0,,,,2.0,2.0,2.0,,,,N,N,N,N,0.00024318308763322466,0.00018346662810557178,0.0005265017595175261,0.0001416618223537926,N,N,N,N
126482,Trachyrincus scabrus,400.0,1500.0,-27.0,55.0,-26.0,36.0,50.0,1.2,1.2,1.2,2.0,3.0,2.5,2.0,2.0,2.0,,,,N,N,N,N,0.05132665672066975,0.0006171420444364454,0.0005365169564983568,0.011628311630698135,N,N,N,N
126484,Merluccius merluccius,70.0,370.0,18.0,76.0,-30.0,42.0,100.0,1.0,1.0,1.0,,,,2.0,2.0,2.0,2.0,2.0,2.0,N,N,N,N,0.0159291062468276,0.006011317381371359,0.0006657323235951101,0.002537785375639728,N,N,N,N
126486,Antimora rostrata,1300.0,2500.0,-68.0,70.0,-180.0,180.0,75.0,1.7,2.5,2.066666667,2.5,2.5,2.5,2.0,2.0,2.0,,,,N,N,N,N,0.6819066065555295,0.416819319586169,0.005422042223991743,0.003515158328775828,Y,N,N,N
126497,Mora moro,450.0,2500.0,-51.0,64.0,-180.0,-174.0,80.0,1.0,2.5,1.833333333,2.5,2.5,2.5,2.0,2.0,2.0,,,,N,N,N,N,0.7764176909680683,0.34246237552761005,0.014800842667555509,0.001496642616222047,Y,N,N,N
126522,Lampris guttatus,100.0,400.0,-60.0,75.0,-180.0,180.0,200.0,2.5,3.2,2.9,3.0,3.0,3.0,2.0,2.0,2.0,2.0,3.0,2.5,Y,Y,N,N,0.9702065295547653,0.9958073723122414,0.0003483810853587985,0.49861488481821264,Y,Y,N,N
126524,Radiicephalus elongatus,,,-40.0,38.0,-180.0,180.0,80.0,3.0,3.0,3.0,3.0,3.0,3.0,2.0,2.0,2.0,,,,N,N,N,N,0.9695378030186844,0.21640066935612454,0.03430770826351387,0.004078985410985574,Y,N,N,N
126525,Regalecus glesne,15.0,1000.0,15.0,72.0,-180.0,180.0,800.0,3.0,3.2,3.066666667,3.0,3.0,3.0,2.0,2.0,2.0,1.6,3.0,2.3,Y,Y,N,N,0.9801959618674898,0.9479476028022572,0.0014757588005644183,0.41139432777817103,Y,Y,N,N
126526,Stylephorus chordatus,625.0,800.0,-37.0,45.0,-130.0,20.0,32.0,2.5,3.0,2.8,3.0,3.0,3.0,2.0,2.0,2.0,2.6,3.0,2.8,N,N,N,N,0.0006296648619587736,0.009170158746442267,0.000054693135831857744,0.0001361229119741101,N,N,N,N
126527,Trachipterus arcticus,100.0,900.0,25.0,72.0,-62.0,25.0,,2.5,3.2,2.9,3.0,3.0,3.0,2.0,2.0,2.0,,,,Y,Y,N,N,0.5849817596195045,0.6123508825156991,0.0005668746657084143,0.001653993047447684,Y,Y,N,N
126528,Trachipterus trachypterus,200.0,1355.0,-48.0,45.0,-180.0,-153.0,,2.5,3.2,2.9,2.5,3.0,2.75,2.0,2.0,2.0,2.6,3.0,2.8,Y,Y,N,N,0.9890302891785272,0.9603316450182717,0.0057047312191805775,0.0016732012261575777,Y,Y,N,N
126537,Ceratias holboelli,400.0,4400.0,-45.0,67.0,-180.0,180.0,16.0,2.5,2.5,2.5,,,,2.0,2.0,2.0,1.3,3.0,1.9,N,N,N,N,0.00021027324604978506,0.000050695308063619504,0.0000897477780750988,0.00004025924928015652,N,N,N,N
126538,Cryptopsaras couesii,500.0,1250.0,-52.0,81.0,-180.0,180.0,44.0,2.5,2.5,2.5,,,,2.0,2.0,2.0,2.6,3.0,2.8,N,N,N,N,0.030464432638056028,0.028145379770622314,0.0012038111806326507,0.0003680919267860517,N,N,N,N
126566,Leptacanthichthys gracilispinis,0.0,2000.0,,,,,,2.5,2.5,2.5,3.0,3.0,3.0,2.0,2.0,2.0,,,,N,N,N,N,0.7007455181001873,0.26103424735217756,0.014865676876634887,0.00008030532962792474,Y,N,N,N
126581,Benthosema suborbitale,0.0,125.0,-50.0,50.0,-180.0,180.0,3.9,2.5,3.2,2.9,3.0,3.0,3.0,2.0,2.0,2.0,2.0,3.0,2.5,N,N,N,N,0.003703943634573769,0.0036922780608329864,0.002862519511571799,0.00027542586449832296,N,N,N,N
126582,Bolinichthys indicus,25.0,300.0,-45.0,-20.0,,,4.6,2.5,3.0,2.75,3.0,3.0,3.0,2.0,2.0,2.0,2.6,2.6,2.6,N,N,N,N,0.0006205896178597196,0.000733175515231753,0.0004934379003152587,0.00006565924199722744,N,N,N,N
126583,Bolinichthys supralateralis,40.0,650.0,-40.0,45.0,-169.0,-153.0,11.7,2.5,3.0,2.75,3.0,3.0,3.0,2.0,2.0,2.0,3.0,3.0,3.0,N,N,N,N,0.0009585603409728205,0.00030813901190638004,0.00007043006191083461,0.00002881758571154866,N,N,N,N
126584,Centrobranchus nigroocellatus,0.0,200.0,-45.0,40.0,,,5.0,2.5,3.2,2.9,3.0,3.0,3.0,2.0,2.0,2.0,,,,N,N,N,N,0.0037090163378591576,0.0006763844822061513,0.0011779351266553181,0.00002343066059275919,N,N,N,N
126585,Ceratoscopelus maderensis,51.0,250.0,20.0,50.0,,,8.1,2.5,3.2,2.85,3.0,3.0,3.0,2.0,2.0,2.0,2.0,2.0,2.0,N,N,N,N,0.008396495682922335,0.0004346121613861933,0.0007083880949889197,0.00008566391945602233,N,N,N,N
126589,Diaphus brachycephalus,0.0,225.0,-33.0,42.0,,,6.0,2.5,3.0,2.75,3.0,3.0,3.0,2.0,2.0,2.0,2.6,3.0,2.8,N,N,N,N,0.0004945521104229231,0.0009961469924038202,0.008610585587966927,0.000014472862723749397,N,N,N,N
126590,Diaphus dumerilii,0.0,50.0,-45.0,51.0,,,9.5,3.0,3.2,3.1,3.0,3.0,3.0,2.0,2.0,2.0,2.6,3.0,2.8,N,N,N,N,0.022471416901889415,0.002232616244105068,0.026200668936738003,0.0007230451300763649,N,N,N,N
126594,Diaphus metopoclampus,375.0,850.0,-55.0,49.0,-180.0,-153.0,7.5,2.0,3.0,2.5,3.0,3.0,3.0,2.0,2.0,2.0,,,,N,N,N,N,0.00027035492666406156,0.0003998096376474759,0.00004083858656375851,0.0001979209606409016,N,N,N,N
126599,Diogenichthys atlanticus,18.0,1050.0,-48.0,50.0,-180.0,-109.0,2.9,2.5,3.2,2.9,3.0,3.0,3.0,2.0,2.0,2.0,,,,N,N,N,N,0.0013976553853088647,0.002234188859780485,0.00005817476632648966,0.00003362295788725633,N,N,N,N
126603,Hygophum hygomii,0.0,300.0,-40.0,46.0,,,7.7,2.5,3.0,2.75,3.0,3.0,3.0,2.0,2.0,2.0,2.6,2.6,2.6,N,N,N,N,0.00031226768491750815,0.00018802001897639782,0.0004666255399199093,0.000021808035881799494,N,N,N,N
126607,Lampadena chavesi,0.0,175.0,-33.0,-26.0,,,8.0,2.5,3.2,2.9,3.0,3.0,3.0,2.0,2.0,2.0,,,,N,N,N,N,0.0007334362814764855,0.00032584157780292763,0.00023907158583327896,0.0001583422820524179,N,N,N,N
126612,Lampanyctus crocodilus,0.0,1200.0,16.0,72.0,-82.0,36.0,14.8,2.0,3.2,2.675,3.0,3.0,3.0,2.0,2.0,2.0,,,,N,N,N,N,0.0004570822860720565,0.0006544985156334358,0.0006611651401736609,0.0000765262346162977,N,N,N,N
126614,Lampanyctus festivus,40.0,1052.0,-56.0,50.0,-180.0,180.0,13.8,2.5,3.0,2.75,3.0,3.0,3.0,2.0,2.0,2.0,2.6,2.6,2.6,N,N,N,N,0.0017342225077544595,0.0011406914384169803,0.0007801712029123797,0.005672752057369691,N,N,N,N
126616,Nannobrachium lineatum,60.0,225.0,-27.0,42.0,-180.0,-153.0,23.7,,,,,,,,,,,,,N,N,N,N,0.0010971893696815889,0.00034408408724463305,0.0042092553314175855,0.00001689650703875638,N,N,N,N
126625,Loweina rara,0.0,175.0,-30.0,46.0,,,4.5,2.5,3.2,2.9,3.0,3.0,3.0,2.0,2.0,2.0,,,,N,N,N,N,0.001327962862386695,0.0010174159860083954,0.005183238270585246,0.000019837652547128146,N,N,N,N
126626,Myctophum nitidulum,0.0,5.0,-34.0,42.0,-180.0,-117.0,8.3,2.5,3.2,2.9,3.0,3.0,3.0,2.0,2.0,2.0,2.6,3.0,2.8,N,N,N,N,0.0024230274731983515,0.004519924918473694,0.0012718214018521915,0.00013278087975272703,N,N,N,N
126627,Myctophum punctatum,225.0,750.0,15.0,69.0,-67.0,36.0,11.0,2.5,3.2,2.9,3.0,3.0,3.0,2.0,2.0,2.0,,,,N,N,N,N,0.0007315396590996256,0.0005573900004715123,0.0000883857745576242,0.0000896930511580327,N,N,N,N
126629,Notolychnus valdiviae,25.0,350.0,-40.0,56.0,-180.0,180.0,6.3,2.5,3.2,2.9,3.0,3.0,3.0,2.0,2.0,2.0,2.0,2.6,2.3,N,N,N,N,0.0008678749057128399,0.0013603255190077176,0.00025512942925246267,0.0016388940458847852,N,N,N,N
126632,Taaningichthys minimus,50.0,500.0,-30.0,-18.0,-180.0,21.0,6.5,2.5,3.2,2.9,3.0,3.0,3.0,2.0,2.0,2.0,,,,N,N,N,N,0.0005125168361629187,0.0006342140506331675,0.00011880976665883874,0.00006265741386349662,N,N,N,N
126715,Argentina silus,182.8,255.9,42.0,80.0,-71.0,31.0,70.0,2.5,2.5,2.5,,,,2.0,2.0,2.0,1.0,1.0,1.0,N,N,N,N,0.004307004261061261,0.0014318070509250023,0.0015740791132144427,0.0002499591658097723,N,N,N,N
126733,Opisthoproctus soleatus,500.0,700.0,,51.0,,,11.0,2.5,3.0,2.75,3.0,3.0,3.0,2.0,2.0,2.0,2.0,3.0,2.5,N,N,N,N,0.00025720836167198233,0.0004630189530008152,0.00008693230294077617,0.00010070316851811003,N,N,N,N
126734,Rhynchohyalus natalensis,250.0,625.0,-49.0,35.0,-180.0,-154.0,16.0,3.0,3.0,3.0,3.0,3.0,3.0,2.0,2.0,2.0,2.0,3.0,2.5,N,N,N,N,0.0002482881999808484,0.0004142342844974705,0.00016424221860031346,0.0008474945982000379,N,N,N,N
126735,Mallotus villosus,0.0,725.0,37.0,84.0,-180.0,180.0,25.2,3.0,3.0,3.0,1.3,3.0,2.15,0.0,2.0,1.0,1.0,1.0,1.0,N,N,N,N,0.013326574965016382,0.009724846883143574,0.0007008218325747277,0.0008043757514036926,N,N,N,N
126757,Anarhichas denticulatus,100.0,900.0,43.0,81.0,-123.0,61.0,180.0,1.7,3.0,2.233333333,2.0,2.0,2.0,2.0,2.0,2.0,1.0,1.0,1.0,N,N,N,N,0.4252668077096432,0.6718011182633149,0.00028174796917695635,0.00817195672017173,N,Y,N,N
126783,Brama brama,0.0,1000.0,-35.0,30.0,-180.0,180.0,100.0,2.0,3.2,2.8,2.0,3.0,2.5,2.0,2.0,2.0,2.4,3.0,2.666666667,Y,Y,Y,N,0.9560826695670767,0.9531828330340009,0.4351312124530897,0.01646934692143704,Y,Y,N,N
126785,Pterycombus brama,25.0,400.0,-1.0,67.0,-98.0,36.0,46.0,3.0,3.0,3.0,2.0,3.0,2.333333333,2.0,2.0,2.0,2.6,2.6,2.6,N,N,N,N,0.10540124954877518,0.0020372289286358777,0.007323857109570661,0.039004347132707715,N,N,N,N
126786,Taractes asper,0.0,1000.0,-40.0,70.0,-180.0,180.0,,3.0,3.2,3.1,2.0,3.0,2.5,2.0,2.0,2.0,2.0,3.0,2.466666667,Y,Y,N,N,0.9994626894230979,0.9882125230399001,0.09450046026914417,0.15992463880296715,Y,Y,N,N
126787,Taractes rubescens,0.0,600.0,,,,,89.0,2.0,3.2,2.733333333,1.3,3.0,2.266666667,2.0,2.0,2.0,2.0,3.0,2.533333333,Y,Y,N,N,0.6237749900335545,0.1796271709735343,0.13479553312903794,0.0004637315312111098,Y,N,N,N
126788,Taractichthys longipinnis,0.0,500.0,-35.0,60.0,-98.0,21.0,,3.0,3.2,3.066666667,2.0,3.0,2.5,2.0,2.0,2.0,2.6,2.6,2.6,Y,Y,N,N,0.9994378561858195,0.9883443022421426,0.8523328237850435,0.24524701553565748,Y,Y,Y,N
126802,Caranx crysos,0.0,100.0,-26.0,46.0,-97.0,32.0,70.0,3.0,3.0,3.0,1.0,3.0,2.0,1.0,2.0,1.5,2.6,3.0,2.8,Y,N,Y,N,0.996721972276573,0.16956931771732808,0.8004914352889524,0.014235959396671922,Y,N,Y,N
126803,Caranx hippos,1.0,200.0,-35.0,45.0,-98.0,14.0,124.0,,,,0.0,2.0,1.416666667,1.0,2.0,1.5,2.6,2.6,2.6,Y,N,N,N,0.8609544867866713,0.12291706068477601,0.41188322631844904,0.07093156682983959,Y,N,N,N
126805,Caranx lugubris,3.0,380.0,-30.0,30.0,-180.0,180.0,100.0,2.0,2.0,2.0,1.5,3.0,2.25,2.0,2.0,2.0,2.6,2.6,2.6,Y,N,Y,N,0.8719930570463855,0.4541507853081927,0.21436856303427704,0.014741578784092494,Y,N,N,N
126807,Decapterus macarellus,40.0,200.0,-46.0,54.0,-180.0,180.0,46.0,3.0,3.2,3.066666667,2.0,3.0,2.5,2.0,2.0,2.0,2.6,2.6,2.6,Y,N,Y,Y,0.9039042889455624,0.007077553708287884,0.2566310752094138,0.01090276999261452,Y,N,N,N
126809,Elagatis bipinnulata,1.0,150.0,-41.0,44.0,-180.0,180.0,180.0,3.0,3.0,3.0,1.5,3.0,2.0,2.0,2.0,2.0,2.6,2.6,2.6,Y,Y,Y,N,0.9990493043616959,0.9824714554300757,0.9298360904354074,0.11782565179605861,Y,Y,Y,N
126811,Naucrates ductor,0.0,150.0,-43.0,61.0,-180.0,180.0,70.0,3.0,3.0,3.0,1.5,3.0,2.166666667,2.0,2.0,2.0,2.6,2.6,2.6,Y,Y,Y,N,0.7135178417176066,0.10465364725212806,0.8875218152846234,0.1637040886106606,Y,N,Y,N
126814,Selene dorsalis,20.0,100.0,-28.0,39.0,,,40.0,1.0,3.0,2.0,1.0,3.0,1.825,1.0,2.0,1.5,2.6,2.6,2.6,Y,N,Y,N,0.071917042486499,0.0002276456292484203,0.019182375955547167,0.035850382886552824,N,N,N,N
126816,Seriola dumerili,1.0,385.0,-36.0,49.0,-98.0,128.0,190.0,1.7,3.0,2.35,1.3,3.0,1.966666667,2.0,2.0,2.0,2.6,2.6,2.6,Y,Y,N,Y,0.9909494427121526,0.9916586328730801,0.004465601583643608,0.29999036897599873,Y,Y,N,N
126818,Seriola rivoliana,3.0,250.0,-38.0,43.0,-180.0,180.0,160.0,1.7,3.0,2.233333333,1.5,2.5,1.875,2.0,2.0,2.0,2.0,2.6,2.3,Y,Y,Y,N,0.7910543502546484,0.10746740323719971,0.0657740887166023,0.0129949944541689,Y,N,N,N
126820,Trachurus mediterraneus,5.0,250.0,16.0,50.0,-20.0,43.0,60.0,2.0,3.2,2.6,2.0,3.0,2.5,1.0,2.0,1.5,2.6,2.6,2.6,N,N,N,N,0.6430618421465968,0.06800376104940575,0.1261794979962461,0.000883717433985511,Y,N,N,N
126821,Trachurus picturatus,305.0,370.0,-41.0,45.0,-32.0,17.0,,1.0,3.0,2.0,2.0,3.0,2.4,2.0,2.0,2.0,2.6,2.6,2.6,N,N,N,N,0.9818932131702435,0.6225211601576665,0.06541638818532292,0.4195184466236956,Y,Y,N,N
126822,Trachurus trachurus,0.0,1050.0,-38.0,67.0,-26.0,42.0,70.0,3.0,3.0,3.0,2.0,3.0,2.5,2.0,2.0,2.0,2.6,2.6,2.6,N,N,N,N,0.7986867136452732,0.4666385634848978,0.8985007840548619,0.09735024199938033,Y,N,Y,N
126823,Trachurus trecae,20.0,300.0,-19.0,35.0,-26.0,14.0,,2.0,2.0,2.0,2.0,3.0,2.5,1.0,2.0,1.5,3.0,3.0,3.0,Y,N,N,Y,0.9918595476901403,0.9583708166606811,0.2227707042756154,0.5019761915335077,Y,Y,N,Y
126828,Spicara maena,30.0,90.0,28.0,47.0,-19.0,42.0,21.0,1.0,3.0,2.0,1.3,2.0,1.65,2.0,2.0,2.0,2.6,2.6,2.6,N,N,N,N,0.0002847602266462438,0.0000481896799802414,0.006973554844474356,0.0008509915468051464,N,N,N,N
126830,Spicara smaris,,,20.0,47.0,-19.0,42.0,24.2,1.0,3.0,2.0,1.3,2.0,1.65,2.0,2.0,2.0,2.6,2.6,2.6,N,N,N,N,0.0004181044171064161,0.0007798938648578879,0.000511655818790988,0.013500460043859006,N,N,N,N
126831,Centrolophus niger,300.0,700.0,-55.0,68.0,-180.0,180.0,150.0,1.7,3.2,2.68,2.0,3.0,2.5,2.0,2.0,2.0,2.0,2.4,2.2,Y,Y,N,Y,0.960510968561812,0.9757057440160803,0.0004993697909443246,0.02637879028460748,Y,Y,N,N
126843,Pseudoscopelus altipinnis,30.0,2400.0,-36.0,46.0,-180.0,180.0,20.0,2.5,3.0,2.833333333,3.0,3.0,3.0,2.0,2.0,2.0,3.0,3.0,3.0,N,N,N,N,0.00017496786703169497,0.0018956798998121323,0.0001344174525086292,0.0008011353506006208,N,N,N,N
126845,Coryphaena equiselis,0.0,119.0,-48.0,48.0,-180.0,180.0,,3.0,3.0,3.0,2.0,3.0,2.5,2.0,2.0,2.0,2.6,3.0,2.8,Y,Y,Y,N,0.9994427054869607,0.7157781853922481,0.9856702701449437,0.22118239411364526,Y,Y,Y,N
126846,Coryphaena hippurus,0.0,85.0,-40.0,50.0,180.0,-180.0,210.0,3.0,3.0,3.0,2.0,3.0,2.666666667,1.0,2.0,1.5,2.0,3.0,2.533333333,Y,Y,Y,Y,0.9949474042014471,0.8339677016389562,0.7369979018945897,0.0035975922402511668,Y,Y,Y,N
126848,Echeneis naucrates,0.0,50.0,-45.0,45.0,-180.0,180.0,110.0,3.0,3.0,3.0,1.3,3.0,2.06,1.0,2.0,1.5,2.0,3.0,2.533333333,Y,N,Y,N,0.9808043132365473,0.26957232537006626,0.8184142396377337,0.034450394649825,Y,N,Y,N
126849,Phtheirichthys lineatus,1.0,100.0,,,,,,3.0,3.0,3.0,2.0,3.0,2.5,2.0,2.0,2.0,2.6,3.0,2.8,Y,N,Y,N,0.9412727123064062,0.023671053046428938,0.9663977026499543,0.003889712404331208,Y,N,Y,N
126851,Remora brachyptera,0.0,200.0,,,,,50.0,3.0,3.2,3.1,2.0,3.0,2.5,2.0,2.0,2.0,2.4,3.0,2.666666667,Y,N,Y,N,0.8443533962346272,0.01340767661596444,0.6884034402354372,0.001405453267099618,Y,N,Y,N
126852,Remora osteochir,1.0,200.0,-45.0,42.0,-180.0,180.0,,3.0,3.0,3.0,2.0,3.0,2.5,2.0,2.0,2.0,2.0,3.0,2.5,Y,N,Y,N,0.9997059875729929,0.9976316190175696,0.48736786044190045,0.00901223354191538,Y,Y,N,N
126853,Remora remora,62.0,86.0,-36.0,60.0,-180.0,180.0,86.4,,,,1.5,3.0,2.166666667,2.0,2.0,2.0,2.4,3.0,2.666666667,Y,N,Y,N,0.8986706340599917,0.05386566748561082,0.3208940797696866,0.31273131868597626,Y,N,N,N
126862,Gempylus serpens,0.0,200.0,-40.0,42.0,-180.0,180.0,100.0,3.0,3.2,3.1,2.0,3.0,2.5,2.0,2.0,2.0,2.0,3.0,2.533333333,Y,Y,Y,N,0.9974868507211336,0.48045099597015534,0.9977845186557965,0.015004997871303194,Y,N,Y,N
126863,Lepidocybium flavobrunneum,200.0,1100.0,-56.0,50.0,-180.0,180.0,200.0,2.0,3.0,2.5,2.0,3.0,2.5,2.0,2.0,2.0,2.0,3.0,2.5,Y,Y,N,N,0.9654129199795172,0.9982134012099952,0.00838690796762372,0.010144512239664616,Y,Y,N,N
126864,Nealotus tripes,0.0,1646.0,-35.0,47.0,-180.0,180.0,25.0,2.5,3.2,2.9,2.0,3.0,2.5,2.0,2.0,2.0,2.0,3.0,2.5,N,N,N,N,0.004260078690830186,0.0034986393507213396,0.0006697417106758994,0.005493659391996332,N,N,N,N
126865,Nesiarchus nasutus,200.0,1200.0,-47.0,70.0,-180.0,180.0,130.0,2.0,3.0,2.5,2.0,3.0,2.625,2.0,2.0,2.0,2.0,3.0,2.533333333,Y,Y,N,N,0.8895988598927773,0.8546521407856962,0.060868548465966316,0.7161324415319663,Y,Y,N,Y
126866,Promethichthys prometheus,300.0,400.0,-36.0,50.0,-180.0,180.0,100.0,2.0,3.0,2.5,2.0,3.0,2.5,2.0,2.0,2.0,2.0,3.0,2.533333333,N,N,N,N,0.9006910435672842,0.10402942673002248,0.30421786368103876,0.01578971237553343,Y,N,N,N
126867,Ruvettus pretiosus,200.0,400.0,-43.0,55.0,-180.0,180.0,300.0,2.0,2.0,2.0,2.0,3.0,2.583333333,2.0,2.0,2.0,2.0,3.0,2.5,Y,Y,N,N,0.9936354288711675,0.9947024327301072,0.011506509865941062,0.13118945426698325,Y,Y,N,N
126949,Istiophorus albicans,0.0,200.0,-55.0,56.0,-99.0,18.0,315.0,3.0,3.2,3.1,2.0,3.0,2.5,2.0,2.0,2.0,2.0,3.0,2.5,Y,Y,Y,N,0.9998674516442771,0.9995789277207895,0.6278207888426285,0.7825940890401148,Y,Y,Y,Y
126950,Makaira nigricans,0.0,10.0,-45.0,50.0,-180.0,180.0,500.0,3.0,3.2,3.1,2.0,3.0,2.5,2.0,2.0,2.0,2.0,3.0,2.533333333,Y,Y,Y,Y,0.9995308916191664,0.9331973736681781,0.9934579965213097,0.719318802403189,Y,Y,Y,Y
126952,Tetrapturus belone,0.0,200.0,30.0,46.0,-6.0,36.0,240.0,3.0,3.2,3.066666667,2.0,3.0,2.5,2.0,2.0,2.0,2.6,2.6,2.6,Y,Y,Y,Y,0.9392407655345497,0.9366658461082337,0.3809050692953387,0.23689139426808353,Y,Y,N,N
126953,Tetrapturus georgii,0.0,200.0,-29.0,42.0,-98.0,18.0,,3.0,3.0,3.0,2.0,3.0,2.5,2.0,2.0,2.0,2.6,3.0,2.8,Y,Y,N,N,0.9972621783038843,0.9021782250923858,0.17996881982205182,0.017298985627919195,Y,Y,N,N
126954,Tetrapturus pfluegeri,0.0,240.0,-35.0,40.0,-98.0,17.0,254.0,3.0,3.2,3.1,2.5,3.0,2.75,2.0,2.0,2.0,2.6,2.6,2.6,Y,Y,Y,N,0.9994656673583115,0.9978158596119046,0.026908640360066603,0.39489420920282087,Y,Y,N,N
126973,Lobotes surinamensis,0.0,70.0,-53.0,45.0,-180.0,-154.0,110.0,2.0,2.0,2.0,1.0,2.5,1.7,1.0,2.0,1.5,2.6,3.0,2.8,Y,N,Y,N,0.9997505741824886,0.19314892269745165,0.9111594593192038,0.03448799586747903,Y,N,Y,N
126974,Luvarus imperialis,0.0,500.0,-25.0,60.0,-180.0,180.0,200.0,3.0,3.2,3.066666667,2.0,3.0,2.5,2.0,2.0,2.0,2.0,3.0,2.533333333,Y,Y,Y,N,0.9994689546099117,0.9882480377612052,0.9240704873606219,0.6955809760329494,Y,Y,Y,Y
126976,Dicentrarchus punctatus,30.0,,10.0,51.0,,,70.0,2.0,2.0,2.0,0.0,2.0,1.0,1.0,2.0,1.5,2.6,2.6,2.6,N,N,N,N,0.8356330542594681,0.010652723359343572,0.02964074829849633,0.00044781684397014336,Y,N,N,N
126989,Upeneus moluccensis,10.0,150.0,-27.0,35.0,32.0,168.0,,,,,1.5,2.2,1.925,1.0,2.0,1.5,2.6,2.6,2.6,N,N,N,N,0.9855079606272935,0.24545862807176747,0.03670136541666259,0.7890081403638092,Y,N,N,Y
126991,Nomeus gronovii,0.0,1000.0,-45.0,52.0,-180.0,180.0,40.0,1.0,3.0,2.0,2.0,3.0,2.5,2.0,2.0,2.0,2.4,3.0,2.666666667,N,N,N,N,0.1798577132172363,0.0020206422689770837,0.016290013899222,0.008339019686786388,N,N,N,N
126992,Psenes maculatus,0.0,1280.0,7.0,41.0,-180.0,180.0,10.0,3.0,3.2,3.1,3.0,3.0,3.0,1.0,2.0,1.5,2.6,2.6,2.6,N,N,N,N,0.0012455472818119276,0.0009439601700988504,0.027803522375392728,0.017306594514100326,N,N,N,N
126998,Polyprion americanus,42.0,1000.0,-55.0,70.0,-82.0,179.0,210.0,1.0,1.0,1.0,2.0,3.0,2.5,2.0,2.0,2.0,,,,Y,Y,N,N,0.9978678105501997,0.9902711781931548,0.0013475559271087859,0.07730857566064872,Y,Y,N,N
127006,Rachycentron canadum,0.0,50.0,-37.0,47.0,-98.0,166.0,200.0,3.0,3.0,3.0,1.0,3.0,1.7625,1.0,2.0,1.5,2.6,3.0,2.8,Y,Y,N,Y,0.9987061756765853,0.7595266449532475,0.5287699449344998,0.09558791751743269,Y,Y,Y,N
127014,Acanthocybium solandri,0.0,340.0,-48.0,59.0,-180.0,180.0,250.0,3.0,3.2,3.1,2.0,3.0,2.5,2.0,2.0,2.0,2.6,3.0,2.8,Y,Y,Y,N,0.9991455882960527,0.989439607715422,0.9655095458606993,0.8567094889177006,Y,Y,Y,Y
127015,Auxis rochei,0.0,200.0,-51.0,61.0,-180.0,180.0,,3.0,3.0,3.0,2.0,3.0,2.5,1.0,2.0,1.5,2.0,3.0,2.5,Y,Y,N,Y,0.9994691669577752,0.9764008497889849,0.9830563738557153,0.3803364504591419,Y,Y,Y,N
127016,Auxis thazard,0.0,200.0,-51.0,61.0,-180.0,180.0,65.0,3.0,3.2,3.1,2.0,3.0,2.5,2.0,2.0,2.0,2.6,2.6,2.6,Y,Y,Y,Y,0.9278139535732914,0.6368355934176594,0.9774619300798041,0.645227359985812,Y,Y,Y,Y
127017,Euthynnus alletteratus,1.0,150.0,-30.0,56.0,-92.0,42.0,122.0,3.0,3.0,3.0,1.3,3.0,1.95,1.0,2.0,1.5,2.6,3.0,2.8,Y,Y,N,Y,0.9967947214277425,0.043345463115888196,0.19727015998381586,0.2721926451678349,Y,N,N,N
127018,Katsuwonus pelamis,0.0,596.0,-47.0,63.0,-180.0,180.0,110.0,3.0,3.0,3.0,2.0,3.0,2.5,2.0,2.0,2.0,2.0,3.0,2.466666667,Y,Y,Y,Y,0.9978839436216778,0.9183981191143469,0.28772135453986236,0.019277173697916043,Y,Y,N,N
127019,Orcynopsis unicolor,,,-13.0,60.0,-18.0,36.0,130.0,3.0,3.2,3.1,2.0,3.0,2.5,1.0,2.0,1.5,2.0,2.6,2.3,Y,N,N,Y,0.19551647665433725,0.04949082057880212,0.07693992935482319,0.32253253535973486,N,N,N,N
127020,Rastrelliger kanagurta,0.0,90.0,-36.0,38.0,20.0,180.0,42.1,3.0,3.0,3.0,1.3,2.0,1.65,2.0,2.0,2.0,3.0,3.0,3.0,N,N,N,N,0.005852240987335602,0.0006307313715986035,0.014843359929968897,0.000034349665532942985,N,N,N,N
127021,Sarda sarda,0.0,200.0,-40.0,62.0,-98.0,42.0,91.4,3.0,3.2,3.1,1.0,3.0,2.0,1.0,2.0,1.5,2.6,2.6,2.6,Y,Y,N,Y,0.9887776550490461,0.7586959152252853,0.6136640331390734,0.2853529239596193,Y,Y,Y,N
127023,Scomber scombrus,0.0,200.0,30.0,75.0,-77.0,42.0,60.0,3.0,3.2,3.1,2.0,3.0,2.333333333,1.0,2.0,1.5,2.0,2.0,2.0,Y,Y,N,N,0.13360254902561403,0.08614101244674248,0.008489582050877924,0.062032114097003294,N,N,N,N
127024,Scomberomorus commerson,0.0,200.0,-41.0,39.0,-7.0,180.0,240.0,3.0,3.0,3.0,1.5,3.0,2.0,1.0,2.0,1.5,3.0,3.0,3.0,Y,Y,N,N,0.9805602987610598,0.9424622477572048,0.13637910049371404,0.7629289896147221,Y,Y,N,Y
127025,Scomberomorus tritor,1.0,40.0,-19.0,45.0,-24.0,14.0,100.0,3.0,3.0,3.0,1.0,3.0,2.0,1.0,2.0,1.5,2.4,3.0,2.7,Y,N,Y,N,0.9849172476669646,0.30446452660619167,0.2626220259483466,0.15238641478326892,Y,N,N,N
127026,Thunnus alalunga,0.0,600.0,-50.0,60.0,-180.0,180.0,140.0,3.0,3.2,3.066666667,2.0,3.0,2.5,2.0,2.0,2.0,2.0,3.0,2.533333333,Y,Y,Y,Y,0.9995570340106386,0.9979046791137538,0.6367315447256378,0.12186679396482158,Y,Y,Y,N
127027,Thunnus albacares,1.0,250.0,-20.0,20.0,-180.0,180.0,239.0,3.0,3.2,3.066666667,2.0,3.0,2.666666667,1.0,2.0,1.5,2.6,3.0,2.8,Y,Y,Y,Y,0.9997557756119806,0.9873285558270373,0.6947899845221267,0.03484387841287919,Y,Y,Y,N
127028,Thunnus obesus,0.0,500.0,-50.0,60.0,-180.0,180.0,250.0,3.0,3.0,3.0,2.0,3.0,2.5,2.0,2.0,2.0,2.6,2.6,2.6,Y,Y,Y,Y,0.9983539121952859,0.9944185496218498,0.9504040822650338,0.5992387423380262,Y,Y,Y,Y
127029,Thunnus thynnus,0.0,100.0,-58.0,69.0,-99.0,42.0,458.0,3.0,3.0,3.0,2.0,3.0,2.5,1.0,2.0,1.5,2.6,2.6,2.6,Y,Y,Y,Y,0.9980470006029376,0.9977902875893829,0.44627684015135327,0.9819853714650449,Y,Y,N,Y
127068,Sphyraena sphyraena,0.0,100.0,-18.0,48.0,-31.0,37.0,150.0,3.2,3.2,3.2,2.0,2.0,2.0,2.0,2.0,2.0,2.6,2.6,2.6,N,N,N,N,0.6901042929206338,0.055255932131741764,0.5398274650551931,0.6543675680611643,Y,N,Y,Y
127076,Stromateus fiatola,10.0,160.0,-34.0,48.0,-18.0,36.0,50.0,2.0,2.0,2.0,1.3,3.0,2.075,2.0,2.0,2.0,2.6,2.6,2.6,N,N,N,N,0.4749864132026318,0.004316068800170471,0.2449322159211694,0.0023632012541877486,N,N,N,N
127087,Benthodesmus simonyi,200.0,950.0,16.0,72.0,-67.0,20.0,,2.0,3.0,2.5,2.5,3.0,2.9,2.0,2.0,2.0,,,,Y,Y,N,N,0.896316073856705,0.8809721856505478,0.0002564130881292585,0.0001306137126389928,Y,Y,N,N
127088,Lepidopus caudatus,50.0,750.0,-49.0,64.0,-29.0,180.0,210.0,2.0,3.0,2.5,1.3,3.0,2.25,2.0,2.0,2.0,,,,Y,Y,N,N,0.9934177583900575,0.9669215423997637,0.0004933433562989938,0.20756595572931616,Y,Y,N,N
127089,Trichiurus lepturus,40.0,120.0,-54.0,49.0,-114.0,180.0,234.0,2.0,3.2,2.6,1.0,2.0,1.666666667,1.0,2.0,1.5,2.0,2.6,2.333333333,N,N,N,N,0.9942851128669071,0.915656599964818,0.037918465376875335,0.11273838016593424,Y,Y,N,N
127094,Xiphias gladius,0.0,100.0,-50.0,69.0,-180.0,180.0,455.0,3.0,3.2,3.1,2.0,3.0,2.5,2.0,2.0,2.0,1.6,3.0,2.2,Y,Y,Y,Y,0.9993078614940647,0.9654713518554177,0.34817445245785267,0.6581765067926945,Y,Y,N,Y
127254,Sebastes mentella,300.0,750.0,41.0,79.0,-67.0,35.0,77.5,1.0,3.0,2.24,3.0,3.0,3.0,2.0,2.0,2.0,,,,N,N,N,N,0.23988660177735752,0.05446019508966997,0.001319531051136826,0.00012526747022480764,N,N,N,N
127268,Melamphaes microps,300.0,2516.0,-46.0,-27.0,,,9.64,2.5,2.5,2.5,3.0,3.0,3.0,2.0,2.0,2.0,1.0,1.0,1.0,N,N,N,N,0.00023284103915714946,0.0006456157491400966,0.00034195475815402144,0.00008002639497332248,N,N,N,N
127282,Cyclothone acclinidens,300.0,1500.0,-67.0,80.0,-180.0,180.0,6.5,2.5,3.0,2.75,3.0,3.0,3.0,2.0,2.0,2.0,2.6,3.0,2.8,N,N,N,N,0.0019242624358183618,0.0029535724932942113,0.002529661914273496,0.0021865585221593304,N,N,N,N
127286,Cyclothone microdon,500.0,2700.0,-45.0,67.0,-180.0,180.0,7.6,2.5,3.0,2.75,3.0,3.0,3.0,2.0,2.0,2.0,1.3,3.0,2.225,N,N,N,N,0.00022732146586618602,0.00006236047866943218,0.000018215754674240276,0.00059863418084161,N,N,N,N
127288,Cyclothone pallida,600.0,1800.0,-40.0,61.0,-180.0,180.0,7.5,2.5,3.0,2.75,3.0,3.0,3.0,2.0,2.0,2.0,2.0,3.0,2.5,N,N,N,N,0.0003258695780278036,0.0017230761000923544,0.000209333512558583,0.0005629692844380609,N,N,N,N
127292,Diplophos taenia,15.0,650.0,-30.0,40.0,,,27.6,2.5,3.0,2.75,,,,2.0,2.0,2.0,2.6,3.0,2.8,N,N,N,N,0.0001736988424203249,0.00006406819549660789,0.001204578869891654,0.000018331956366524813,N,N,N,N
127293,Gonostoma atlanticum,,,-40.0,41.0,-180.0,-110.0,6.6,2.5,3.0,2.75,,,,2.0,2.0,2.0,2.6,3.0,2.8,N,N,N,N,0.00034204302433806313,0.0007126976438110609,0.0001844958346801001,0.00003106145450889101,N,N,N,N
127297,Margrethia obtusirostra,200.0,500.0,-49.0,33.0,-180.0,-154.0,8.3,2.5,3.0,2.75,2.2,3.0,2.566666667,2.0,2.0,2.0,2.6,3.0,2.8,N,N,N,N,0.0005410821064928922,0.0016507796039873666,0.001782187564286105,0.000051244525458324515,N,N,N,N
127299,Pollichthys mauli,300.0,600.0,-34.0,60.0,-98.0,144.0,6.0,2.5,3.0,2.75,3.0,3.0,3.0,2.0,2.0,2.0,,,,N,N,N,N,0.00008001942867206937,0.0003015458371088052,0.00008321206392010585,0.0006630572791009429,N,N,N,N
127300,Polymetme corythaeola,400.0,1000.0,-48.0,66.0,-180.0,180.0,26.0,1.2,3.0,2.066666667,2.2,2.8,2.5,2.0,2.0,2.0,,,,N,N,N,N,0.004855759993320694,0.004112874172450057,0.00047274033316337236,0.000242394272411365,N,N,N,N
127303,Vinciguerria nimbaria,0.0,100.0,,,,,4.8,2.5,3.2,2.975,3.0,3.0,3.0,2.0,2.0,2.0,2.0,3.0,2.5,N,N,N,N,0.0006873751423681924,0.00039160227281917395,0.0015612454709142453,0.000019534170124377882,N,N,N,N
127304,Vinciguerria poweriae,50.0,350.0,,43.0,,,4.3,2.5,3.2,2.975,3.0,3.0,3.0,2.0,2.0,2.0,2.0,3.0,2.533333333,N,N,N,N,0.0018987251171008858,0.0018449822862770095,0.000320908368889259,0.00012171031092456647,N,N,N,N
127307,Argyropelecus affinis,300.0,650.0,-30.0,30.0,-180.0,180.0,,2.5,3.0,2.75,3.0,3.0,3.0,2.0,2.0,2.0,,,,N,N,N,N,0.9901884063316234,0.9565555139240081,0.0004564379888773189,0.0006981962503604184,Y,Y,N,N
127309,Argyropelecus hemigymnus,100.0,700.0,-56.0,60.0,,,5.1,2.5,3.0,2.75,3.0,3.0,3.0,2.0,2.0,2.0,2.6,3.0,2.8,N,N,N,N,0.0008236817061240938,0.00021654946420434723,0.00020368853931566284,0.000037729364487093994,N,N,N,N
127312,Maurolicus muelleri,0.0,250.0,-55.0,72.0,-180.0,180.0,8.0,2.5,3.0,2.75,2.0,3.0,2.575,2.0,2.0,2.0,1.3,3.0,2.05,N,N,N,N,0.0013674191154709706,0.00146697178252727,0.0011900876494173869,0.00374704377891231,N,N,N,N
127314,Sternoptyx diaphana,600.0,900.0,,52.0,,,5.5,2.5,3.0,2.75,2.5,3.0,2.75,2.0,2.0,2.0,3.0,3.0,3.0,N,N,N,N,0.0014226319390506505,0.0006385497508727147,0.00021731277817272956,0.0000904693865060267,N,N,N,N
127316,Valenciennellus tripunctulatus,351.0,550.0,-34.0,67.0,-180.0,-117.0,3.1,2.5,3.0,2.75,2.5,3.0,2.75,2.0,2.0,2.0,2.0,3.0,2.5,N,N,N,N,0.00021535306836774224,0.00039132099700659855,0.000211693476099444,0.000039722656843841284,N,N,N,N
127322,Astronesthes gemmifer,0.0,2400.0,-32.0,62.0,-180.0,-154.0,17.0,2.5,3.2,2.9,3.0,3.0,3.0,2.0,2.0,2.0,,,,N,N,N,N,0.00037381058452441615,0.0015583856239721823,0.00030544301617654927,0.00016885359074840037,N,N,N,N
127324,Astronesthes leucopogon,0.0,500.0,-30.0,41.0,-7.0,-2.0,12.0,2.5,2.5,2.5,3.0,3.0,3.0,2.0,2.0,2.0,,,,N,N,N,N,0.0006921458861751399,0.0004339423480661841,0.0002920624645172986,0.00007865757567454033,N,N,N,N
127326,Astronesthes micropogon,120.0,600.0,-26.0,35.0,,,7.0,2.5,2.5,2.5,3.0,3.0,3.0,2.0,2.0,2.0,,,,N,N,N,N,0.0005211717325604391,0.0003016599385389336,0.00012681756295978498,0.000021635988424249897,N,N,N,N
127328,Astronesthes niger,0.0,500.0,20.0,43.0,,,16.0,2.5,3.0,2.75,3.0,3.0,3.0,2.0,2.0,2.0,,,,N,N,N,N,0.00047526045717683,0.0007131005882195569,0.00042106963111008985,0.00003284982796939955,N,N,N,N
127335,Borostomias elucens,500.0,2500.0,-18.0,36.0,-98.0,143.0,35.0,2.5,2.5,2.5,3.0,3.0,3.0,2.0,2.0,2.0,,,,N,N,N,N,0.0001352008628699064,0.0021007543096299834,0.000040245677604710506,0.00022778327853320647,N,N,N,N
127338,Chauliodus sloani,494.0,1000.0,-56.0,70.0,-180.0,180.0,35.0,2.5,2.5,2.5,3.0,3.0,3.0,2.0,2.0,2.0,2.0,2.0,2.0,N,N,N,N,0.0006301099511104977,0.0017852715567069177,0.00007569792593417351,0.0006673077764911321,N,N,N,N
127348,Eustomias schmidti,50.0,150.0,-35.0,-30.0,-180.0,-154.0,21.2,2.5,3.2,2.9,,,,2.0,2.0,2.0,,,,N,N,N,N,0.0001353636022654832,0.0003274583791569916,0.00045443048653773504,0.000015926764623052936,N,N,N,N
127354,Idiacanthus fasciola,30.0,800.0,-54.0,40.0,-180.0,-150.0,4.0,2.5,3.0,2.75,3.0,3.0,3.0,2.0,2.0,2.0,,,,N,N,N,N,0.00017879694753913337,0.00022641006803301262,0.00003986445405823809,0.00007028838449733191,N,N,N,N
127355,Leptostomias gladiator,0.0,5000.0,-41.0,51.0,-180.0,-154.0,37.3,2.5,3.0,2.75,3.0,3.0,3.0,2.0,2.0,2.0,,,,N,N,N,N,0.005121736317985699,0.002628117348086633,0.0005902360966650919,0.00011979141614882335,N,N,N,N
127373,Rhadinesthes decimus,0.0,4900.0,-46.0,65.0,-180.0,180.0,41.0,2.5,3.0,2.75,3.0,3.0,3.0,2.0,2.0,2.0,2.0,3.0,2.5,N,N,N,N,0.2470357647388183,0.05583948868720329,0.001994090540906704,0.001778655396520544,N,N,N,N
127374,Stomias boa,200.0,2173.0,-50.0,71.0,-131.0,180.0,32.0,2.5,2.5,2.5,3.0,3.0,3.0,2.0,2.0,2.0,2.0,2.6,2.3,N,N,N,N,0.008432392736582587,0.0016752813901594048,0.0002212763703262948,0.019136262050501115,N,N,N,N
127378,Macroramphosus scolopax,50.0,350.0,-43.0,66.0,-180.0,180.0,20.0,1.0,3.0,2.0,2.0,3.0,2.6,2.0,2.0,2.0,2.0,2.6,2.3,N,N,N,N,0.008593096519572034,0.0003617313564106726,0.0007440409789862121,0.0027809408286848677,N,N,N,N
127396,Balistes punctatus,0.0,200.0,-17.0,32.0,-26.0,14.0,60.0,1.0,1.0,1.0,2.0,2.0,2.0,2.0,2.0,2.0,3.0,3.0,3.0,Y,Y,Y,N,0.7451374553642696,0.009023671305783212,0.06704735544916379,0.0009869041486126595,Y,N,N,N
127398,Canthidermis maculata,1.0,110.0,-18.0,46.0,,,50.0,3.2,3.2,3.2,1.5,2.5,2.0,2.0,2.0,2.0,2.0,3.0,2.533333333,Y,N,Y,N,0.6824926867641579,0.0005867919324214905,0.8731191895027322,0.0016216142181975837,Y,N,Y,N
127399,Canthidermis sufflamen,5.0,70.0,-17.0,43.0,,,,3.2,3.2,3.2,1.5,2.0,1.733333333,2.0,2.0,2.0,3.0,3.0,3.0,Y,N,Y,N,0.3104636441870897,0.09172204313486984,0.4687776116125125,0.0009587781898641973,N,N,N,N
127401,Diodon eydouxii,1.0,10.0,-37.0,31.0,-180.0,-154.0,,3.0,3.2,3.1,2.0,3.0,2.5,2.0,2.0,2.0,2.6,3.0,2.8,Y,Y,Y,N,0.9996458392627425,0.3912638590801591,0.6326017982889399,0.0011595218288868343,Y,N,Y,N
127403,Diodon hystrix,2.0,50.0,-31.0,35.0,-180.0,180.0,91.0,1.0,3.0,2.0,1.0,2.0,1.45,2.0,2.0,2.0,2.6,3.0,2.8,Y,N,Y,N,0.9637937743120362,0.19484276604881007,0.6105485475431588,0.00036430124476815164,Y,N,Y,N
127404,Masturus lanceolatus,0.0,670.0,-35.0,37.0,,,,2.5,2.5,2.5,3.0,3.0,3.0,1.0,2.0,1.5,2.6,2.6,2.6,Y,Y,Y,N,0.9877727117660403,0.6948413284197515,0.024271283174025073,0.0001623405363938152,Y,Y,N,N
127405,Mola mola,30.0,1515.0,-65.0,75.0,-180.0,180.0,,3.0,3.2,3.1,3.0,3.0,3.0,2.0,2.0,2.0,2.0,3.0,2.533333333,Y,Y,Y,Y,0.9978615085768706,0.9455170221934578,0.00281352345836358,0.11724988256207229,Y,Y,N,N
127406,Ranzania laevis,0.0,140.0,-55.0,71.0,-180.0,180.0,,3.0,3.2,3.1,3.0,3.0,3.0,2.0,2.0,2.0,2.6,3.0,2.8,Y,Y,Y,N,0.9990110260236029,0.9910205810526304,0.2850468569374391,0.054725818201027066,Y,Y,N,N
127407,Aluterus monoceros,1.0,80.0,-39.0,43.0,-180.0,180.0,76.2,2.0,2.0,2.0,1.5,2.0,1.625,2.0,2.0,2.0,2.6,3.0,2.8,Y,N,Y,N,0.6733795210020362,0.0040735685194839754,0.9930387356439085,0.0003619370227416663,Y,N,Y,N
127414,Lagocephalus lagocephalus,10.0,1000.0,,,,,,2.0,3.0,2.5,1.0,3.0,2.0,2.0,2.0,2.0,2.0,3.0,2.533333333,Y,Y,Y,N,0.6961984596885246,0.2326583765867349,0.01382864333027141,0.0015352400598021721,Y,N,N,N
127420,Grammicolepis brachiusculus,500.0,700.0,-37.0,42.0,-80.0,180.0,64.0,2.0,2.5,2.25,,,,2.0,2.0,2.0,,,,N,N,N,N,0.027467853047399435,0.000674963408154934,0.008169705337211442,0.00004436359594436695,N,N,N,N
127426,Zenopsis conchifer,200.0,300.0,-28.0,58.0,,,80.0,2.0,3.0,2.5,2.0,3.0,2.3,2.0,2.0,2.0,2.6,3.0,2.8,Y,N,Y,N,0.1927896779224276,0.0008298529595716226,0.18055582466793774,0.0002474278948497618,N,N,N,N
151174,Scomber colias,0.0,300.0,-65.0,46.0,-98.0,42.0,55.0,3.0,3.0,3.0,2.0,2.0,2.0,1.0,2.0,1.5,2.0,2.4,2.2,Y,N,N,N,0.07309339871119487,0.005230881635227871,0.03127644750372435,0.005421913859472266,N,N,N,N
151324,Sebastes norvegicus/ Sebastes marinus,100.0,1000.0,39.0,79.0,-75.0,71.0,100.0,,,,,,,,,,,,,N,N,N,N,0.00170448528726566,0.00947830413514433,0.000378866000797455,0.0007364247681914112,N,N,N,N
151482,Pomatomus saltatrix,0.0,200.0,-44.0,53.0,-98.0,180.0,130.0,3.0,3.0,3.0,1.0,3.0,2.2,1.0,2.0,1.5,2.6,2.6,2.6,Y,Y,N,N,0.9982823572043004,0.986841667535524,0.13274255815644645,0.8607542666146537,Y,Y,N,Y
154721,Balistes capriscus,30.0,50.0,-37.0,58.0,-98.0,36.0,66.0,,,,1.0,2.0,1.46,2.0,2.0,2.0,2.6,3.0,2.8,Y,N,Y,N,0.8227755983522915,0.017755800474560053,0.39345111588572285,0.006245356307977001,Y,N,N,N
158508,Carcharhinus acronotus,9.0,64.0,-37.0,40.0,-100.0,-33.0,,,,,1.5,2.5,2.0,2.0,2.0,2.0,2.6,2.6,2.6,Y,Y,N,Y,0.9808334317671713,0.10758889378512018,0.06530449671373907,0.0006611358935610288,Y,N,N,N
158510,Rhizoprionodon terraenovae,0.0,280.0,-25.0,43.0,-100.0,-32.0,110.0,1.0,1.0,1.0,1.0,2.5,1.771428571,1.0,2.0,1.5,2.4,3.0,2.666666667,Y,Y,N,N,0.9958652028171463,0.22045352284611172,0.18804933113403186,0.32826165880438574,Y,N,N,N
158523,Etmopterus gracilispinis,70.0,480.0,-45.0,40.0,,,33.0,2.0,2.0,2.0,3.0,3.0,3.0,2.0,2.0,2.0,,,,N,N,N,N,0.1283109825378696,0.00021745114394864173,0.00007576127012471583,0.00008432864232262903,N,N,N,N
158530,Mobula hypostoma,0.0,100.0,-40.0,41.0,-80.0,-29.0,,3.0,3.0,3.0,2.0,3.0,2.5,2.0,2.0,2.0,3.0,3.0,3.0,Y,Y,Y,N,0.9964111420469075,0.7946044105730397,0.05049836011956811,0.004900043661432463,Y,Y,N,N
158540,Pteroplatytrygon violacea,1.0,100.0,-50.0,52.0,-180.0,180.0,96.0,3.0,3.0,3.0,3.0,3.0,3.0,2.0,2.0,2.0,2.0,2.6,2.333333333,Y,Y,Y,Y,0.9971264325873936,0.3376493121521167,0.9263442982999702,0.00964242145287776,Y,N,Y,N
158668,Alosa mediocris,,,25.0,46.0,-82.0,-66.0,60.0,3.0,3.0,3.0,0.0,2.0,1.0,0.0,2.0,1.0,2.0,2.0,2.0,N,N,N,N,0.5743780327899554,0.022492059533849085,0.01215696491158262,0.0036118998616574164,Y,N,N,N
158669,Alosa pseudoharengus,5.0,145.0,34.0,55.0,-93.0,-53.0,40.0,3.0,3.0,3.0,1.0,2.0,1.5,0.0,2.0,1.0,2.0,2.0,2.0,N,N,N,N,0.03197829776126964,0.0002226237606045087,0.0001272424539401361,0.0023098735806409885,N,N,N,N
158691,Brevoortia tyrannus,0.0,50.0,30.0,46.0,-81.0,-64.0,50.0,3.0,3.0,3.0,1.3,2.0,1.766666667,1.0,2.0,1.5,2.6,2.6,2.6,N,N,N,N,0.3733759268024297,0.0015682131733170197,0.20770821354168953,0.0002391282416618961,N,N,N,N
158695,Opisthonema oglinum,0.0,3.0,-37.0,41.0,-98.0,-33.0,38.0,3.0,3.0,3.0,1.3,2.0,1.6,0.0,2.0,1.0,3.0,3.0,3.0,N,N,N,N,0.014916226475879913,0.0003260793079497773,0.01367837593665917,0.00038254808648595,N,N,N,N
158736,Stomias affinis,0.0,3182.0,-39.0,35.0,-180.0,180.0,20.0,2.5,2.5,2.5,3.0,3.0,3.0,2.0,2.0,2.0,2.4,3.0,2.666666667,N,N,N,N,0.00021904613172249758,0.0008953188619212468,0.0006782963972863426,0.000297565153626806,N,N,N,N
158812,Istiophorus platypterus,0.0,10.0,-43.0,50.0,-180.0,180.0,348.0,3.0,3.2,3.1,2.0,3.0,2.333333333,2.0,2.0,2.0,2.0,3.0,2.533333333,Y,Y,N,N,0.9994760749711634,0.966914067199453,0.9833274096305143,0.7592518614557832,Y,Y,Y,Y
158843,Astronesthes richardsoni,275.0,1000.0,-18.0,62.0,-98.0,14.0,17.2,2.5,2.5,2.5,3.0,3.0,3.0,2.0,2.0,2.0,,,,N,N,N,N,0.00019354499199945573,0.0004677321073864655,0.00012811527933350009,0.0007054998525228468,N,N,N,N
158873,Lestrolepis intermedia,10.0,2700.0,-37.0,46.0,-180.0,-147.0,33.8,2.0,3.2,2.566666667,3.0,3.0,3.0,2.0,2.0,2.0,2.6,3.0,2.8,N,N,N,N,0.07731606920056791,0.000793249805490884,0.0005886760843450336,0.00014233000820070913,N,N,N,N
158887,Diaphus fragilis,15.0,125.0,-36.0,35.0,-180.0,-153.0,12.3,2.5,3.0,2.75,3.0,3.0,3.0,2.0,2.0,2.0,3.0,3.0,3.0,N,N,N,N,0.0006283190993290051,0.0009140854627362237,0.0006788598568303106,0.00034566144560600374,N,N,N,N
158890,Diaphus perspicillatus,315.0,1500.0,-35.93333333,27.5,-180.0,-153.0,10.4,2.5,3.2,2.9,3.0,3.0,3.0,2.0,2.0,2.0,,,,N,N,N,N,0.00011433723345502845,0.00027468431568726726,0.0001203059374413006,0.00043620429424021573,N,N,N,N
158894,Diaphus taaningi,40.0,250.0,-27.0,44.0,,,7.0,2.5,3.0,2.75,2.0,3.0,2.5,2.0,2.0,2.0,,,,N,N,N,N,0.0011050993736329909,0.00019790573719353176,0.007516870313832492,0.000162032517402069,N,N,N,N
158898,Lampanyctus tenuiformis,40.0,325.0,-52.0,41.0,-180.0,14.0,15.3,2.5,3.0,2.75,3.0,3.0,3.0,2.0,2.0,2.0,3.0,3.0,3.0,N,N,N,N,0.0021596824034428026,0.0011660948154977979,0.0003046112721797697,0.00011027296573553297,N,N,N,N
158913,Notoscopelus bolini,0.0,125.0,15.0,50.0,-50.0,36.0,10.3,3.0,3.2,3.1,3.0,3.0,3.0,2.0,2.0,2.0,2.0,2.6,2.3,N,N,N,N,0.0009440801958187043,0.0007939432336020546,0.004686539935021628,0.0021795177673171943,N,N,N,N
158916,Notoscopelus resplendens,0.0,300.0,-61.0,55.0,,,9.5,2.5,3.2,2.9,3.0,3.0,3.0,2.0,2.0,2.0,2.6,2.6,2.6,N,N,N,N,0.007798256937396139,0.0023385056564203884,0.00335026159820141,0.0004272777397990232,N,N,N,N
158917,Protomyctophum arcticum,90.0,325.0,40.0,70.0,-65.0,12.0,6.0,2.5,3.0,2.75,3.0,3.0,3.0,2.0,2.0,2.0,1.0,1.3,1.15,N,N,N,N,0.00041727476182012703,0.002404557950351716,0.000154737318899369,0.00007935441944697874,N,N,N,N
158960,Coryphaenoides rupestris,400.0,1200.0,20.0,73.0,-77.0,32.0,110.0,2.0,2.5,2.25,,,,2.0,2.0,2.0,,,,N,N,N,N,0.07150122632467239,0.01853200977387261,0.0005768280445390755,0.0002536641150602845,N,N,N,N
159067,Brotula barbata,50.0,300.0,-14.0,30.0,-98.0,15.0,94.0,2.0,3.2,2.6,1.5,2.0,1.666666667,2.0,2.0,2.0,2.6,2.6,2.6,N,N,N,N,0.41559407812017407,0.003736403717839131,0.014882013501231504,0.08977668862342218,N,N,N,N
159184,Lophius americanus,0.0,800.0,28.0,60.0,-82.0,-43.0,120.0,1.0,1.0,1.0,2.0,2.0,2.0,2.0,2.0,2.0,2.0,2.0,2.0,Y,Y,N,N,0.5896594067423883,0.09764098746291108,0.010575608694065692,0.0433458652669437,Y,N,N,N
159228,Menidia menidia,0.0,126.0,25.0,60.0,-82.0,-52.0,15.0,3.0,3.0,3.0,0.0,2.0,1.033333333,1.0,2.0,1.5,2.0,2.0,2.0,N,N,N,N,0.001514946872024181,0.003310338210989666,0.0006974328475679734,0.0001233186222673017,N,N,N,N
159246,Ablennes hians,0.0,12.0,-37.0,43.0,-180.0,180.0,140.0,3.2,3.2,3.2,1.0,3.0,2.142857143,1.0,2.0,1.5,2.0,3.0,2.533333333,Y,N,Y,N,0.9994336611180942,0.3343530082374476,0.9485938785037995,0.2605541232704108,Y,N,Y,N
159261,Cheilopogon furcatus,0.0,20.0,-42.0,46.0,-180.0,180.0,35.0,3.0,3.2,3.1,3.0,3.0,3.0,2.0,2.0,2.0,3.0,3.0,3.0,N,N,N,N,0.7183087313596915,0.005060646875837455,0.016777718242391493,0.12664084126636735,Y,N,N,N
159276,Euleptorhamphus velox,0.0,5.0,,,,,61.0,3.0,3.0,3.0,2.0,3.0,2.5,2.0,2.0,2.0,3.0,3.0,3.0,Y,N,Y,N,0.2329377115772394,0.0009864500069887046,0.5961833957310688,0.0019476225606574287,N,N,Y,N
159281,Hyporhamphus unifasciatus,0.0,5.0,-40.0,45.0,-98.0,-32.0,30.0,,,,1.0,1.5,1.325,1.0,2.0,1.5,2.6,2.6,2.6,N,N,N,N,0.38126304624442586,0.0008118912882021341,0.01826795581339423,0.005098430831619494,N,N,N,N
159288,Abudefduf saxatilis,0.0,40.0,-37.0,41.0,-89.0,14.0,22.9,,,,1.5,2.0,1.75,2.0,2.0,2.0,2.6,3.0,2.8,Y,N,Y,N,0.0008753078753780671,0.0018098773033337955,0.004631514449212253,0.00035236275883147546,N,N,N,N
159330,Melamphaes pumilus,200.0,2000.0,10.0,40.0,,,2.3,2.5,2.5,2.5,3.0,3.0,3.0,2.0,2.0,2.0,,,,N,N,N,N,0.00027845150932352897,0.00016258366403682945,0.00011715761590905896,0.00004982306484769614,N,N,N,N
159335,Sciaenops ocellatus,0.0,27.0,0.0,43.0,,,155.0,1.0,1.0,1.0,1.0,2.0,1.3,1.0,2.0,1.5,2.6,2.6,2.6,Y,Y,N,N,0.9575020190187608,0.10378422204453679,0.4888039626459942,0.5203359629724865,Y,N,N,Y
159340,Scomberomorus cavalla,5.0,140.0,-22.0,44.0,-98.0,-34.0,184.0,3.0,3.0,3.0,1.5,3.0,1.94,2.0,2.0,2.0,3.0,3.0,3.0,Y,Y,N,N,0.9926463141446042,0.9225207775393398,0.03164746496411352,0.02612693272442454,Y,Y,N,N
159342,Scomberomorus maculatus,0.0,35.0,19.0,44.0,-97.0,-64.0,91.0,3.0,3.0,3.0,2.0,2.0,2.0,2.0,2.0,2.0,2.6,2.6,2.6,Y,N,N,N,0.34340996509104876,0.2783671667032129,0.040067791684928,0.00042815116950775455,N,N,N,N
159343,Thunnus atlanticus,0.0,57.0,-26.0,,-100.0,-26.0,108.0,3.0,3.2,3.1,2.0,3.0,2.5,2.0,2.0,2.0,3.0,3.0,3.0,Y,Y,Y,Y,0.9991487464817917,0.18457770258747827,0.6691691175620754,0.029533007404723668,Y,N,Y,N
159423,Cubiceps capensis,0.0,140.0,-35.0,40.0,,,,1.7,3.2,2.85,2.0,3.0,2.5,2.0,2.0,2.0,2.0,3.0,2.533333333,Y,N,Y,N,0.9989970292417024,0.8761048454962573,0.919879580737879,0.00005848608123688228,Y,Y,Y,N
159427,Psenes cyanophrys,0.0,550.0,-43.0,49.0,-180.0,180.0,,3.2,3.2,3.2,1.3,3.0,2.15,2.0,2.0,2.0,2.0,3.0,2.533333333,Y,N,Y,N,0.9926568669518487,0.8482187208083838,0.3917896844390431,0.008902298748519232,Y,Y,N,N
159445,Hippocampus erectus,1.0,73.0,-32.0,50.0,-98.0,-32.0,19.0,,,,1.5,2.0,1.75,2.0,2.0,2.0,2.6,2.6,2.6,N,N,N,N,0.029189325301818104,0.00047614194780609676,0.1184413298274844,0.002820894835800665,N,N,N,N
159484,Decapterus tabl,150.0,220.0,-55.0,45.0,102.0,180.0,50.0,1.0,3.2,2.066666667,,,,2.0,2.0,2.0,2.6,2.6,2.6,N,N,N,N,0.09340335533007241,0.0037802603131845405,0.03364996732654856,0.0003394344449323065,N,N,N,N
159486,Xanthichthys ringens,30.0,60.0,-33.0,37.0,-89.0,-34.0,25.0,,,,1.5,2.0,1.8,2.0,2.0,2.0,3.0,3.0,3.0,N,N,N,N,0.886554759331077,0.00014687043345512973,0.06759018463391117,0.010178905953161803,Y,N,N,N
159490,Aluterus schoepfii,0.0,900.0,-27.0,46.0,-97.0,13.0,61.0,,,,1.3,2.0,1.7,2.0,2.0,2.0,2.6,2.6,2.6,Y,N,Y,N,0.018486907315888403,0.012989747888579282,0.323455665760034,0.0014830487915483358,N,N,N,N
159491,Aluterus scriptus,,,-30.0,46.0,-180.0,180.0,110.0,2.0,2.0,2.0,1.0,2.0,1.45,2.0,2.0,2.0,2.0,3.0,2.533333333,Y,N,Y,N,0.9845763752033301,0.3541903636468785,0.06313844992088606,0.006567823994368385,Y,N,N,N
159570,Prionotus alatus,35.0,457.0,-10.0,38.0,-98.0,-60.0,,1.0,1.0,1.0,1.3,2.0,1.766666667,1.0,2.0,1.5,2.6,2.6,2.6,Y,N,N,Y,0.8516328124765764,0.12133984831417481,0.0017267261593038776,0.06006670031840654,Y,N,N,N
159658,Uraspis secunda,1.0,50.0,-34.0,42.0,-180.0,180.0,50.0,2.0,3.0,2.5,2.0,3.0,2.5,2.0,2.0,2.0,2.6,2.6,2.6,Y,N,Y,N,0.8549795234175834,0.0008845915524412413,0.8958631959988654,0.001193314000950467,Y,N,Y,N
159712,Neoepinnula americana,183.0,515.0,3.0,31.0,-94.0,-49.0,30.0,2.0,2.0,2.0,2.5,2.5,2.5,2.0,2.0,2.0,,,,N,N,N,N,0.004976325838471916,0.00010496477698427627,0.00021284763979667335,0.000058609782980222386,N,N,N,N
159800,Lutjanus synagris,1.0,400.0,-38.0,38.0,-98.0,-31.0,60.0,,,,1.5,1.5,1.5,2.0,2.0,2.0,2.6,2.6,2.6,N,N,N,N,0.7986106773722065,0.01809630113574951,0.4865818982311563,0.0019240672144126897,Y,N,N,N
159803,Ocyurus chrysurus,1.0,165.0,-26.0,42.0,-98.0,-31.0,86.3,2.0,2.0,2.0,1.5,2.0,1.666666667,2.0,2.0,2.0,2.6,2.6,2.6,N,N,N,N,0.9260893771191361,0.0763347753399727,0.16126927313479195,0.00013431650717619445,Y,N,N,N
159827,Peprilus paru,50.0,70.0,-38.0,,,,30.0,2.0,3.0,2.5,1.0,2.0,1.575,1.0,2.0,1.5,2.6,2.6,2.6,N,N,N,N,0.18861919066616242,0.00009037524387317171,0.030554614994319797,0.0027880883724447822,N,N,N,N
159833,Aphanopus intermedius,800.0,1300.0,-35.0,50.0,-180.0,14.0,,2.0,3.0,2.5,3.0,3.0,3.0,2.0,2.0,2.0,3.0,3.0,3.0,Y,Y,N,N,0.6300772440590894,0.9324095234420856,0.0028297463460438812,0.010280250231463714,Y,Y,N,N
159836,Evoxymetopon taeniatus,100.0,200.0,-29.0,35.0,-180.0,-39.0,200.0,2.0,2.0,2.0,2.0,3.0,2.5,2.0,2.0,2.0,,,,Y,Y,N,N,0.9891066870634923,0.5923090643809547,0.01985474356909578,0.0022207676184898997,Y,Y,N,N
212050,Sphyraena putnamae,3.0,20.0,-31.0,36.0,-180.0,-146.0,90.0,,,,1.0,1.5,1.325,2.0,2.0,2.0,3.0,3.0,3.0,Y,Y,N,N,0.9866996521237272,0.0025113566459420383,0.9168793339221829,0.0028431320178501336,Y,N,Y,N
212239,Hippocampus histrix,15.0,40.0,-35.0,35.0,22.0,180.0,17.0,3.0,3.0,3.0,1.3,2.0,1.6,2.0,2.0,2.0,3.0,3.0,3.0,N,N,N,N,0.0010070094963789036,0.00009046424670234243,0.001864655358390111,0.00013284861914796415,N,N,N,N
212264,Herklotsichthys quadrimaculatus,1.0,13.0,-33.0,39.0,-180.0,-166.0,25.0,,,,1.3,2.0,1.6,0.0,2.0,1.0,3.0,3.0,3.0,N,N,N,N,0.001724784113873817,0.0020194759219369345,0.000971771614922509,0.0022751081547871493,N,N,N,N
212280,Stolephorus indicus,20.0,50.0,-37.0,30.0,-180.0,-144.0,18.0,3.0,3.0,3.0,0.0,2.0,1.0,1.0,2.0,1.5,3.0,3.0,3.0,N,N,N,N,0.0009522257164490065,0.00012719025219333797,0.0070202568783722915,0.0016894001483477887,N,N,N,N
215607,Etmopterus granulosus,400.0,600.0,-59.0,-29.0,,,86.0,3.0,3.0,3.0,2.0,3.0,2.5,2.0,2.0,2.0,,,,N,N,N,N,0.8138242884388603,0.7774423276252689,0.0019354104130394256,0.0004087353633087615,Y,Y,N,N
215608,Euprotomicrus bispinatus,400.0,1800.0,-54.0,38.0,,,30.5,2.5,3.2,2.9,,,,2.0,2.0,2.0,2.0,2.6,2.3,N,N,N,N,0.000989838851388236,0.0005402748199835615,0.00008576979478192082,0.00012090024864649621,N,N,N,N
215612,Isistius brasiliensis,1000.0,3500.0,-47.0,35.0,-180.0,180.0,42.0,2.5,3.2,2.85,3.0,3.0,3.0,2.0,2.0,2.0,2.0,3.0,2.5,Y,Y,N,N,0.0004962071433016141,0.00023817092967912232,0.0005820360034912069,0.0002672940797325155,N,N,N,N
217337,Carcharhinus amblyrhynchos,0.0,280.0,-35.0,29.0,-180.0,-151.0,,3.0,3.0,3.0,1.5,3.0,2.083333333,2.0,2.0,2.0,3.0,3.0,3.0,Y,Y,N,N,0.9979844769535626,0.9458752871578812,0.19431444861944425,0.0007725713318211232,Y,Y,N,N
217340,Carcharhinus amboinensis,0.0,60.0,-26.0,26.0,,,,1.0,2.0,1.5,1.0,2.5,1.4625,1.0,2.0,1.5,3.0,3.0,3.0,Y,Y,N,N,0.9963513408224145,0.22570280998103556,0.8052526377494139,0.1347345054878689,Y,N,Y,N
217341,Carcharhinus brachyurus,1.0,145.0,-52.0,45.0,-122.0,180.0,,2.0,2.0,2.0,1.0,3.0,1.883333333,0.0,2.0,1.0,2.0,2.6,2.333333333,Y,Y,N,N,0.9973977501292636,0.758351536496582,0.08249457991063903,0.7904484577212159,Y,Y,N,Y
217342,Carcharhinus porosus,0.0,84.0,-36.0,33.0,-116.0,-33.0,150.0,1.0,1.0,1.0,1.0,2.0,1.45,1.0,2.0,1.5,2.6,2.6,2.6,Y,Y,N,N,0.9932391625499586,0.32910109707047885,0.17770627116895202,0.5069400454014662,Y,N,N,Y
217352,Carcharhinus albimarginatus,0.0,800.0,-31.0,32.0,-180.0,-77.0,300.0,2.0,2.0,2.0,1.3,3.0,2.0375,2.0,2.0,2.0,3.0,3.0,3.0,Y,Y,N,N,0.9997153127625708,0.9901831226706601,0.11239986152273486,0.03682582355606299,Y,Y,N,N
217430,Mobula thurstoni,0.0,100.0,-34.0,38.0,,,220.0,3.0,3.0,3.0,2.0,3.0,2.5,2.0,2.0,2.0,2.6,3.0,2.8,Y,N,Y,N,0.9998726294608256,0.8384960764976276,0.991922146915455,0.010474745922583968,Y,Y,Y,N
217436,Mobula kuhlii,0.0,50.0,,,,,120.0,3.2,3.2,3.2,1.3,3.0,2.1,2.0,2.0,2.0,3.0,3.0,3.0,N,N,N,N,0.6105943632721877,0.026024866204004227,0.09259481777161306,0.049174049470153885,Y,N,N,N
217452,Sardinops sagax,0.0,200.0,-47.0,61.0,-145.0,180.0,36.0,3.0,3.0,3.0,2.0,2.0,2.0,2.0,2.0,2.0,2.6,2.6,2.6,N,N,N,N,0.14203590569294988,0.0034840750773422946,0.009875616595645257,0.00041813880266864523,N,N,N,N
217618,Melanostomias paucilaternatus,150.0,2000.0,-27.0,-27.0,3.0,3.0,20.1,3.0,3.0,3.0,3.0,3.0,3.0,2.0,2.0,2.0,3.0,3.0,3.0,N,N,N,N,0.00040657398858582743,0.00013378931936057256,0.00020518737226083114,0.0005454903194372066,N,N,N,N
217632,Pseudocarcharias kamoharai,0.0,590.0,-40.0,40.0,-180.0,180.0,110.0,3.0,3.2,3.1,1.3,3.0,2.266666667,2.0,2.0,2.0,2.6,3.0,2.8,Y,Y,N,N,0.9990771898869003,0.3889476493639983,0.9432468341529516,0.04845500057782218,Y,N,Y,N
217680,Benthosema pterotum,10.0,200.0,-33.0,37.0,33.0,154.0,7.0,2.0,3.0,2.5,2.2,2.5,2.35,2.0,2.0,2.0,,,,N,N,N,N,0.0014482776820347854,0.0009715682833109099,0.00013004435674450962,0.0009173070665279344,N,N,N,N
217697,Electrona antarctica,1.0,1010.0,-78.0,-45.0,,,10.3,1.0,3.0,2.0,3.0,3.0,3.0,2.0,2.0,2.0,1.0,1.0,1.0,N,N,N,N,0.0015884860285895923,0.0011111888677513087,0.0018424230348921605,0.001405225240340078,N,N,N,N
217698,Gonichthys barnesi,0.0,175.0,-40.0,-30.0,-180.0,180.0,5.0,2.5,3.0,2.75,3.0,3.0,3.0,2.0,2.0,2.0,2.6,2.6,2.6,N,N,N,N,0.0008495746636241528,0.003947750075105197,0.0011896224990780805,0.000029199908925139326,N,N,N,N
217704,Lampanyctodes hectoris,100.0,850.0,-43.0,-13.0,,,7.0,3.2,3.2,3.2,2.0,3.0,2.625,2.0,2.0,2.0,3.0,3.0,3.0,N,N,N,N,0.03080897114560794,0.0017888199838995331,0.007310936109232485,0.0006796216839882435,N,N,N,N
217707,Lampanyctus achirus,800.0,1000.0,,-21.0,,,16.2,2.5,3.0,2.75,3.0,3.0,3.0,2.0,2.0,2.0,1.0,1.0,1.0,N,N,N,N,0.00019054454389949254,0.0030644172734032595,0.00011706780852641789,0.000011945346548034511,N,N,N,N
217720,Symbolophorus barnardi,0.0,450.0,-45.0,-27.0,,,11.6,2.5,3.2,2.9,3.0,3.0,3.0,2.0,2.0,2.0,2.0,2.6,2.3,N,N,N,N,0.0012437689982731578,0.003924639592348999,0.0001567412038916459,0.00002792469238842512,N,N,N,N
217820,Selachophidium guentheri,200.0,980.0,-40.0,-17.0,,,28.0,2.0,2.5,2.25,,,,2.0,2.0,2.0,,,,N,N,N,N,0.0014987487459770456,0.00013332526109217436,0.00002290305931362171,0.00003534988914925684,N,N,N,N
217959,Neocyttus rhomboidalis,450.0,800.0,-48.0,-23.0,-81.0,180.0,,2.5,2.5,2.5,2.5,2.5,2.5,2.0,2.0,2.0,,,,N,N,N,N,0.3649149629878272,0.956017544610963,0.0002856361233908051,0.002024488627137232,N,Y,N,N
218404,Caranx sexfasciatus,0.0,146.0,-36.0,32.0,-180.0,-77.0,120.0,3.0,3.0,3.0,0.0,3.0,1.5,0.0,2.0,1.0,3.0,3.0,3.0,Y,N,Y,N,0.9984694799714547,0.40319205911757083,0.18069374591314769,0.8362282492379041,Y,N,N,Y
218419,Caranx melampygus,1.0,190.0,-35.0,35.0,-180.0,-78.0,117.0,3.0,3.0,3.0,1.5,3.0,2.0,1.0,2.0,1.5,3.0,3.0,3.0,Y,N,N,Y,0.9991103228081923,0.17110762591092704,0.7041070098208362,0.0013765333691159627,Y,N,Y,N
218426,Decapterus macrosoma,30.0,70.0,-34.0,39.0,-180.0,180.0,35.0,3.0,3.0,3.0,1.5,1.5,1.5,2.0,2.0,2.0,3.0,3.0,3.0,N,N,N,N,0.23635993842929479,0.00017688554453095464,0.009364970172927796,0.00029011536438531437,N,N,N,N
218436,Seriola lalandi,1.0,146.0,-57.0,55.0,-180.0,180.0,250.0,2.0,2.0,2.0,1.0,3.0,1.72,1.0,2.0,1.5,2.6,2.6,2.6,Y,Y,N,N,0.9963456026594705,0.9992428904032203,0.5273221644391418,0.9791978796094666,Y,Y,Y,Y
218444,Trachurus capensis,0.0,500.0,-37.0,7.0,4.0,24.0,52.0,3.0,3.0,3.0,2.0,2.0,2.0,2.0,2.0,2.0,2.6,2.6,2.6,N,N,N,N,0.009949614602416904,0.00027141333561417406,0.017733109878091024,0.0009353443243697093,N,N,N,N
218448,Uraspis uraspis,20.0,130.0,-36.0,30.0,-180.0,-154.0,,1.0,1.0,1.0,1.5,2.0,1.833333333,2.0,2.0,2.0,2.6,3.0,2.8,Y,N,Y,N,0.99379209289501,0.8764308426781421,0.09403479002377167,0.010430462703882997,Y,Y,N,N
218449,Uraspis helvola,50.0,300.0,-50.0,35.0,32.0,180.0,58.0,2.0,2.0,2.0,1.5,2.5,1.9,2.0,2.0,2.0,2.6,2.6,2.6,Y,N,Y,N,0.08339132259895932,0.002031344430863367,0.00365641586215711,0.0006297979848761439,N,N,N,N
218450,Mene maculata,50.0,200.0,-30.0,32.0,30.0,169.0,30.0,,,,1.0,2.5,1.8,1.0,2.0,1.5,2.6,2.6,2.6,Y,N,N,Y,0.12104491288358799,0.00021171199146535129,0.10598636000929244,0.0005569848949394722,N,N,N,N
218465,Emmelichthys nitidus,86.0,500.0,-43.0,16.0,-13.0,180.0,55.0,1.0,1.2,1.1,,,,2.0,2.0,2.0,,,,N,N,N,N,0.0530498009941297,0.0013016632916238824,0.002221869370813772,0.0000436228604349718,N,N,N,N
218706,Kyphosus vaigiensis,0.0,40.0,-38.0,35.0,-180.0,-133.0,70.0,2.0,2.0,2.0,1.0,3.0,1.7125,2.0,2.0,2.0,3.0,3.0,3.0,Y,N,Y,N,0.9269511033088306,0.010860963218224402,0.8159297633438284,0.00014876630177431953,Y,N,Y,N
218708,Kyphosus cinerascens,1.0,25.0,-30.0,35.0,-180.0,-140.0,53.0,2.0,2.0,2.0,1.0,2.0,1.485714286,2.0,2.0,2.0,3.0,3.0,3.0,Y,N,Y,N,0.9765295074002862,0.003896065274693885,0.5868382779879857,0.000055958519640866004,Y,N,Y,N
218710,Platax teira,3.0,70.0,-36.0,31.0,23.0,175.0,65.0,,,,1.0,2.0,1.56,2.0,2.0,2.0,3.0,3.0,3.0,N,N,N,N,0.637774425035799,0.0067803310572827555,0.3048627633227543,0.001447131956019248,Y,N,N,N
219667,Naso hexacanthus,6.0,229.0,-32.0,31.0,30.0,180.0,,2.0,2.0,2.0,1.3,2.0,1.6,1.0,2.0,1.5,3.0,3.0,3.0,N,N,N,N,0.6364340529100804,0.02602170473827513,0.008572672863291803,0.005993866181885146,Y,N,N,N
219671,Naso brevirostris,4.0,46.0,-36.0,29.0,26.0,180.0,60.0,,,,1.3,2.0,1.575,2.0,2.0,2.0,3.0,3.0,3.0,N,N,N,N,0.010199286863004165,0.0008933951066466497,0.01580082639219581,0.010176696494372972,N,N,N,N
219697,Thyrsites atun,100.0,500.0,-56.0,-21.0,-75.0,177.0,200.0,2.0,3.0,2.5,2.0,2.5,2.25,1.0,2.0,1.5,2.6,2.6,2.6,Y,Y,N,N,0.8855144099957342,0.828216188502311,0.00328366390889174,0.2353591059047664,Y,Y,N,N
219707,Allothunnus fallai,,,-35.0,-20.0,-180.0,180.0,105.0,3.0,3.0,3.0,3.0,3.0,3.0,2.0,2.0,2.0,2.6,2.6,2.6,Y,Y,N,N,0.24740168224323192,0.027191369672363647,0.17304781443248549,0.14445642256544827,N,N,N,N
219709,Gasterochisma melampus,0.0,200.0,-55.0,-19.0,-180.0,180.0,,3.0,3.0,3.0,3.0,3.0,3.0,2.0,2.0,2.0,2.0,3.0,2.533333333,Y,Y,N,N,0.9991611063949718,0.9812033724384198,0.8782672716178501,0.007871636404364099,Y,Y,Y,N
219712,Gymnosarda unicolor,,,-30.0,31.0,-180.0,-130.0,248.0,3.0,3.0,3.0,1.5,2.5,1.875,2.0,2.0,2.0,3.0,3.0,3.0,Y,Y,N,N,0.9955199633471244,0.7120472507919022,0.025666989444880498,0.044231238701158325,Y,Y,N,N
219715,Scomber australasicus,0.0,300.0,-50.0,43.0,32.0,180.0,44.0,3.0,3.0,3.0,2.0,3.0,2.5,2.0,2.0,2.0,2.6,2.6,2.6,N,N,N,N,0.00698631263240914,0.003156520661269889,0.025107654828406815,0.008371312587404643,N,N,N,N
219719,Scomberomorus plurilineatus,0.0,200.0,-37.0,-1.0,23.0,59.0,120.0,3.0,3.0,3.0,2.0,2.0,2.0,2.0,2.0,2.0,2.6,2.6,2.6,N,N,N,N,0.5088127342111173,0.48682078662559586,0.0043212811851668,0.005938360008085587,Y,N,N,N
219720,Thunnus maccoyii,0.0,1000.0,-50.0,-30.0,-180.0,180.0,245.0,3.0,3.0,3.0,3.0,3.0,3.0,2.0,2.0,2.0,2.0,3.0,2.5,Y,Y,N,N,0.9945644762032833,0.9927350085662935,0.6644616767054937,0.11390106896417808,Y,Y,Y,N
219722,Thunnus tonggol,0.0,10.0,-33.0,47.0,34.0,154.0,145.0,3.0,3.0,3.0,2.0,2.0,2.0,2.0,2.0,2.0,3.0,3.0,3.0,Y,Y,N,N,0.435081177917237,0.049296170116889276,0.12796863558139263,0.044130874258837084,N,N,N,N
219734,Tetrapturus angustirostris,0.0,200.0,-56.0,43.0,-180.0,-68.0,230.0,3.0,3.2,3.1,2.0,3.0,2.5,2.0,2.0,2.0,2.0,3.0,2.533333333,Y,Y,Y,N,0.9997632761740428,0.9982904852358568,0.9946775087228701,0.0007975962761295436,Y,Y,Y,N
219737,Hyperoglyphe antarctica,260.0,490.0,-55.0,-19.0,-67.0,180.0,140.0,2.0,3.0,2.5,,,,2.0,2.0,2.0,,,,Y,Y,N,N,0.021068730136816798,0.021871725967375858,0.00012453087776653028,0.00016462508424571216,N,N,N,N
219741,Schedophilus huttoni,0.0,1000.0,-43.0,-18.0,,,,1.0,2.5,1.75,2.0,3.0,2.4,2.0,2.0,2.0,,,,Y,Y,N,N,0.9927593245151355,0.9442710968689642,0.0009846280781200618,0.00012211900806058525,Y,Y,N,N
219742,Schedophilus velaini,40.0,500.0,-45.0,2.0,-180.0,180.0,,2.5,2.5,2.5,2.5,3.0,2.75,2.0,2.0,2.0,,,,Y,Y,N,N,0.9762615152160479,0.5290310953394509,0.004285882008978829,0.00007284939194250862,Y,Y,N,N
219872,Abalistes stellaris,4.0,120.0,-36.0,46.0,-180.0,-164.0,60.0,1.0,1.0,1.0,1.0,2.0,1.45,2.0,2.0,2.0,3.0,3.0,3.0,Y,N,Y,N,0.8932146405966939,0.11567078687357904,0.9353050693793374,0.0000982727567967908,Y,N,Y,N
219954,Lagocephalus sceleratus,8.0,180.0,-40.0,40.0,-180.0,-169.0,110.0,,,,1.5,2.0,1.75,0.0,2.0,1.0,3.0,3.0,3.0,N,N,N,N,0.9981194068973641,0.007983598405364136,0.9550750429802004,0.001969423014869905,Y,N,Y,N
220007,Phosichthys argenteus,300.0,1050.0,-49.0,-6.0,-180.0,-177.0,30.0,2.5,3.0,2.75,2.5,2.5,2.5,2.0,2.0,2.0,,,,N,N,N,N,0.0002959269319616747,0.00022174976422929677,0.00006140163859054788,0.0003840243852064968,N,N,N,N
221409,Linophryne parini,1200.0,1220.0,,,,,1.25,,,,,,,2.0,2.0,2.0,,,,N,N,N,N,0.0006676041735425523,0.0031870043466286926,0.0033701125524839377,0.000032632099694751785,N,N,N,N
221430,Polyprion oxygeneios,50.0,854.0,-50.0,-28.0,-180.0,180.0,160.0,1.0,1.0,1.0,2.5,3.0,2.75,2.0,2.0,2.0,2.6,2.6,2.6,Y,Y,N,N,0.9997737051428462,0.9983563492827217,0.02727937646171442,0.011936129066762093,Y,Y,N,N
221512,Sigmops elongatus,100.0,1500.0,,65.0,-180.0,180.0,27.5,2.5,3.0,2.833333333,3.0,3.0,3.0,2.0,2.0,2.0,2.6,3.0,2.733333333,N,N,N,N,0.05538161915686309,0.0005321682613979708,0.0002108105082383898,0.00036375598156141706,N,N,N,N
234627,Notolepis annulata,550.0,2000.0,-72.0,-37.0,,,30.0,2.5,3.2,2.85,3.0,3.0,3.0,2.0,2.0,2.0,1.0,2.0,1.5,N,N,N,N,0.012530320219684605,0.004488519656320993,0.00027626727221339507,0.00021663556089565985,N,N,N,N
234638,Electrona carlsbergi,100.0,350.0,-69.0,-39.0,-180.0,180.0,9.6,2.5,3.0,2.75,3.0,3.0,3.0,2.0,2.0,2.0,1.0,1.0,1.0,N,N,N,N,0.00022798923326780059,0.000563952165491426,0.0001854476109928081,0.0012488806792732604,N,N,N,N
234664,Lampris immaculatus,50.0,500.0,-69.0,-34.0,,,,3.0,3.2,3.066666667,3.0,3.0,3.0,2.0,2.0,2.0,2.0,2.0,2.0,Y,Y,N,N,0.9925840575270827,0.9648329214823392,0.002231988298163886,0.0006541281610371314,Y,Y,N,N
234697,Paradiplospinus antarcticus,0.0,830.0,-79.0,-31.0,-180.0,180.0,52.0,2.5,3.2,2.9,,,,2.0,2.0,2.0,1.0,1.0,1.0,N,N,N,N,0.08508093536813532,0.010921369584266543,0.013356993580820856,0.0006742413414730636,N,N,N,N
234700,Dissostichus eleginoides,0.0,2144.0,-66.0,-33.0,-77.0,180.0,215.0,1.0,3.0,2.0,3.0,3.0,3.0,2.0,2.0,2.0,1.0,2.0,1.5,Y,Y,N,N,0.8245229766192549,0.9242934643408621,0.0020255085659650536,0.012159254568434618,Y,Y,N,N
234731,Scopelosaurus hamiltoni,400.0,1200.0,-60.0,-30.0,-180.0,180.0,45.0,2.0,3.0,2.5,3.0,3.0,3.0,2.0,2.0,2.0,1.0,2.0,1.5,N,N,N,N,0.0004252786741391311,0.0005456234893955193,0.0005862181449081353,0.0004582285458883755,N,N,N,N
234742,Muraenolepis microps,10.0,1600.0,-78.0,-50.0,-180.0,-19.0,35.0,3.0,3.0,3.0,2.0,3.0,2.425,2.0,2.0,2.0,1.0,1.0,1.0,N,N,N,N,0.0007557165749762382,0.0018755358246476843,0.0011062387277232437,0.017126103278097948,N,N,N,N
234767,Protomyctophum tenisoni,0.0,100.0,-67.0,-46.0,-180.0,180.0,5.4,3.0,3.0,3.0,3.0,3.0,3.0,2.0,2.0,2.0,1.0,2.6,1.4,N,N,N,N,0.0010252922263485195,0.0032087611245190197,0.0008417453663581571,0.0016711582453172143,N,N,N,N
234788,Lepidonotothen squamifrons,195.0,312.0,-79.0,-45.0,-180.0,180.0,55.0,2.0,2.0,2.0,,,,2.0,2.0,2.0,1.0,2.0,1.5,N,N,N,N,0.11275303171269184,0.0065375583150084175,0.008167032135861766,0.000051879605169204634,N,N,N,N
254538,Gadus macrocephalus,100.0,400.0,31.0,63.0,-180.0,-119.0,119.0,1.0,1.0,1.0,2.0,2.0,2.0,1.0,2.0,1.5,1.0,1.3,1.15,N,N,N,N,0.37475963901369946,0.0061806972335180805,0.002294523826648796,0.025005802769758913,N,N,N,N
271328,Rhizoprionodon porosus,0.0,100.0,-40.0,28.0,-88.0,-32.0,113.0,,,,0.0,3.0,1.755555556,0.0,2.0,1.0,3.0,3.0,3.0,Y,N,N,Y,0.9979350607387396,0.04897879546468661,0.028415826448933045,0.6768327293550719,Y,N,N,Y
271378,Sphyrna couardi,,,-5.0,17.0,-19.0,13.0,,2.0,2.0,2.0,2.0,2.0,2.0,2.0,2.0,2.0,2.6,3.0,2.8,Y,Y,N,Y,0.2883037399387425,0.004908283791026087,0.00265344251099916,0.14461160710137524,N,N,N,N
271651,Scymnodalatias albicauda,140.0,512.0,-50.0,-42.0,,,,1.0,3.2,2.425,3.0,3.0,3.0,2.0,2.0,2.0,,,,Y,Y,N,N,0.9943737944764168,0.9854330966326335,0.00009503942222113866,0.0008641022161664336,Y,Y,N,N
272087,Omosudis lowei,70.0,1830.0,-40.0,40.0,,,23.0,2.5,3.0,2.75,3.0,3.0,3.0,2.0,2.0,2.0,2.0,3.0,2.5,N,N,N,N,0.0004606157933503976,0.00004279378736676012,0.00007401133773097195,0.0000741423593263049,N,N,N,N
272173,Parexocoetus hillianus,0.0,20.0,,,,,12.5,3.0,3.0,3.0,2.0,3.0,2.5,2.0,2.0,2.0,3.0,3.0,3.0,N,N,N,N,0.0007120205428625502,0.00009638812676690306,0.014221755094503982,0.0003482995240574897,N,N,N,N
272452,Merluccius australis,28.0,1000.0,-59.0,-33.0,-180.0,-66.0,155.0,2.0,2.0,2.0,,,,2.0,2.0,2.0,2.6,2.6,2.6,Y,Y,N,N,0.2434829621014525,0.2703210279523506,0.005561137398326009,0.0008605726120122366,N,N,N,N
272528,Lophotus capellei,1.0,1100.0,,,,,,2.5,3.2,2.9,3.0,3.0,3.0,2.0,2.0,2.0,,,,Y,Y,N,N,0.15501191711705625,0.15023636254010939,0.012573794895275672,0.0009032804040129557,N,N,N,N
272534,Trachipterus jacksonensis,0.0,400.0,,,,,211.0,2.5,3.2,2.9,1.0,3.0,2.0,1.0,2.0,1.5,2.0,2.6,2.3,N,N,N,N,0.8592546407227881,0.7660218706243656,0.005053886017693908,0.0027445698438853697,Y,Y,N,N
272562,Gigantactis golovani,0.0,2100.0,,,,,17.9,2.5,3.0,2.75,,,,2.0,2.0,2.0,,,,N,N,N,N,0.0000661944113896875,0.00013069453595297367,0.0012490552779293859,0.00005582686025162414,N,N,N,N
272630,Oneirodes kreffti,150.0,1170.0,-45.0,-18.0,0.0,180.0,12.6,2.5,3.0,2.75,3.0,3.0,3.0,2.0,2.0,2.0,,,,N,N,N,N,0.0008918672446314645,0.0005004023480170328,0.000027178477453744624,0.00008181177678766438,N,N,N,N
272656,Ceratoscopelus townsendi,425.0,1500.0,,35.0,,,18.4,2.5,3.2,2.9,,,,2.0,2.0,2.0,,,,N,N,N,N,0.0006843488460705203,0.0011294840177650675,0.00023552464370033346,0.00002699227737366048,N,N,N,N
272728,Notoscopelus kroyeri,0.0,125.0,37.0,68.0,-66.0,16.0,14.0,2.5,3.2,2.85,3.0,3.0,3.0,2.0,2.0,2.0,1.0,2.0,1.5,N,N,N,N,0.0006627170758990164,0.0011529191055516424,0.002266111158915896,0.0001054075466102836,N,N,N,N
272734,Symbolophorus kreffti,0.0,300.0,-20.0,-7.0,,,11.2,3.0,3.2,3.066666667,3.0,3.0,3.0,2.0,2.0,2.0,2.6,2.6,2.6,N,N,N,N,0.002486519340194457,0.0007382659714441347,0.001229755204156184,0.00051223078842161,N,N,N,N
273675,Cubiceps caeruleus,20.0,250.0,,-19.0,,,,3.0,3.2,3.066666667,2.5,3.0,2.833333333,2.0,2.0,2.0,3.0,3.0,3.0,Y,Y,N,N,0.7740537299657284,0.5589640971711433,0.09482031923598602,0.000704811205040716,Y,Y,N,N
273811,Scomberomorus brasiliensis,20.0,60.0,-36.0,21.0,-90.0,-29.0,125.0,3.2,3.2,3.2,1.0,3.0,1.875,2.0,2.0,2.0,3.0,3.0,3.0,Y,N,N,Y,0.9907454623637318,0.2096360273736935,0.052081043926871844,0.16430516938567358,Y,N,N,N
273819,Scomberomorus regalis,1.0,20.0,-24.0,41.0,-99.0,-34.0,,,,,1.5,2.0,1.6,2.0,2.0,2.0,3.0,3.0,3.0,Y,Y,N,N,0.36983843990946796,0.36168824901662905,0.028010820554447445,0.09768040326477181,N,N,N,N
273998,Stromateus brasiliensis,22.0,133.0,-55.0,-26.0,-69.0,-48.0,38.0,2.0,2.0,2.0,,,,2.0,2.0,2.0,2.6,2.6,2.6,N,N,N,N,0.0012773042558849716,0.00027528669367088426,0.001187990927164275,0.00026152489813521487,N,N,N,N
274967,Argyropelecus olfersii,100.0,600.0,-50.0,65.0,,,9.0,2.5,3.0,2.75,3.0,3.0,3.0,2.0,2.0,2.0,,,,N,N,N,N,0.0002929788264160962,0.0012859310482028496,0.0003285013433687663,0.00009613093131721966,N,N,N,N
274978,Maurolicus stehmanni,0.0,200.0,-40.0,-22.0,-60.0,-40.0,5.8,2.5,3.0,2.75,2.5,2.8,2.65,2.0,2.0,2.0,,,,N,N,N,N,0.0009532069561770706,0.0014333086361247816,0.0003846296724732371,0.00008746143831046322,N,N,N,N
275069,Eustomias bigelowi,0.0,500.0,-25.0,0.0,-30.0,0.0,19.8,3.0,3.0,3.0,3.0,3.0,3.0,2.0,2.0,2.0,3.0,3.0,3.0,N,N,N,N,0.0007625501723188648,0.0002292020368170112,0.00025613157086945305,0.0002720160197020885,N,N,N,N
275138,Eustomias spherulifer,0.0,1900.0,-31.0,-2.0,-9.0,-4.0,16.5,2.5,2.5,2.5,,,,2.0,2.0,2.0,2.6,2.6,2.6,N,N,N,N,0.0003015874296661888,0.00019705430405448992,0.0031204252812868432,0.00010084367602741564,N,N,N,N
275171,Photonectes albipennis,0.0,800.0,-55.0,50.0,-180.0,-150.0,30.0,2.5,3.0,2.75,,,,2.0,2.0,2.0,2.0,2.6,2.3,N,N,N,N,0.0010832653753088813,0.0009773037397490226,0.00023986806097371093,0.000024192898619003287,N,N,N,N
275500,Brevoortia patronus,0.0,50.0,19.0,31.0,-95.0,-80.0,35.0,3.0,3.0,3.0,1.3,2.0,1.65,2.0,2.0,2.0,2.6,2.6,2.6,N,N,N,N,0.0015290153348840273,0.0014782721899617636,0.0007166066792784929,0.00010726653707314903,N,N,N,N
276250,Cantherhines macrocerus,3.0,20.0,-26.0,33.0,-99.0,-14.0,,1.0,1.0,1.0,1.5,2.0,1.6,2.0,2.0,2.0,3.0,3.0,3.0,Y,N,Y,N,0.567000349369939,0.6533424619955471,0.007222209003563286,0.13787035236434173,Y,Y,N,N
276307,Bathyclupea schroederi,380.0,750.0,12.0,23.0,-79.65,-79.65,13.2,3.0,3.0,3.0,3.0,3.0,3.0,2.0,2.0,2.0,,,,N,N,N,N,0.00026888599831628973,0.00010867839760281224,0.00006047129365590462,0.00008728520399316549,N,N,N,N
276560,Peprilus burti,155.0,225.0,17.0,39.0,-99.0,-73.0,25.0,2.0,3.0,2.5,2.0,2.0,2.0,2.0,2.0,2.0,2.6,2.6,2.6,N,N,N,N,0.0006813513115632711,0.0013648275540795556,0.0003667323170768364,0.000971832656699968,N,N,N,N
277287,Pellona harroweri,0.0,35.0,-30.0,12.0,-89.0,-32.0,18.0,3.0,3.0,3.0,1.0,2.0,1.433333333,1.0,2.0,1.5,3.0,3.0,3.0,N,N,N,N,0.0013460152260389466,0.0006222329118338892,0.00046435662101156967,0.0011066951917941032,N,N,N,N
278434,Grammatorcynus bilineatus,15.0,50.0,-25.0,31.0,32.0,180.0,100.0,,,,1.5,2.0,1.75,2.0,2.0,2.0,2.6,2.6,2.6,N,N,N,N,0.34122145218558986,0.0006152020594569057,0.17851010558706715,0.012141157161488149,N,N,N,N
278702,Genypterus blacodes,22.0,1000.0,-57.0,-17.0,114.0,180.0,200.0,1.2,1.2,1.2,2.0,2.0,2.0,2.0,2.0,2.0,2.0,2.0,2.0,Y,Y,N,N,0.9339553967429425,0.8382516407848917,0.0018553362228773444,0.019746929245084702,Y,Y,N,N
279766,Assurger anzac,,,-37.0,37.0,-180.0,180.0,250.0,2.0,3.2,2.733333333,,,,2.0,2.0,2.0,3.0,3.0,3.0,Y,Y,N,N,0.9194412968101927,0.9275156578307832,0.008226407668655388,0.005269101571540054,Y,Y,N,N
280091,Cetengraulis edentulus,10.0,,-28.0,23.0,-98.0,-32.0,20.5,3.0,3.0,3.0,1.0,2.0,1.433333333,1.0,2.0,1.5,3.0,3.0,3.0,N,N,N,N,0.04300262328984136,0.00011206130457670176,0.00038175034856556994,0.003995996385796073,N,N,N,N
280695,Epinnula magistralis,200.0,350.0,-19.0,38.0,109.0,180.0,100.0,2.0,2.0,2.0,,,,2.0,2.0,2.0,3.0,3.0,3.0,N,N,N,N,0.0028211189763324767,0.0014798630996782256,0.003356213288153823,0.00026624549265143486,N,N,N,N
281542,Megachasma pelagios,5.0,1500.0,-40.0,40.0,-180.0,180.0,900.0,3.0,3.2,3.1,3.0,3.0,3.0,2.0,2.0,2.0,,,,Y,N,N,N,0.9939233092368107,0.9932238552159217,0.02315367878608594,0.10894519831973797,Y,Y,N,N
281832,Odontognathus compressus,0.0,30.0,4.0,14.0,-84.0,-53.0,13.0,3.0,3.0,3.0,1.0,2.0,1.433333333,1.0,2.0,1.5,3.0,3.0,3.0,N,N,N,N,0.00896436466153033,0.0002024309720002333,0.0005091523245228896,0.003908048824695825,N,N,N,N
282546,Ramnogaster arcuata,0.0,50.0,-42.0,-33.0,-64.0,-52.0,7.5,3.0,3.0,3.0,1.3,2.0,1.65,2.0,2.0,2.0,2.6,2.6,2.6,N,N,N,N,0.00019981421749173543,0.0003493883514690967,0.0022111040483122433,0.0005776694153044321,N,N,N,N
282757,Seriolella porosa,,,-55.0,0.0,-89.0,-45.0,44.0,2.0,2.0,2.0,,,,2.0,2.0,2.0,2.6,2.6,2.6,N,N,N,N,0.020512333602240283,0.034025451204817495,0.0014219540640720322,0.00020769547313770781,N,N,N,N
282973,Thysanactis dentex,75.0,1500.0,-30.0,18.0,-180.0,-150.0,18.0,2.5,3.0,2.75,3.0,3.0,3.0,2.0,2.0,2.0,2.0,3.0,2.5,N,N,N,N,0.00011438310594825845,0.000247677715558182,0.00040242156012575185,0.0004493743152456249,N,N,N,N
283164,Winteria telescopa,500.0,700.0,-49.0,28.0,-180.0,-154.0,15.0,2.5,3.0,2.75,3.0,3.0,3.0,2.0,2.0,2.0,3.0,3.0,3.0,N,N,N,N,0.00023870854569602433,0.001403605104757374,0.00029282639466342146,0.0001337181115375388,N,N,N,N
283166,Woodsia nonsuchae,530.0,1335.0,-33.0,31.0,-180.0,-64.0,9.0,2.5,3.0,2.75,3.0,3.0,3.0,2.0,2.0,2.0,2.6,3.0,2.8,N,N,N,N,0.00031414403396074327,0.0006118785376700675,0.00014783609284079997,0.00002313833034620211,N,N,N,N
283206,Zameus squamulosus,400.0,900.0,-56.0,68.0,-180.0,180.0,,1.0,3.2,2.066666667,2.5,3.0,2.9,2.0,2.0,2.0,3.0,3.0,3.0,Y,Y,N,N,0.9849886748806381,0.9977730387757445,0.009946376128188569,0.03184505097193546,Y,Y,N,N
298438,Carcharhinus perezi,0.0,30.0,-35.0,33.0,-100.0,-33.0,,1.7,1.7,1.7,1.3,3.0,1.971428571,2.0,2.0,2.0,2.6,3.0,2.8,Y,Y,N,N,0.9997280905382633,0.7912287785536802,0.09497667416396542,0.37856616570438517,Y,Y,N,N
299089,Centroscymnus owstoni,600.0,1459.0,-38.0,33.0,-52.0,30.0,,1.2,1.2,1.2,2.5,3.0,2.9,2.0,2.0,2.0,,,,Y,Y,N,N,0.8961968406699394,0.9153202859756503,0.004324348361383136,0.0997592709665141,Y,Y,N,N
300735,Gadus chalcogrammus,,,34.0,68.0,129.0,180.0,91.0,2.0,2.0,2.0,2.5,3.0,2.75,1.0,2.0,1.5,1.0,1.0,1.0,N,N,N,N,0.13838409865114976,0.14290285089615443,0.0014958505933661771,0.0018110016932962275,N,N,N,N
301526,Lampanyctus isaacsi,0.0,2300.0,,,,,5.8,3.0,3.0,3.0,3.0,3.0,3.0,2.0,2.0,2.0,2.6,2.6,2.6,N,N,N,N,0.0002720510220817472,0.0003240210984963661,0.0024622755212457903,0.00009362173656311483,N,N,N,N
302432,Caranx ruber,0.0,35.0,33.0,35.0,-100.0,-33.0,73.0,,,,1.5,2.2,1.733333333,2.0,2.0,2.0,2.6,2.6,2.6,N,N,N,N,0.9146939237613779,0.031713670627496034,0.011221685683053456,0.21525767580322328,Y,N,N,N
302877,Remora albescens,1.0,50.0,,,,,,3.0,3.0,3.0,2.0,3.0,2.5,2.0,2.0,2.0,2.4,2.6,2.5,Y,N,Y,N,0.914970546431611,0.07493290960425783,0.5782469365569853,0.0012812147713362235,Y,N,Y,N
303486,Kyphosus sectatrix,1.0,30.0,-29.0,46.0,-98.0,16.0,76.0,,,,1.5,2.0,1.625,2.0,2.0,2.0,2.6,2.6,2.6,Y,N,Y,N,0.06229635917823804,0.00446244713335221,0.6845969273673463,0.014101668880594944,N,N,Y,N
313240,Pentaceros richardsoni,0.0,600.0,-56.0,-23.0,-68.0,180.0,56.0,3.0,3.0,3.0,2.0,3.0,2.5,2.0,2.0,2.0,2.0,2.0,2.0,N,N,N,N,0.018639252280598113,0.12397099418961545,0.0071842189804279585,0.005701495148414251,N,N,N,N
317659,Dasyscopelus asper,425.0,750.0,-52.0,46.0,-180.0,180.0,8.5,,,,,,,,,,,,,N,N,N,N,0.0005544608484180466,0.00039364579464584536,0.00213992079301136,0.0001019180743343536,N,N,N,N
319394,Monacoa grimaldii,300.0,400.0,-49.0,43.0,-180.0,15.0,18.0,2.5,3.0,2.75,3.0,3.0,3.0,2.0,2.0,2.0,2.6,3.0,2.8,N,N,N,N,0.0003971933199720458,0.003942982313373322,0.00023707577248648637,0.00014413838971440577,N,N,N,N
321911,Tetronarce nobiliana,0.0,925.0,-48.0,60.0,-180.0,180.0,180.0,1.0,3.0,2.0,2.0,2.5,2.18,2.0,2.0,2.0,2.6,2.6,2.6,N,N,N,N,0.9971275129687983,0.9988201742349022,0.07399396623089012,0.08593291633183738,Y,Y,N,N
345843,Sphyraena barracuda,0.0,110.0,-35.0,42.0,-180.0,180.0,200.0,,,,1.0,2.0,1.466666667,1.0,2.0,1.5,2.4,3.0,2.666666667,Y,Y,Y,N,0.9857850008186697,0.10494381577286416,0.7933595696847453,0.22699715814003613,Y,N,Y,N
388863,Scopeloberyx bannikovi,1500.0,1500.0,14.86666667,14.86666667,-73.81666667,-73.81666667,,2.5,2.5,2.5,,,,2.0,2.0,2.0,3.0,3.0,3.0,N,N,N,N,0.7234033759380638,0.9291829458057134,0.0010189924047724441,0.004073053885850111,Y,Y,N,N
398478,Odontanthias caudicinctus,100.0,300.0,,,,,10.0,3.0,3.0,3.0,2.0,3.0,2.5,2.0,2.0,2.0,,,,N,N,N,N,0.0011992738138535766,0.0003257912955051713,0.0005868950162503873,0.00019568925841334818,N,N,N,N
401555,Alectis alexandrina/ Alectis alexandrinus,,70.0,-13.0,42.0,-19.0,36.0,100.0,,,,,,,,,,,,,N,N,N,N,0.015965099841741125,0.0012732536258820639,0.004023241547069591,0.010559399052301171,N,N,N,N
712905,Istiompax indica,0.0,915.0,-40.0,40.0,-180.0,-69.0,465.0,3.0,3.2,3.1,2.0,3.0,2.333333333,2.0,2.0,2.0,2.0,3.0,2.533333333,Y,Y,Y,N,0.9997555575797602,0.9979325360239298,0.8971792012529213,0.13569686819728835,Y,Y,Y,N
712906,Kajikia albida,0.0,100.0,-45.0,47.0,-99.0,27.0,300.0,3.0,3.2,3.1,2.0,3.0,2.5,2.0,2.0,2.0,2.6,2.6,2.6,Y,Y,Y,Y,0.9971293423771763,0.9520767732385805,0.9068580860529102,0.3351042223014765,Y,Y,Y,N
712907,Kajikia audax,0.0,120.0,-49.0,46.0,-180.0,-69.0,420.0,3.0,3.2,3.1,2.0,3.0,2.5,2.0,2.0,2.0,2.0,3.0,2.533333333,Y,Y,Y,N,0.9998977739435047,0.9991088040051738,0.9969309758304226,0.31985088814719337,Y,Y,Y,N
713109,Lophotus guntheri,30.0,300.0,,,,,,3.0,3.0,3.0,3.0,3.0,3.0,2.0,2.0,2.0,2.0,2.0,2.0,Y,Y,N,N,0.9365608326087306,0.49012146313244503,0.011591226323709491,0.0033360453429788503,Y,N,N,N
990089,Gadus finnmarchicus,,,,,,,50.0,,,,,,,,,,,,,N,N,N,N,0.005858193651015086,0.00041234154299439705,0.03734237849360215,0.00013897941738707538,N,N,N,N
1007133,Liopropoma santi,182.0,241.0,,,,,11.6,3.0,3.0,3.0,2.0,2.0,2.0,2.0,2.0,2.0,3.0,3.0,3.0,N,N,N,N,0.0017401203370783474,0.000056678729886251036,0.0016647662860633098,0.00011730360034981034,N,N,N,N
1017161,Mugil brevirostris,,,,,,,20.9,3.0,3.0,3.0,2.0,2.0,2.0,2.0,2.0,2.0,3.0,3.0,3.0,N,N,N,N,0.0006581510404138576,0.0007596076010282439,0.00019500614242445608,0.0007755544759394974,N,N,N,N
1026118,Mobula birostris,0.0,1000.0,-38.0,42.0,-180.0,180.0,910.0,3.0,3.0,3.0,1.0,3.0,2.2,2.0,2.0,2.0,2.0,3.0,2.533333333,Y,Y,Y,N,0.999328225744031,0.979271824236669,0.9656793536521809,0.10714750500013832,Y,Y,Y,N
1042799,Squalus bassi,159.0,591.0,,,,,110.0,3.0,3.0,3.0,2.0,2.5,2.25,2.0,2.0,2.0,3.0,3.0,3.0,N,N,N,N,0.4447143617764936,0.006784068727043479,0.011214598947129336,0.0025072364142096123,N,N,N,N
1042856,Hypanus americanus,0.0,100.0,-4.0,36.0,-100.0,-37.0,200.0,,,,1.0,2.0,1.42,1.0,2.0,1.5,2.6,2.6,2.6,Y,N,N,Y,0.9023427376539751,0.9530224351618298,0.0010009264966877303,0.010019809574238784,Y,Y,N,N
1042871,Mobula alfredi,,,-34.0,32.0,-180.0,-134.0,,2.0,3.0,2.5,1.3,3.0,1.95,2.0,2.0,2.0,3.0,3.0,3.0,Y,Y,N,N,0.9903601709729315,0.8859545724044782,0.019388590138676595,0.018555273028161793,Y,Y,N,N
1287298,Squalus clarkae,100.0,750.0,,,,,82.0,1.0,2.0,1.5,2.0,2.5,2.233333333,2.0,2.0,2.0,3.0,3.0,3.0,N,N,N,N,0.11214162699825587,0.008075827028435512,0.017974923696938955,0.0009694968411859594,N,N,N,N
1510072,Melamphaes lentiginosus,2200.0,2200.0,,,,,1.8,2.5,2.5,2.5,,,,2.0,2.0,2.0,,,,N,N,N,N,0.00006866913982668977,0.0036058797147360713,0.00003077232135572384,0.00008855652875437722,N,N,N,N
1524348,Neobathyclupea elongata,,,,,,,40.0,,,,,,,,,,,,,N,N,N,N,0.005070978582818612,0.00041510061747831534,0.03512754595592054,0.00014902078161347496,N,N,N,N
1525496,Dasyscopelus selenops,40.0,225.0,-52.0,48.0,-180.0,-153.0,7.5,,,,,,,,,,,,,N,N,N,N,0.0013246825104512136,0.0005215105486751656,0.003962720154269755,0.0001594032566409654,N,N,N,N
401555,Alectis alexandrina,,,,,,,,3.0,3.0,3.0,2.0,2.0,2.0,2.0,2.0,2.0,2.6,2.6,2.6,N,N,N,N,0.006105849575176126,0.004223517910450143,0.062599156578971,0.0010603738912896466,N,N,N,N
126616,Lampanyctus lineatus,,,,,,,,2.5,3.0,2.875,3.0,3.0,3.0,2.0,2.0,2.0,2.6,3.0,2.8,N,N,N,N,0.08013539717109673,0.08744588526557211,0.006922958000225482,0.002366763830235298,N,N,N,N
151324,Sebastes norvegicus,,,,,,,,1.0,3.0,2.0,1.3,3.0,2.1,2.0,2.0,2.0,2.0,2.0,2.0,N,N,N,N,0.30239299383490603,0.14953352057299468,0.009031287180157499,0.012001641914951622,N,N,N,N
317659,Myctophum asperum,,,,,,,,2.5,3.2,2.9,3.0,3.0,3.0,2.0,2.0,2.0,,,,N,N,N,N,0.06941129221539277,0.06997000126325306,0.0018908069085062722,0.00014394854005855625,N,N,N,N
126628,Myctophum selenops,,,,,,,,2.5,3.2,2.9,3.0,3.0,3.0,2.0,2.0,2.0,,,,N,N,N,N,0.04771847389568308,0.030935588257853707,0.00796858984266698,0.0006190388001047624,N,N,N,N
221512,Sigmops elongatus/ Gonostoma elongatum,,,,,,,,,,,,,,,,,,,,N,N,N,N,0.0005851885630655265,0.0013438032781475933,0.0003298022777706337,0.00038738835181250714,N,N,N,N
317659,Myctophum asperum/ Dasyscopelus asper,,,,,,,,,,,,,,,,,,,,N,N,N,N,0.1839454063129442,0.18928692806833267,0.1834025720605944,0.0001385916459011436,N,N,N,N
126628,Myctophum selenops/ Dasyscopelus selenops,,,,,,,,,,,,,,,,,,,,N,N,N,N,0.0005851885630655265,0.0013438032781475933,0.0003298022777706337,0.00038738835181250714,N,N,N,N
321911,Tetronarce nobiliana/ Torpedo nobiliana,,,,,,,,,,,,,,,,,,,,N,N,N,N,0.16051911364552052,0.14698683970335075,0.1523825603051069,0.0002066182132823774,N,N,N,N
105858,Mobula mobular,,,,,,,,,,,,,,,,,,,,Y,Y,Y,N,0.0005851885630655265,0.0013438032781475933,0.0003298022777706337,0.00038738835181250714,N,N,N,N
319394,Monacoa grimaldii/ Opisthoproctus grimaldii,,,,,,,,,,,,,,,,,,,,N,N,N,N,0.1839454063129442,0.18928692806833267,0.1834025720605944,0.0001385916459011436,N,N,N,N
234788,Lepidonotothen squamifrons/ Notothenia squamifrons,,,,,,,,,,,,,,,,,,,,N,N,N,N,0.1537546014108214,0.15736698745227873,0.1549859409228989,0.00026574569407555567,N,N,N,N
