step,epoch,train_loss,train_acc,train_path_loss,train_path_acc,timestamp,timestamp_fmt,duration,duration_fmt,dur_total_core,dur_train_core,dur_dl_train,val_loss,val_acc,val_path_loss,val_path_acc
1,1,4.507884635162354,0.034,mean: 4.507884635162354,mean: 0.034,1749066511.7171829,2025/06/05 04:48:31,13.459535837173462,13.5s,0.6665544509887695,0.6666736602783203,0.07456755638122559,,,,
2,2,4.245392741775513,0.0556,mean: 4.245392741775513,mean: 0.0556,1749066533.406615,2025/06/05 04:48:53,35.1489679813385,35.1s,1.4253756999969482,1.1499457359313965,0.13424134254455566,4.549130744171142,0.0428,mean: 4.549130744171142,mean: 0.0428
3,3,4.029329131317139,0.0676,mean: 4.029329131317139,mean: 0.0676,1749066545.8805776,2025/06/05 04:49:05,47.6229305267334,47.6s,1.8737940788269043,1.5984716415405273,0.19348597526550293,,,,
4,4,3.9146396438598634,0.0816,mean: 3.9146396438598634,mean: 0.0816,1749066567.7068517,2025/06/05 04:49:27,69.44920468330383,1.2m,2.5362751483917236,2.0027499198913574,0.2559778690338135,4.078210293197632,0.0766,mean: 4.078210293197632,mean: 0.0766
5,5,3.8125875297546385,0.1022,mean: 3.8125875297546385,mean: 0.1022,1749066580.6309788,2025/06/05 04:49:40,82.37333178520203,1.4m,2.974412202835083,2.4409961700439453,0.3178291320800781,,,,
6,6,3.777758936691284,0.109,mean: 3.777758936691284,mean: 0.109,1749066601.9469686,2025/06/05 04:50:01,103.68932151794434,1.7m,3.7052502632141113,2.90786075592041,0.3925795555114746,4.214514069366455,0.0824,mean: 4.214514069366455,mean: 0.0824
7,7,3.664911520385742,0.1248,mean: 3.664911520385742,mean: 0.1248,1749066614.9764597,2025/06/05 04:50:14,116.7188127040863,1.9m,4.1518354415893555,3.3545520305633545,0.45683765411376953,,,,
8,8,3.594118734741211,0.1352,mean: 3.594118734741211,mean: 0.1352,1749066636.8246927,2025/06/05 04:50:36,138.56704568862915,2.3m,4.857290744781494,3.7939648628234863,0.5159666538238525,3.96139930267334,0.1064,mean: 3.96139930267334,mean: 0.1064
9,9,3.518920977020264,0.1516,mean: 3.518920977020264,mean: 0.1516,1749066649.927878,2025/06/05 04:50:49,151.67023086547852,2.5m,5.291898012161255,4.228676795959473,0.5773015022277832,,,,
10,10,3.458077939605713,0.1592,mean: 3.458077939605713,mean: 0.1592,1749066671.7202404,2025/06/05 04:51:11,173.46259331703186,2.9m,6.018797159194946,4.68575119972229,0.6899828910827637,4.16905259552002,0.0947,mean: 4.16905259552002,mean: 0.0947
11,11,3.441880068206787,0.1682,mean: 3.441880068206787,mean: 0.1682,1749066684.3214471,2025/06/05 04:51:24,186.06380009651184,3.1m,6.508185625076294,5.175245761871338,0.7503573894500732,,,,
12,12,3.306275675201416,0.1916,mean: 3.306275675201416,mean: 0.1916,1749066706.1292799,2025/06/05 04:51:46,207.87163281440735,3.5m,7.233118772506714,5.6414806842803955,0.878655195236206,3.8700086967468263,0.1259,mean: 3.8700086967468263,mean: 0.1259
13,13,3.219431579208374,0.196,mean: 3.219431579208374,mean: 0.196,1749066718.5987659,2025/06/05 04:51:58,220.34111881256104,3.7m,7.62723445892334,6.035703420639038,0.9405107498168945,,,,
14,14,3.1424732280731202,0.2166,mean: 3.1424732280731202,mean: 0.2166,1749066740.253911,2025/06/05 04:52:20,241.99626398086548,4.0m,8.29083514213562,6.4344141483306885,1.0026798248291016,3.7794479751586914,0.1392,mean: 3.7794479751586914,mean: 0.1392
15,15,3.060446809768677,0.231,mean: 3.060446809768677,mean: 0.231,1749066753.1173215,2025/06/05 04:52:33,254.85967445373535,4.2m,8.754018783569336,6.897700548171997,1.085571050643921,,,,
16,16,3.046738339614868,0.2332,mean: 3.046738339614868,mean: 0.2332,1749066774.8522527,2025/06/05 04:52:54,276.5946056842804,4.6m,9.489372730255127,7.356482982635498,1.1455957889556885,3.9238757545471192,0.1531,mean: 3.9238757545471192,mean: 0.1531
17,17,2.926264366149902,0.2484,mean: 2.926264366149902,mean: 0.2484,1749066787.6020455,2025/06/05 04:53:07,289.34439849853516,4.8m,9.970311403274536,7.837526559829712,1.206411361694336,,,,
18,18,2.8334236351013184,0.2736,mean: 2.8334236351013184,mean: 0.2736,1749066809.0400512,2025/06/05 04:53:29,310.78240418434143,5.2m,10.696219205856323,8.302100896835327,1.2683913707733154,4.182551590728759,0.1187,mean: 4.182551590728759,mean: 0.1187
19,19,2.8481745944976806,0.269,mean: 2.8481745944976806,mean: 0.269,1749066821.8704715,2025/06/05 04:53:41,323.61282444000244,5.4m,11.152076959609985,8.758067607879639,1.3278954029083252,,,,
20,20,2.6791535667419435,0.3064,mean: 2.6791535667419435,mean: 0.3064,1749066844.0991945,2025/06/05 04:54:04,345.84154748916626,5.8m,11.92308235168457,9.273641347885132,1.395242691040039,4.197070552825927,0.1467,mean: 4.197070552825927,mean: 0.1467
21,21,2.70684118347168,0.289,mean: 2.70684118347168,mean: 0.289,1749066856.6019218,2025/06/05 04:54:16,358.3442747592926,6.0m,12.35541558265686,9.706074953079224,1.455794334411621,,,,
22,22,2.5868117095947265,0.3126,mean: 2.5868117095947265,mean: 0.3126,1749066878.1132426,2025/06/05 04:54:38,379.8555955886841,6.3m,13.096639394760132,10.180999517440796,1.517625093460083,3.783438550567627,0.1822,mean: 3.783438550567627,mean: 0.1822
23,23,2.540881830596924,0.3302,mean: 2.540881830596924,mean: 0.3302,1749066890.98821,2025/06/05 04:54:50,392.73056292533875,6.5m,13.579364538192749,10.663831949234009,1.5827901363372803,,,,
24,24,2.4174748321533204,0.3568,mean: 2.4174748321533204,mean: 0.3568,1749066912.4876425,2025/06/05 04:55:12,414.2299954891205,6.9m,14.306252241134644,11.125888109207153,1.645078420639038,3.7271401363372805,0.206,mean: 3.7271401363372805,mean: 0.206
25,25,2.384475626373291,0.362,mean: 2.384475626373291,mean: 0.362,1749066925.271584,2025/06/05 04:55:25,427.01393699645996,7.1m,14.725759983062744,11.545499801635742,1.7611639499664307,,,,
26,26,2.3670386482238768,0.3598,mean: 2.3670386482238768,mean: 0.3598,1749066945.3721073,2025/06/05 04:55:45,447.11446022987366,7.5m,15.487609148025513,12.040739297866821,1.8230857849121094,3.659736555480957,0.2104,mean: 3.659736555480957,mean: 0.2104
27,27,2.256774839782715,0.3904,mean: 2.256774839782715,mean: 0.3904,1749066958.1812716,2025/06/05 04:55:58,459.92362451553345,7.7m,15.941613674163818,12.494845151901245,1.8916661739349365,,,,
28,28,2.2764487518310546,0.384,mean: 2.2764487518310546,mean: 0.384,1749066979.8489733,2025/06/05 04:56:19,481.59132623672485,8.0m,16.703463554382324,12.989401817321777,1.956650733947754,3.9275211837768556,0.1919,mean: 3.9275211837768556,mean: 0.1919
29,29,2.195176636505127,0.403,mean: 2.195176636505127,mean: 0.403,1749066992.7433703,2025/06/05 04:56:32,494.4857232570648,8.2m,17.201416492462158,13.487467288970947,2.0213327407836914,,,,
30,30,2.1234539918899538,0.4184,mean: 2.1234539918899538,mean: 0.4184,1749067014.2600355,2025/06/05 04:56:54,516.0023884773254,8.6m,17.91145396232605,13.944099187850952,2.0834529399871826,4.013631367492676,0.1921,mean: 4.013631367492676,mean: 0.1921
31,31,1.994768862915039,0.4408,mean: 1.994768862915039,mean: 0.4408,1749067027.0785959,2025/06/05 04:57:07,528.8209488391876,8.8m,18.384480476379395,14.417232990264893,2.1490612030029297,,,,
32,32,2.11911000328064,0.425,mean: 2.11911000328064,mean: 0.425,1749067048.559622,2025/06/05 04:57:28,550.3019750118256,9.2m,19.166903257369995,14.940601825714111,2.2096152305603027,3.9166439807891846,0.2087,mean: 3.9166439807891846,mean: 0.2087
33,33,1.94238003616333,0.4558,mean: 1.94238003616333,mean: 0.4558,1749067061.2677715,2025/06/05 04:57:41,563.0101244449615,9.4m,19.61397433280945,15.387779235839844,2.273998737335205,,,,
34,34,1.8236779121398925,0.4852,mean: 1.8236779121398925,mean: 0.4852,1749067082.9643645,2025/06/05 04:58:02,584.7067174911499,9.7m,20.32471466064453,15.831909656524658,2.335969924926758,4.228583103179932,0.1988,mean: 4.228583103179932,mean: 0.1988
35,35,1.8027736110687256,0.4892,mean: 1.8027736110687256,mean: 0.4892,1749067096.055179,2025/06/05 04:58:16,597.797532081604,10.0m,20.817687034606934,16.32499599456787,2.4441938400268555,,,,
36,36,1.7874723136901856,0.4854,mean: 1.7874723136901856,mean: 0.4854,1749067117.687114,2025/06/05 04:58:37,619.4294669628143,10.3m,21.599947929382324,16.814128160476685,2.507399320602417,4.1466071365356445,0.2168,mean: 4.1466071365356445,mean: 0.2168
37,37,1.7136701225280762,0.5094,mean: 1.7136701225280762,mean: 0.5094,1749067130.363821,2025/06/05 04:58:50,632.106173992157,10.5m,22.02127194404602,17.235557079315186,2.5706539154052734,,,,
38,38,1.651672801399231,0.5252,mean: 1.651672801399231,mean: 0.5252,1749067151.8566945,2025/06/05 04:59:11,653.5990474224091,10.9m,22.752002239227295,17.726438283920288,2.634899377822876,3.9331598346710206,0.242,mean: 3.9331598346710206,mean: 0.242
39,39,1.4771356300354004,0.579,mean: 1.4771356300354004,mean: 0.579,1749067164.591938,2025/06/05 04:59:24,666.3342909812927,11.1m,23.187129735946655,18.161670684814453,2.6970760822296143,,,,
40,40,1.5645797046661376,0.5414,mean: 1.5645797046661376,mean: 0.5414,1749067185.969167,2025/06/05 04:59:45,687.7115199565887,11.5m,23.882132530212402,18.594440698623657,2.760857582092285,4.865343782806397,0.1859,mean: 4.865343782806397,mean: 0.1859
41,41,1.6300438270568847,0.5382,mean: 1.6300438270568847,mean: 0.5382,1749067198.6057591,2025/06/05 04:59:58,700.3481121063232,11.7m,24.32258439064026,19.03499937057495,2.8259027004241943,,,,
42,42,1.6033827953338624,0.5396,mean: 1.6033827953338624,mean: 0.5396,1749067220.2542772,2025/06/05 05:00:20,721.996630191803,12.0m,25.07318615913391,19.517285108566284,2.889831066131592,4.094285654830933,0.2345,mean: 4.094285654830933,mean: 0.2345
43,43,1.428035686302185,0.5818,mean: 1.428035686302185,mean: 0.5818,1749067233.036172,2025/06/05 05:00:33,734.7785248756409,12.2m,25.52288317680359,19.96712350845337,2.952613353729248,,,,
44,44,1.2526920597076416,0.6358,mean: 1.2526920597076416,mean: 0.6358,1749067254.8780372,2025/06/05 05:00:54,756.6203901767731,12.6m,26.22003149986267,20.38228130340576,3.0227019786834717,4.539163900756836,0.2229,mean: 4.539163900756836,mean: 0.2229
45,45,1.3732730648040772,0.597,mean: 1.3732730648040772,mean: 0.597,1749067267.9059775,2025/06/05 05:01:07,769.648330450058,12.8m,26.704027891159058,20.86638593673706,3.0846457481384277,,,,
46,46,1.4208797727584839,0.5922,mean: 1.4208797727584839,mean: 0.5922,1749067289.5834012,2025/06/05 05:01:29,791.3257541656494,13.2m,27.435296297073364,21.320892810821533,3.1481666564941406,4.656765528106689,0.2008,mean: 4.656765528106689,mean: 0.2008
47,47,1.2439955116271972,0.6382,mean: 1.2439955116271972,mean: 0.6382,1749067302.7017186,2025/06/05 05:01:42,804.4440715312958,13.4m,27.859896898269653,21.745622873306274,3.2154574394226074,,,,
48,48,1.0817599924087524,0.6754,mean: 1.0817599924087524,mean: 0.6754,1749067324.4557006,2025/06/05 05:02:04,826.1980535984039,13.8m,28.602137088775635,22.21833109855652,3.2789433002471924,4.7708223487854005,0.2104,mean: 4.7708223487854005,mean: 0.2104
49,49,1.2001209930419923,0.6512,mean: 1.2001209930419923,mean: 0.6512,1749067337.6112268,2025/06/05 05:02:17,839.3535797595978,14.0m,29.06444764137268,22.68076801300049,3.349600315093994,,,,
50,50,1.1577264533996583,0.6596,mean: 1.1577264533996583,mean: 0.6596,1749067359.3016994,2025/06/05 05:02:39,861.044052362442,14.4m,29.746292114257812,23.096741437911987,3.4172046184539795,4.805026541137695,0.218,mean: 4.805026541137695,mean: 0.218
51,51,1.1314396808624267,0.6598,mean: 1.1314396808624267,mean: 0.6598,1749067372.067777,2025/06/05 05:02:52,873.8101298809052,14.6m,30.25296902656555,23.603524208068848,3.479799509048462,,,,
52,52,1.164854256439209,0.6542,mean: 1.164854256439209,mean: 0.6542,1749067394.1708417,2025/06/05 05:03:14,895.9131946563721,14.9m,30.997896194458008,24.075000047683716,3.5464119911193848,4.815757865905762,0.2216,mean: 4.815757865905762,mean: 0.2216
53,53,1.1594952850341798,0.6564,mean: 1.1594952850341798,mean: 0.6564,1749067406.6315436,2025/06/05 05:03:26,908.3738965988159,15.1m,31.439207077026367,24.516411066055298,3.608328104019165,,,,
54,54,0.8564352859497071,0.747,mean: 0.8564352859497071,mean: 0.747,1749067427.8041158,2025/06/05 05:03:47,929.5464687347412,15.5m,32.1276490688324,24.967547178268433,3.6738572120666504,4.593025529479981,0.2253,mean: 4.593025529479981,mean: 0.2253
55,55,0.9639753221511841,0.713,mean: 0.9639753221511841,mean: 0.713,1749067440.400014,2025/06/05 05:04:00,942.1423668861389,15.7m,32.609373331069946,25.449384689331055,3.7400476932525635,,,,
56,56,0.8474476303100585,0.7498,mean: 0.8474476303100585,mean: 0.7498,1749067461.8373268,2025/06/05 05:04:21,963.5796797275543,16.1m,33.33725142478943,25.904869556427002,3.8045566082000732,4.797730026245117,0.2222,mean: 4.797730026245117,mean: 0.2222
57,57,0.9703125202178955,0.7056,mean: 0.9703125202178955,mean: 0.7056,1749067474.3715196,2025/06/05 05:04:34,976.1138725280762,16.3m,33.79156184196472,26.359283924102783,3.8696656227111816,,,,
58,58,1.1087597528457642,0.6708,mean: 1.1087597528457642,mean: 0.6708,1749067495.2808769,2025/06/05 05:04:55,997.0232298374176,16.6m,34.57397389411926,26.879988193511963,3.9340155124664307,5.816867276000977,0.1818,mean: 5.816867276000977,mean: 0.1818
59,59,1.030991103553772,0.6978,mean: 1.030991103553772,mean: 0.6978,1749067508.2029417,2025/06/05 05:05:08,1009.9452946186066,16.8m,34.97500801086426,27.28113079071045,3.9949440956115723,,,,
60,60,0.8986013298034667,0.7364,mean: 0.8986013298034667,mean: 0.7364,1749067529.2104359,2025/06/05 05:05:29,1030.9527888298035,17.2m,35.604262828826904,27.655619621276855,4.1116859912872314,5.565890893554688,0.2069,mean: 5.565890893554688,mean: 0.2069
61,61,0.898992691230774,0.7292,mean: 0.898992691230774,mean: 0.7292,1749067541.814853,2025/06/05 05:05:41,1043.557205915451,17.4m,36.09199380874634,28.143451690673828,4.1706013679504395,,,,
62,62,0.8248429193496704,0.7414,mean: 0.8248429193496704,mean: 0.7414,1749067563.375684,2025/06/05 05:06:03,1065.1180369853973,17.8m,36.77939438819885,28.55623722076416,4.2350544929504395,4.880525042724609,0.2275,mean: 4.880525042724609,mean: 0.2275
63,63,0.8797148914337158,0.7398,mean: 0.8797148914337158,mean: 0.7398,1749067575.647526,2025/06/05 05:06:15,1077.389878988266,18.0m,37.221394777297974,28.998338222503662,4.300373315811157,,,,
64,64,0.7657761829376221,0.775,mean: 0.7657761829376221,mean: 0.775,1749067597.071194,2025/06/05 05:06:37,1098.8135468959808,18.3m,37.99890327453613,29.51601219177246,4.361750364303589,5.201555748748779,0.2234,mean: 5.201555748748779,mean: 0.2234
65,65,0.8985292085647583,0.7424,mean: 0.8985292085647583,mean: 0.7424,1749067609.7937715,2025/06/05 05:06:49,1111.5361244678497,18.5m,38.416642904281616,29.933886766433716,4.423731088638306,,,,
66,66,0.8420284496307373,0.7532,mean: 0.8420284496307373,mean: 0.7532,1749067630.9380193,2025/06/05 05:07:10,1132.6803722381592,18.9m,39.12099027633667,30.377667903900146,4.485589981079102,4.806281253051758,0.2469,mean: 4.806281253051758,mean: 0.2469
67,67,0.7687173147201538,0.7724,mean: 0.7687173147201538,mean: 0.7724,1749067643.3689961,2025/06/05 05:07:23,1145.111349105835,19.1m,39.598289251327515,30.855072259902954,4.553935766220093,,,,
68,68,0.7390118213653565,0.776,mean: 0.7390118213653565,mean: 0.776,1749067664.3326595,2025/06/05 05:07:44,1166.0750124454498,19.4m,40.324379444122314,31.333295822143555,4.61527156829834,4.89979098777771,0.2457,mean: 4.89979098777771,mean: 0.2457
69,69,0.5879868553161621,0.831,mean: 0.5879868553161621,mean: 0.831,1749067676.9645183,2025/06/05 05:07:56,1178.7068712711334,19.6m,40.78150773048401,31.79052186012268,4.679072380065918,,,,
70,70,1.0808159489631652,0.6882,mean: 1.0808159489631652,mean: 0.6882,1749067698.387456,2025/06/05 05:08:18,1200.1298089027405,20.0m,41.47813701629639,32.23110485076904,4.746880531311035,4.959970691680908,0.2433,mean: 4.959970691680908,mean: 0.2433
71,71,0.7217320669174194,0.7878,mean: 0.7217320669174194,mean: 0.7878,1749067711.2603984,2025/06/05 05:08:31,1213.0027513504028,20.2m,41.97237730026245,32.725473403930664,4.809621810913086,,,,
72,72,0.6302844802856445,0.8166,mean: 0.6302844802856445,mean: 0.8166,1749067732.9350102,2025/06/05 05:08:52,1234.6773631572723,20.6m,42.7343111038208,33.227967977523804,4.873448848724365,6.071249020385742,0.194,mean: 6.071249020385742,mean: 0.194
73,73,0.8532678577423096,0.7516,mean: 0.8532678577423096,mean: 0.7516,1749067745.5464985,2025/06/05 05:09:05,1247.2888514995575,20.8m,43.18623208999634,33.679994344711304,4.937446355819702,,,,
74,74,0.6142131519317627,0.8218,mean: 0.6142131519317627,mean: 0.8218,1749067766.6393118,2025/06/05 05:09:26,1268.3816647529602,21.1m,43.9301233291626,34.164954662323,4.999444007873535,6.572009337615967,0.1775,mean: 6.572009337615967,mean: 0.1775
75,75,1.0526735599517822,0.6968,mean: 1.0526735599517822,mean: 0.6968,1749067779.4144425,2025/06/05 05:09:39,1281.156795501709,21.4m,44.4148473739624,34.64980912208557,5.060823917388916,,,,
76,76,1.1299347171783447,0.6832,mean: 1.1299347171783447,mean: 0.6832,1749067800.5591702,2025/06/05 05:10:00,1302.3015232086182,21.7m,45.11793851852417,35.087050914764404,5.123521566390991,4.881593011474609,0.232,mean: 4.881593011474609,mean: 0.232
77,77,0.6461376855850219,0.8142,mean: 0.6461376855850219,mean: 0.8142,1749067813.1613545,2025/06/05 05:10:13,1314.9037075042725,21.9m,45.6002357006073,35.56947445869446,5.18533182144165,,,,
78,78,0.509870253944397,0.8538,mean: 0.509870253944397,mean: 0.8538,1749067834.3081365,2025/06/05 05:10:34,1336.0504894256592,22.3m,46.326836347579956,36.021395444869995,5.248193740844727,4.7127603218078615,0.2545,mean: 4.7127603218078615,mean: 0.2545
79,79,0.5604314755439759,0.838,mean: 0.5604314755439759,mean: 0.838,1749067846.6559496,2025/06/05 05:10:46,1348.3983025550842,22.5m,46.8032124042511,36.497878551483154,5.310169458389282,,,,
80,80,0.43487429847717285,0.8756,mean: 0.43487429847717285,mean: 0.8756,1749067868.200501,2025/06/05 05:11:08,1369.9428539276123,22.8m,47.58024740219116,37.0001163482666,5.399988174438477,4.6216593315124515,0.246,mean: 4.6216593315124515,mean: 0.246
81,81,0.5769327075958252,0.8314,mean: 0.5769327075958252,mean: 0.8314,1749067880.7647023,2025/06/05 05:11:20,1382.5070552825928,23.0m,48.05597162246704,37.47594213485718,5.45975399017334,,,,
82,82,0.4458818111419678,0.8734,mean: 0.4458818111419678,mean: 0.8734,1749067902.0732124,2025/06/05 05:11:42,1403.8155653476715,23.4m,48.80717396736145,37.96383333206177,5.524461984634399,5.339389665222168,0.2348,mean: 5.339389665222168,mean: 0.2348
83,83,0.5904468338012695,0.823,mean: 0.5904468338012695,mean: 0.823,1749067914.728223,2025/06/05 05:11:54,1416.4705760478973,23.6m,49.25015592575073,38.40694808959961,5.58853816986084,,,,
84,84,0.6192689264297485,0.8168,mean: 0.6192689264297485,mean: 0.8168,1749067935.9403908,2025/06/05 05:12:15,1437.6827437877655,24.0m,49.919666051864624,38.821046113967896,5.651216983795166,6.212097793579102,0.2041,mean: 6.212097793579102,mean: 0.2041
85,85,0.7841212997436523,0.7688,mean: 0.7841212997436523,mean: 0.7688,1749067948.2956483,2025/06/05 05:12:28,1450.0380012989044,24.2m,50.40449047088623,39.30596923828125,5.717512369155884,,,,
86,86,0.8356189848899841,0.7618,mean: 0.8356189848899841,mean: 0.7618,1749067969.6534948,2025/06/05 05:12:49,1471.3958477973938,24.5m,51.18503975868225,39.83308935165405,5.785764217376709,4.836494234466553,0.2536,mean: 4.836494234466553,mean: 0.2536
87,87,0.5948093368530274,0.8286,mean: 0.5948093368530274,mean: 0.8286,1749067982.2656696,2025/06/05 05:13:02,1484.0080225467682,24.7m,51.624096393585205,40.27225399017334,5.851494073867798,,,,
88,88,0.7037995975494384,0.7926,mean: 0.7037995975494384,mean: 0.7926,1749068003.316664,2025/06/05 05:13:23,1505.059016942978,25.1m,52.30629825592041,40.707876443862915,5.913664102554321,4.690525775146484,0.26,mean: 4.690525775146484,mean: 0.26
89,89,0.5538119184494018,0.8414,mean: 0.5538119184494018,mean: 0.8414,1749068015.949148,2025/06/05 05:13:35,1517.691500902176,25.3m,52.75053071975708,41.152212619781494,5.980719327926636,,,,
90,90,0.4158771635055542,0.8826,mean: 0.4158771635055542,mean: 0.8826,1749068037.536143,2025/06/05 05:13:57,1539.2784960269928,25.7m,53.479411125183105,41.585654735565186,6.042924880981445,4.652580832672119,0.2757,mean: 4.652580832672119,mean: 0.2757
91,91,0.3569171570777893,0.8942,mean: 0.3569171570777893,mean: 0.8942,1749068050.1606746,2025/06/05 05:14:10,1551.9030275344849,25.9m,53.94214153289795,42.0484893321991,6.109147787094116,,,,
92,92,0.46190512866973876,0.8708,mean: 0.46190512866973876,mean: 0.8708,1749068069.9369528,2025/06/05 05:14:29,1571.6793057918549,26.2m,54.68240571022034,42.542630195617676,6.1737892627716064,6.957559428405761,0.1911,mean: 6.957559428405761,mean: 0.1911
93,93,0.7769510244369506,0.7778,mean: 0.7769510244369506,mean: 0.7778,1749068082.4873414,2025/06/05 05:14:42,1584.229694366455,26.4m,55.11572980880737,42.97605538368225,6.238723039627075,,,,
94,94,0.7330891258239746,0.7844,mean: 0.7330891258239746,mean: 0.7844,1749068103.7823431,2025/06/05 05:15:03,1605.524696111679,26.8m,55.90429997444153,43.482521057128906,6.305324554443359,5.177386877441406,0.2424,mean: 5.177386877441406,mean: 0.2424
95,95,0.8231523929595947,0.756,mean: 0.8231523929595947,mean: 0.756,1749068116.2966535,2025/06/05 05:15:16,1618.039006471634,27.0m,56.33687949180603,43.91519904136658,6.366396427154541,,,,
96,96,0.7008085582733155,0.795,mean: 0.7008085582733155,mean: 0.795,1749068137.7150276,2025/06/05 05:15:37,1639.4573805332184,27.3m,57.0026798248291,44.31100344657898,6.429444074630737,5.144267630767822,0.2453,mean: 5.144267630767822,mean: 0.2453
97,97,0.6147815975189209,0.8218,mean: 0.6147815975189209,mean: 0.8218,1749068150.6023831,2025/06/05 05:15:50,1652.3447360992432,27.5m,57.42666482925415,44.73509216308594,6.502216339111328,,,,
98,98,0.4397358673095703,0.8732,mean: 0.4397358673095703,mean: 0.8732,1749068171.514294,2025/06/05 05:16:11,1673.2566468715668,27.9m,58.15996432304382,45.20667314529419,6.566735029220581,4.752180807495117,0.2653,mean: 4.752180807495117,mean: 0.2653
99,99,0.39535812821388244,0.8916,mean: 0.39535812821388244,mean: 0.8916,1749068183.8182116,2025/06/05 05:16:23,1685.5605645179749,28.1m,58.691476583480835,45.738311529159546,6.631501197814941,,,,
100,100,0.3171862208366394,0.909,mean: 0.3171862208366394,mean: 0.909,1749068204.7991755,2025/06/05 05:16:44,1706.5415284633636,28.4m,59.42039155960083,46.22247242927551,6.6939263343811035,4.808570652008057,0.2635,mean: 4.808570652008057,mean: 0.2635
101,101,0.3180707221984863,0.91,mean: 0.3180707221984863,mean: 0.91,1749068217.4284372,2025/06/05 05:16:57,1719.170790195465,28.7m,59.861244201660156,46.663426637649536,6.7573630809783936,,,,
102,102,0.5507901316642762,0.8376,mean: 0.5507901316642762,mean: 0.8376,1749068238.5008955,2025/06/05 05:17:18,1740.243248462677,29.0m,60.61105680465698,47.13209557533264,6.818416595458984,5.170578790283203,0.249,mean: 5.170578790283203,mean: 0.249
103,103,0.41915831317901614,0.8768,mean: 0.41915831317901614,mean: 0.8768,1749068251.0858457,2025/06/05 05:17:31,1752.828198671341,29.2m,61.11675214767456,47.63792085647583,6.883699178695679,,,,
104,104,0.5812311170578003,0.8314,mean: 0.5812311170578003,mean: 0.8314,1749068272.5681062,2025/06/05 05:17:52,1774.310459136963,29.6m,61.848575830459595,48.10689401626587,7.002470970153809,5.72019221572876,0.2146,mean: 5.72019221572876,mean: 0.2146
105,105,0.6271477674484253,0.8162,mean: 0.6271477674484253,mean: 0.8162,1749068285.3539627,2025/06/05 05:18:05,1787.0963156223297,29.8m,62.37769269943237,48.63616061210632,7.064568519592285,,,,
106,106,0.655936461353302,0.8072,mean: 0.655936461353302,mean: 0.8072,1749068306.3274758,2025/06/05 05:18:26,1808.069828748703,30.1m,63.15932321548462,49.147438764572144,7.12851357460022,5.152112068939209,0.2456,mean: 5.152112068939209,mean: 0.2456
107,107,0.4307504403114319,0.8766,mean: 0.4307504403114319,mean: 0.8766,1749068318.5378902,2025/06/05 05:18:38,1820.2802431583405,30.3m,63.653380155563354,49.64159822463989,7.190250873565674,,,,
108,108,0.6314573504447937,0.8222,mean: 0.6314573504447937,mean: 0.8222,1749068339.8742826,2025/06/05 05:18:59,1841.6166355609894,30.7m,64.32900333404541,50.070512771606445,7.252694845199585,5.031059218215942,0.2529,mean: 5.031059218215942,mean: 0.2529
109,109,0.5277742538452148,0.8492,mean: 0.5277742538452148,mean: 0.8492,1749068352.368737,2025/06/05 05:19:12,1854.1110899448395,30.9m,64.84609818458557,50.58772873878479,7.3201210498809814,,,,
110,110,0.6943314392089843,0.8026,mean: 0.6943314392089843,mean: 0.8026,1749068373.875561,2025/06/05 05:19:33,1875.6179139614105,31.3m,65.59142351150513,51.0698881149292,7.383253335952759,5.572120212554932,0.2396,mean: 5.572120212554932,mean: 0.2396
111,111,0.6301744579315186,0.821,mean: 0.6301744579315186,mean: 0.821,1749068386.40935,2025/06/05 05:19:46,1888.1517028808594,31.5m,66.03446364402771,51.513031005859375,7.445144414901733,,,,
112,112,0.6028421463012695,0.827,mean: 0.6028421463012695,mean: 0.827,1749068407.4548109,2025/06/05 05:20:07,1909.1971638202667,31.8m,66.81509685516357,52.02515912055969,7.5626914501190186,5.289967092895508,0.2252,mean: 5.289967092895508,mean: 0.2252
113,113,0.6981986589431762,0.8054,mean: 0.6981986589431762,mean: 0.8054,1749068419.8298512,2025/06/05 05:20:19,1921.5722041130066,32.0m,67.28498363494873,52.495147466659546,7.627753019332886,,,,
114,114,0.5305791851043701,0.8534,mean: 0.5305791851043701,mean: 0.8534,1749068441.466026,2025/06/05 05:20:41,1943.2083790302277,32.4m,68.09509110450745,52.99560880661011,7.692429780960083,6.679164967346192,0.1746,mean: 6.679164967346192,mean: 0.1746
115,115,0.7116678293228149,0.7944,mean: 0.7116678293228149,mean: 0.7944,1749068453.745047,2025/06/05 05:20:53,1955.4874000549316,32.6m,68.5669162273407,53.467533588409424,7.753477096557617,,,,
116,116,0.8397132373809815,0.7604,mean: 0.8397132373809815,mean: 0.7604,1749068475.2272987,2025/06/05 05:21:15,1976.9696516990662,32.9m,69.32806658744812,53.96022963523865,7.8881494998931885,7.419233415222168,0.1549,mean: 7.419233415222168,mean: 0.1549
117,117,0.8037353061676026,0.7658,mean: 0.8037353061676026,mean: 0.7658,1749068487.926285,2025/06/05 05:21:27,1989.6686379909515,33.2m,69.79951786994934,54.43178582191467,7.952711820602417,,,,
118,118,0.4836597049713135,0.8682,mean: 0.4836597049713135,mean: 0.8682,1749068508.7601805,2025/06/05 05:21:48,2010.5025334358215,33.5m,70.56741428375244,54.93712115287781,8.01588249206543,4.550600651550293,0.2648,mean: 4.550600651550293,mean: 0.2648
119,119,0.4311362558364868,0.8814,mean: 0.4311362558364868,mean: 0.8814,1749068521.154113,2025/06/05 05:22:01,2022.8964660167694,33.7m,71.01151609420776,55.381322383880615,8.080316066741943,,,,
120,120,0.5309671932220459,0.8448,mean: 0.5309671932220459,mean: 0.8448,1749068542.635508,2025/06/05 05:22:22,2044.3778610229492,34.1m,71.78841090202332,55.89274859428406,8.142390251159668,5.802421089935303,0.2064,mean: 5.802421089935303,mean: 0.2064
121,121,0.6197598323822021,0.8168,mean: 0.6197598323822021,mean: 0.8168,1749068555.7933624,2025/06/05 05:22:35,2057.535715341568,34.3m,72.2570972442627,56.36153435707092,8.205422639846802,,,,
122,122,0.7509479545593262,0.7928,mean: 0.7509479545593262,mean: 0.7928,1749068577.2323625,2025/06/05 05:22:57,2078.9747154712677,34.6m,72.98984837532043,56.83436846733093,8.268790483474731,5.879709371185303,0.1902,mean: 5.879709371185303,mean: 0.1902
123,123,0.8182391714096069,0.764,mean: 0.8182391714096069,mean: 0.764,1749068589.5230107,2025/06/05 05:23:09,2091.2653636932373,34.9m,73.43998265266418,57.284605503082275,8.335367679595947,,,,
124,124,0.603711510848999,0.8246,mean: 0.603711510848999,mean: 0.8246,1749068611.2767491,2025/06/05 05:23:31,2113.0191020965576,35.2m,74.25420498847961,57.835256814956665,8.39739727973938,6.236556452941895,0.214,mean: 6.236556452941895,mean: 0.214
125,125,0.6811733228683472,0.8018,mean: 0.6811733228683472,mean: 0.8018,1749068622.4753926,2025/06/05 05:23:42,2124.2177455425262,35.4m,74.69185304641724,58.27300786972046,8.459291934967041,,,,
126,126,0.6564891212463378,0.8154,mean: 0.6564891212463378,mean: 0.8154,1749068643.9951005,2025/06/05 05:24:03,2145.7374534606934,35.8m,75.41327428817749,58.73753309249878,8.522495031356812,4.950468952941894,0.2583,mean: 4.950468952941894,mean: 0.2583
127,127,0.48126132373809816,0.8618,mean: 0.48126132373809816,mean: 0.8618,1749068656.4534588,2025/06/05 05:24:16,2158.1958117485046,36.0m,75.90003991127014,59.22442173957825,8.58510684967041,,,,
128,128,0.46918755655288696,0.8716,mean: 0.46918755655288696,mean: 0.8716,1749068677.7267256,2025/06/05 05:24:37,2179.469078540802,36.3m,76.67312502861023,59.73008871078491,8.649323463439941,4.841227585601807,0.2636,mean: 4.841227585601807,mean: 0.2636
129,129,0.36669840755462646,0.9002,mean: 0.36669840755462646,mean: 0.9002,1749068690.281844,2025/06/05 05:24:50,2192.0241968631744,36.5m,77.11262798309326,60.16968894004822,8.709670066833496,,,,
130,130,0.4531599395751953,0.8738,mean: 0.4531599395751953,mean: 0.8738,1749068711.339104,2025/06/05 05:25:11,2213.081456899643,36.9m,77.88203859329224,60.66785287857056,8.774438619613647,5.097980498504639,0.2573,mean: 5.097980498504639,mean: 0.2573
131,131,0.5182986270904542,0.8508,mean: 0.5182986270904542,mean: 0.8508,1749068723.6225703,2025/06/05 05:25:23,2225.3649232387543,37.1m,78.34269857406616,61.12862777709961,8.836228609085083,,,,
132,132,0.5606881689071656,0.838,mean: 0.5606881689071656,mean: 0.838,1749068744.6145718,2025/06/05 05:25:44,2246.3569247722626,37.4m,79.07516622543335,61.596598625183105,8.90451192855835,5.2078824073791505,0.2551,mean: 5.2078824073791505,mean: 0.2551
133,133,0.44387752742767334,0.8758,mean: 0.44387752742767334,mean: 0.8758,1749068757.2175295,2025/06/05 05:25:57,2258.9598824977875,37.6m,79.55076384544373,62.07229804992676,8.967904567718506,,,,
134,134,0.5233562656402588,0.8552,mean: 0.5233562656402588,mean: 0.8552,1749068778.2736905,2025/06/05 05:26:18,2280.0160434246063,38.0m,80.29540038108826,62.5339560508728,9.045234441757202,6.2113983444213865,0.2153,mean: 6.2113983444213865,mean: 0.2153
135,135,0.5858586284637451,0.8296,mean: 0.5858586284637451,mean: 0.8296,1749068791.0683656,2025/06/05 05:26:31,2292.810718536377,38.2m,80.78293704986572,63.02159357070923,9.107131481170654,,,,
136,136,0.46623894844055175,0.8678,mean: 0.46623894844055175,mean: 0.8678,1749068812.9182959,2025/06/05 05:26:52,2314.6606488227844,38.6m,81.50113582611084,63.468829870224,9.17218828201294,5.31101749534607,0.2483,mean: 5.31101749534607,mean: 0.2483
137,137,0.4300032943725586,0.8794,mean: 0.4300032943725586,mean: 0.8794,1749068825.2473247,2025/06/05 05:27:05,2326.989677667618,38.8m,81.91244697570801,63.8802433013916,9.236934661865234,,,,
138,138,0.3819619432449341,0.8888,mean: 0.3819619432449341,mean: 0.8888,1749068846.7374823,2025/06/05 05:27:26,2348.4798352718353,39.1m,82.68448567390442,64.37473058700562,9.322844743728638,5.302745828247071,0.2508,mean: 5.302745828247071,mean: 0.2508
139,139,0.4954529877662659,0.86,mean: 0.4954529877662659,mean: 0.86,1749068859.5370977,2025/06/05 05:27:39,2361.2794506549835,39.4m,83.18050622940063,64.87085318565369,9.38468599319458,,,,
140,140,0.38488336639404297,0.8872,mean: 0.38488336639404297,mean: 0.8872,1749068880.656049,2025/06/05 05:28:00,2382.3984019756317,39.7m,83.952157497406,65.38465023040771,9.451845407485962,5.865159312438965,0.2238,mean: 5.865159312438965,mean: 0.2238
141,141,0.5516104228973389,0.844,mean: 0.5516104228973389,mean: 0.844,1749068892.8357105,2025/06/05 05:28:12,2394.5780634880066,39.9m,84.35396671295166,65.78655457496643,9.511627197265625,,,,
142,142,0.5160416690826416,0.8544,mean: 0.5160416690826416,mean: 0.8544,1749068914.3168876,2025/06/05 05:28:34,2416.059240579605,40.3m,85.12401604652405,66.29885625839233,9.575354814529419,5.649340737915039,0.2329,mean: 5.649340737915039,mean: 0.2329
143,143,0.54892034740448,0.842,mean: 0.54892034740448,mean: 0.842,1749068926.88154,2025/06/05 05:28:46,2428.6238930225372,40.5m,85.62612962722778,66.8010790348053,9.637546062469482,,,,
144,144,0.6099839422225952,0.822,mean: 0.6099839422225952,mean: 0.822,1749068948.0493054,2025/06/05 05:29:08,2449.7916584014893,40.8m,86.35244417190552,67.27533650398254,9.703971862792969,5.5623602882385255,0.2399,mean: 5.5623602882385255,mean: 0.2399
145,145,0.5851139021396637,0.8316,mean: 0.5851139021396637,mean: 0.8316,1749068960.7122114,2025/06/05 05:29:20,2462.454564332962,41.0m,86.8109917640686,67.73398733139038,9.76352596282959,,,,
146,146,0.276881418800354,0.9266,mean: 0.276881418800354,mean: 0.9266,1749068981.4939017,2025/06/05 05:29:41,2483.2362546920776,41.4m,87.57003974914551,68.24750018119812,9.829000234603882,4.896699878311157,0.279,mean: 4.896699878311157,mean: 0.279
147,147,0.376878621673584,0.8996,mean: 0.376878621673584,mean: 0.8996,1749068994.1232202,2025/06/05 05:29:54,2495.865573167801,41.6m,88.0763053894043,68.75392127037048,9.889535188674927,,,,
148,148,0.752901026916504,0.7864,mean: 0.752901026916504,mean: 0.7864,1749069015.0011497,2025/06/05 05:30:15,2516.7435026168823,41.9m,88.76329302787781,69.16917681694031,9.954848289489746,6.164900125885009,0.1901,mean: 6.164900125885009,mean: 0.1901
149,149,0.7536013523101807,0.7842,mean: 0.7536013523101807,mean: 0.7842,1749069027.3403447,2025/06/05 05:30:27,2529.0826976299286,42.2m,89.1428542137146,69.54886054992676,10.014301300048828,,,,
150,150,0.656287735748291,0.817,mean: 0.656287735748291,mean: 0.817,1749069048.919936,2025/06/05 05:30:48,2550.66228890419,42.5m,89.91648316383362,70.05005145072937,10.076240301132202,5.022998805999756,0.24,mean: 5.022998805999756,mean: 0.24
151,151,0.5778258604049683,0.8334,mean: 0.5778258604049683,mean: 0.8334,1749069061.4165165,2025/06/05 05:31:01,2563.1588695049286,42.7m,90.39910435676575,70.53277444839478,10.13580060005188,,,,
152,152,0.41666595802307127,0.8788,mean: 0.41666595802307127,mean: 0.8788,1749069082.5987465,2025/06/05 05:31:22,2584.341099500656,43.1m,91.15364456176758,71.01651692390442,10.196888208389282,5.675795181274414,0.2097,mean: 5.675795181274414,mean: 0.2097
153,153,0.4258627838134766,0.8806,mean: 0.4258627838134766,mean: 0.8806,1749069094.9894927,2025/06/05 05:31:34,2596.7318456172943,43.3m,91.64225339889526,71.50523161888123,10.257926940917969,,,,
154,154,0.368950802230835,0.8964,mean: 0.368950802230835,mean: 0.8964,1749069116.1434824,2025/06/05 05:31:56,2617.8858354091644,43.6m,92.32950782775879,71.94054222106934,10.318444013595581,5.48883530960083,0.232,mean: 5.48883530960083,mean: 0.232
155,155,0.5568545022964477,0.8428,mean: 0.5568545022964477,mean: 0.8428,1749069128.772015,2025/06/05 05:32:08,2630.514368057251,43.8m,92.85414958000183,72.46528887748718,10.37940788269043,,,,
156,156,0.5041649215698242,0.8532,mean: 0.5041649215698242,mean: 0.8532,1749069149.7360587,2025/06/05 05:32:29,2651.4784116744995,44.2m,93.57675862312317,72.94038128852844,10.44311261177063,5.515295046234131,0.2299,mean: 5.515295046234131,mean: 0.2299
157,157,0.49916230983734133,0.8592,mean: 0.49916230983734133,mean: 0.8592,1749069162.3470955,2025/06/05 05:32:42,2664.089448451996,44.4m,94.09044551849365,73.45416569709778,10.559688806533813,,,,
158,158,0.3477902793884277,0.9076,mean: 0.3477902793884277,mean: 0.9076,1749069183.0000794,2025/06/05 05:33:03,2684.7424323558807,44.7m,94.85204458236694,73.9448504447937,10.621838808059692,6.223338906860351,0.204,mean: 6.223338906860351,mean: 0.204
159,159,0.8246139802932739,0.774,mean: 0.8246139802932739,mean: 0.774,1749069195.3852563,2025/06/05 05:33:15,2697.1276092529297,45.0m,95.3292007446289,74.42210578918457,10.682362079620361,,,,
160,160,0.6597536449432373,0.8108,mean: 0.6597536449432373,mean: 0.8108,1749069216.868557,2025/06/05 05:33:36,2718.6109099388123,45.3m,96.03182005882263,74.85931253433228,10.743239641189575,5.365413749694825,0.2302,mean: 5.365413749694825,mean: 0.2302
161,161,0.7449082683563233,0.7884,mean: 0.7449082683563233,mean: 0.7884,1749069229.5064862,2025/06/05 05:33:49,2731.2488391399384,45.5m,96.42223620414734,75.24983143806458,10.802909851074219,,,,
162,162,0.6572049285888671,0.807,mean: 0.6572049285888671,mean: 0.807,1749069250.4823394,2025/06/05 05:34:10,2752.2246923446655,45.9m,97.19053316116333,75.75779700279236,10.867085218429565,4.539258794403076,0.2524,mean: 4.539258794403076,mean: 0.2524
163,163,0.5599225002288818,0.8418,mean: 0.5599225002288818,mean: 0.8418,1749069263.1654854,2025/06/05 05:34:23,2764.907838344574,46.1m,97.70087313652039,76.26826310157776,10.930917739868164,,,,
164,164,0.33160041942596435,0.911,mean: 0.33160041942596435,mean: 0.911,1749069284.2415905,2025/06/05 05:34:44,2785.983943462372,46.4m,98.4236536026001,76.73513197898865,10.991148233413696,4.652664548492432,0.2821,mean: 4.652664548492432,mean: 0.2821
165,165,0.4374053873538971,0.877,mean: 0.4374053873538971,mean: 0.877,1749069296.6588564,2025/06/05 05:34:56,2798.4012093544006,46.6m,98.86763453483582,77.17920994758606,11.052661418914795,,,,
166,166,0.26361355600357056,0.9294,mean: 0.26361355600357056,mean: 0.9294,1749069317.8097203,2025/06/05 05:35:17,2819.55207324028,47.0m,99.63726997375488,77.6758987903595,11.114930152893066,4.583587517547607,0.2841,mean: 4.583587517547607,mean: 0.2841
167,167,0.3396489931106567,0.903,mean: 0.3396489931106567,mean: 0.903,1749069330.54682,2025/06/05 05:35:30,2832.289172887802,47.2m,100.0894124507904,78.12814402580261,11.178041934967041,,,,
168,168,0.5432810459136963,0.8416,mean: 0.5432810459136963,mean: 0.8416,1749069351.7486613,2025/06/05 05:35:51,2853.4910142421722,47.6m,100.85429406166077,78.65376138687134,11.24094820022583,5.998669142150879,0.212,mean: 5.998669142150879,mean: 0.212
169,169,0.6915998790740967,0.804,mean: 0.6915998790740967,mean: 0.804,1749069364.2442627,2025/06/05 05:36:04,2865.9866156578064,47.8m,101.32193493843079,79.12159132957458,11.304349660873413,,,,
170,170,0.7453629070281983,0.7806,mean: 0.7453629070281983,mean: 0.7806,1749069385.124851,2025/06/05 05:36:25,2886.867203950882,48.1m,101.95191836357117,79.49922394752502,11.36594843864441,4.784609122467041,0.2732,mean: 4.784609122467041,mean: 0.2732
171,171,0.451487797164917,0.8712,mean: 0.451487797164917,mean: 0.8712,1749069398.1671288,2025/06/05 05:36:38,2899.9094817638397,48.3m,102.4163134098053,79.96377110481262,11.42906904220581,,,,
172,172,0.4279689380645752,0.8748,mean: 0.4279689380645752,mean: 0.8748,1749069419.192564,2025/06/05 05:36:59,2920.934916973114,48.7m,103.17954444885254,80.47548222541809,11.491544485092163,4.97887516708374,0.2609,mean: 4.97887516708374,mean: 0.2609
173,173,0.3515084707260132,0.9036,mean: 0.3515084707260132,mean: 0.9036,1749069431.6627514,2025/06/05 05:37:11,2933.4051043987274,48.9m,103.68352317810059,80.97955870628357,11.553225994110107,,,,
174,174,0.4942151472091675,0.86,mean: 0.4942151472091675,mean: 0.86,1749069452.4933145,2025/06/05 05:37:32,2954.2356674671173,49.2m,104.36278510093689,81.40814352035522,11.619817733764648,5.708519548797607,0.2487,mean: 5.708519548797607,mean: 0.2487
175,175,0.5321122152328491,0.8538,mean: 0.5321122152328491,mean: 0.8538,1749069464.926968,2025/06/05 05:37:44,2966.6693210601807,49.4m,104.84568309783936,81.89114093780518,11.679923057556152,,,,
176,176,0.547479186630249,0.85,mean: 0.547479186630249,mean: 0.85,1749069486.0424924,2025/06/05 05:38:06,2987.784845352173,49.8m,105.61524176597595,82.41512179374695,11.75150728225708,5.258396466064453,0.2443,mean: 5.258396466064453,mean: 0.2443
177,177,0.5843571704864502,0.8348,mean: 0.5843571704864502,mean: 0.8348,1749069498.9904642,2025/06/05 05:38:18,3000.732817173004,50.0m,106.0900228023529,82.89002442359924,11.81514310836792,,,,
178,178,0.40172686624526976,0.8858,mean: 0.40172686624526976,mean: 0.8858,1749069519.9920776,2025/06/05 05:38:39,3021.734430551529,50.4m,106.85587620735168,83.39180183410645,11.876916646957397,4.347245547866821,0.2807,mean: 4.347245547866821,mean: 0.2807
179,179,0.3325552782058716,0.909,mean: 0.3325552782058716,mean: 0.909,1749069532.5551414,2025/06/05 05:38:52,3034.2974944114685,50.6m,107.38781380653381,83.92384076118469,11.941663980484009,,,,
180,180,0.6248978509902954,0.8232,mean: 0.6248978509902954,mean: 0.8232,1749069552.4101985,2025/06/05 05:39:12,3054.1525514125824,50.9m,108.12076878547668,84.43140745162964,12.00537657737732,6.639399559783936,0.1921,mean: 6.639399559783936,mean: 0.1921
181,181,0.6552078872680664,0.8128,mean: 0.6552078872680664,mean: 0.8128,1749069564.7695756,2025/06/05 05:39:24,3066.5119285583496,51.1m,108.63377666473389,84.9445161819458,12.064116954803467,,,,
182,182,0.38184855422973635,0.8952,mean: 0.38184855422973635,mean: 0.8952,1749069584.9190388,2025/06/05 05:39:44,3086.661391735077,51.4m,109.26151895523071,85.34248399734497,12.129758358001709,5.946784200286865,0.1998,mean: 5.946784200286865,mean: 0.1998
183,183,0.7232405555725098,0.7918,mean: 0.7232405555725098,mean: 0.7918,1749069597.4763622,2025/06/05 05:39:57,3099.2187151908875,51.7m,109.71856474876404,85.799631357193,12.22005820274353,,,,
184,184,0.44740249037742613,0.8678,mean: 0.44740249037742613,mean: 0.8678,1749069618.6603413,2025/06/05 05:40:18,3120.4026942253113,52.0m,110.49302697181702,86.28501152992249,12.285685539245605,4.2251146781921385,0.2911,mean: 4.2251146781921385,mean: 0.2911
185,185,0.262647527217865,0.9276,mean: 0.262647527217865,mean: 0.9276,1749069631.1510873,2025/06/05 05:40:31,3132.893440246582,52.2m,110.95901155471802,86.75111651420593,12.394211769104004,,,,
186,186,0.3468260009765625,0.9024,mean: 0.3468260009765625,mean: 0.9024,1749069651.9550958,2025/06/05 05:40:51,3153.6974487304688,52.6m,111.69544959068298,87.24265623092651,12.456774950027466,7.025502168273926,0.1693,mean: 7.025502168273926,mean: 0.1693
187,187,0.6469065582275391,0.8174,mean: 0.6469065582275391,mean: 0.8174,1749069664.2391543,2025/06/05 05:41:04,3165.9815073013306,52.8m,112.18688344955444,87.73419165611267,12.52061939239502,,,,
188,188,0.372487903213501,0.891,mean: 0.372487903213501,mean: 0.891,1749069685.3220787,2025/06/05 05:41:25,3187.064431667328,53.1m,112.90114235877991,88.19016861915588,12.584813594818115,6.543423745727539,0.1925,mean: 6.543423745727539,mean: 0.1925
189,189,0.704739029121399,0.8034,mean: 0.704739029121399,mean: 0.8034,1749069697.6074767,2025/06/05 05:41:37,3199.349829673767,53.3m,113.29969811439514,88.58882403373718,12.64681077003479,,,,
190,190,0.6382499031066895,0.822,mean: 0.6382499031066895,mean: 0.822,1749069718.1474378,2025/06/05 05:41:58,3219.8897907733917,53.7m,114.0362765789032,89.04102277755737,12.771911144256592,6.123249317932129,0.1938,mean: 6.123249317932129,mean: 0.1938
191,191,0.6855245494842529,0.7958,mean: 0.6855245494842529,mean: 0.7958,1749069730.7939172,2025/06/05 05:42:10,3232.5362701416016,53.9m,114.4418318271637,89.44670486450195,12.834813833236694,,,,
192,192,0.5108840507507324,0.8526,mean: 0.5108840507507324,mean: 0.8526,1749069752.1654284,2025/06/05 05:42:32,3253.9077813625336,54.2m,115.16810059547424,89.89408016204834,12.89627456665039,5.163061992645264,0.2458,mean: 5.163061992645264,mean: 0.2458
193,193,0.520608575630188,0.8556,mean: 0.520608575630188,mean: 0.8556,1749069764.2018135,2025/06/05 05:42:44,3265.9441664218903,54.4m,115.64027810096741,90.36635875701904,12.96159839630127,,,,
194,194,0.5788113586425782,0.835,mean: 0.5788113586425782,mean: 0.835,1749069785.0869775,2025/06/05 05:43:05,3286.829330444336,54.8m,116.42775058746338,90.88418221473694,13.02373218536377,4.763424732971192,0.2425,mean: 4.763424732971192,mean: 0.2425
195,195,0.46552282333374023,0.873,mean: 0.46552282333374023,mean: 0.873,1749069797.5257165,2025/06/05 05:43:17,3299.2680695056915,55.0m,116.82085680961609,91.27739262580872,13.089463472366333,,,,
196,196,0.6348509685516357,0.8194,mean: 0.6348509685516357,mean: 0.8194,1749069818.5040255,2025/06/05 05:43:38,3320.2463784217834,55.3m,117.56851506233215,91.75142478942871,13.154457569122314,5.138457774353028,0.2486,mean: 5.138457774353028,mean: 0.2486
197,197,0.5130681701660156,0.8544,mean: 0.5130681701660156,mean: 0.8544,1749069830.8594553,2025/06/05 05:43:50,3332.601808309555,55.5m,118.0879077911377,92.27092671394348,13.249147653579712,,,,
198,198,0.41570538272857666,0.8854,mean: 0.41570538272857666,mean: 0.8854,1749069851.6599836,2025/06/05 05:44:11,3353.4023365974426,55.9m,118.80308103561401,92.71562242507935,13.311695098876953,4.87903857345581,0.2676,mean: 4.87903857345581,mean: 0.2676
199,199,0.48638917474746707,0.857,mean: 0.48638917474746707,mean: 0.857,1749069864.2663343,2025/06/05 05:44:24,3366.0086872577667,56.1m,119.28352117538452,93.19616055488586,13.390944004058838,,,,
200,200,0.4118269552230835,0.8804,mean: 0.4118269552230835,mean: 0.8804,1749069885.4333265,2025/06/05 05:44:45,3387.1756794452667,56.5m,120.02368593215942,93.66083359718323,13.45361065864563,4.661617826843262,0.2831,mean: 4.661617826843262,mean: 0.2831
