run_id,model_arc,train_dataset,val_dataset,num_classes,train_trans,val_trans,train_ndata,val_ndata,epochs,max_lr,batch_size,iters/epoch,iters,target_steps,ndata_per_class,fils,ensembles,base_fils,criterion,optimizer,scheduler,epoch,train_loss,train_acc,train_path_loss,train_path_acc,timestamp,timestamp_fmt,duration,duration_fmt,dur_total_core,dur_train_core,dur_dl_train,val_loss,val_acc
0,ee_tools.models.resnet_git_ee resnet18,cifar100_train,cifar100_val,100,"[ToImage(), RandomCrop(size=(32, 32), padding=[4, 4, 4, 4], pad_if_needed=False, fill=0, padding_mode=constant), RandomHorizontalFlip(p=0.5), RandomRotation(degrees=[-15.0, 15.0], interpolation=InterpolationMode.NEAREST, expand=False, fill=0), ToDtype(scale=True), Normalize(mean=[0.5070751905441284, 0.48654890060424805, 0.44091784954071045], std=[0.2673342823982239, 0.2564384639263153, 0.2761504650115967])]","[ToImage(), ToDtype(scale=True), Normalize(mean=[0.5070751905441284, 0.48654890060424805, 0.44091784954071045], std=[0.2673342823982239, 0.2564384639263153, 0.2761504650115967])]",10000,10000,200,3.0,128,79,15800,2000000,100.0,32,1,32,CrossEntropyLoss,SGD,CosineAnnealingLR,200,4.661695099639893,0.0093,mean: 4.661695099639893,mean: 0.0093,1748883294.462141,2025/06/03 01:54:54,1535.193238735199,25.6m,142.15479493141174,126.9226713180542,12.587335348129272,4.659060270690918,0.01
1,ee_tools.models.resnet_git_ee resnet18,cifar100_train,cifar100_val,100,"[ToImage(), RandomCrop(size=(32, 32), padding=[4, 4, 4, 4], pad_if_needed=False, fill=0, padding_mode=constant), RandomHorizontalFlip(p=0.5), RandomRotation(degrees=[-15.0, 15.0], interpolation=InterpolationMode.NEAREST, expand=False, fill=0), ToDtype(scale=True), Normalize(mean=[0.5070751905441284, 0.48654890060424805, 0.44091784954071045], std=[0.2673342823982239, 0.2564384639263153, 0.2761504650115967])]","[ToImage(), ToDtype(scale=True), Normalize(mean=[0.5070751905441284, 0.48654890060424805, 0.44091784954071045], std=[0.2673342823982239, 0.2564384639263153, 0.2761504650115967])]",10000,10000,200,3.0,128,79,15800,2000000,100.0,4,64,32,CrossEntropyLoss,SGD,CosineAnnealingLR,200,4.5167898811340335,0.0189,mean: 4.791602178597443,mean: 0.00964687500000001,1748883294.462141,2025/06/03 01:54:54,1535.193238735199,25.6m,1357.8188598155975,1167.9932806491852,12.587335348129272,4.542054452514648,0.0101
2,ee_tools.models.resnet_git_ee resnet18,cifar100_train,cifar100_val,100,"[ToImage(), RandomCrop(size=(32, 32), padding=[4, 4, 4, 4], pad_if_needed=False, fill=0, padding_mode=constant), RandomHorizontalFlip(p=0.5), RandomRotation(degrees=[-15.0, 15.0], interpolation=InterpolationMode.NEAREST, expand=False, fill=0), ToDtype(scale=True), Normalize(mean=[0.5070751905441284, 0.48654890060424805, 0.44091784954071045], std=[0.2673342823982239, 0.2564384639263153, 0.2761504650115967])]","[ToImage(), ToDtype(scale=True), Normalize(mean=[0.5070751905441284, 0.48654890060424805, 0.44091784954071045], std=[0.2673342823982239, 0.2564384639263153, 0.2761504650115967])]",10000,10000,200,1.0,128,79,15800,2000000,100.0,32,1,32,CrossEntropyLoss,SGD,CosineAnnealingLR,200,3.2212082000732423,0.2109,mean: 3.2212082000732423,mean: 0.2109,1748884827.7283545,2025/06/03 02:20:27,1533.080316543579,25.6m,142.41178441047668,127.09427237510681,13.213910102844238,5.146967009735107,0.0671
3,ee_tools.models.resnet_git_ee resnet18,cifar100_train,cifar100_val,100,"[ToImage(), RandomCrop(size=(32, 32), padding=[4, 4, 4, 4], pad_if_needed=False, fill=0, padding_mode=constant), RandomHorizontalFlip(p=0.5), RandomRotation(degrees=[-15.0, 15.0], interpolation=InterpolationMode.NEAREST, expand=False, fill=0), ToDtype(scale=True), Normalize(mean=[0.5070751905441284, 0.48654890060424805, 0.44091784954071045], std=[0.2673342823982239, 0.2564384639263153, 0.2761504650115967])]","[ToImage(), ToDtype(scale=True), Normalize(mean=[0.5070751905441284, 0.48654890060424805, 0.44091784954071045], std=[0.2673342823982239, 0.2564384639263153, 0.2761504650115967])]",10000,10000,200,1.0,128,79,15800,2000000,100.0,4,64,32,CrossEntropyLoss,SGD,CosineAnnealingLR,200,4.0507098636627195,0.0938,mean: 6.407608173179623,mean: 0.009515624999999998,1748884827.7283545,2025/06/03 02:20:27,1533.080316543579,25.6m,1353.6087589263916,1163.738159418106,13.213910102844238,4.174991335296631,0.0601
4,ee_tools.models.resnet_git_ee resnet18,cifar100_train,cifar100_val,100,"[ToImage(), RandomCrop(size=(32, 32), padding=[4, 4, 4, 4], pad_if_needed=False, fill=0, padding_mode=constant), RandomHorizontalFlip(p=0.5), RandomRotation(degrees=[-15.0, 15.0], interpolation=InterpolationMode.NEAREST, expand=False, fill=0), ToDtype(scale=True), Normalize(mean=[0.5070751905441284, 0.48654890060424805, 0.44091784954071045], std=[0.2673342823982239, 0.2564384639263153, 0.2761504650115967])]","[ToImage(), ToDtype(scale=True), Normalize(mean=[0.5070751905441284, 0.48654890060424805, 0.44091784954071045], std=[0.2673342823982239, 0.2564384639263153, 0.2761504650115967])]",10000,10000,200,0.3,128,79,15800,2000000,100.0,32,1,32,CrossEntropyLoss,SGD,CosineAnnealingLR,200,1.4069840995788574,0.5998,mean: 1.4069840995788574,mean: 0.5998,1748886366.0240932,2025/06/03 02:46:06,1538.0992147922516,25.6m,142.83979082107544,127.38401699066162,13.16803503036499,4.607351708221436,0.2504
5,ee_tools.models.resnet_git_ee resnet18,cifar100_train,cifar100_val,100,"[ToImage(), RandomCrop(size=(32, 32), padding=[4, 4, 4, 4], pad_if_needed=False, fill=0, padding_mode=constant), RandomHorizontalFlip(p=0.5), RandomRotation(degrees=[-15.0, 15.0], interpolation=InterpolationMode.NEAREST, expand=False, fill=0), ToDtype(scale=True), Normalize(mean=[0.5070751905441284, 0.48654890060424805, 0.44091784954071045], std=[0.2673342823982239, 0.2564384639263153, 0.2761504650115967])]","[ToImage(), ToDtype(scale=True), Normalize(mean=[0.5070751905441284, 0.48654890060424805, 0.44091784954071045], std=[0.2673342823982239, 0.2564384639263153, 0.2761504650115967])]",10000,10000,200,0.3,128,79,15800,2000000,100.0,4,64,32,CrossEntropyLoss,SGD,CosineAnnealingLR,200,3.407960947799683,0.225,mean: 8.826497218811511,mean: 0.012982812500000001,1748886366.0240932,2025/06/03 02:46:06,1538.0992147922516,25.6m,1357.353038072586,1167.0752623081207,13.16803503036499,4.237220446014405,0.0676
6,ee_tools.models.resnet_git_ee resnet18,cifar100_train,cifar100_val,100,"[ToImage(), RandomCrop(size=(32, 32), padding=[4, 4, 4, 4], pad_if_needed=False, fill=0, padding_mode=constant), RandomHorizontalFlip(p=0.5), RandomRotation(degrees=[-15.0, 15.0], interpolation=InterpolationMode.NEAREST, expand=False, fill=0), ToDtype(scale=True), Normalize(mean=[0.5070751905441284, 0.48654890060424805, 0.44091784954071045], std=[0.2673342823982239, 0.2564384639263153, 0.2761504650115967])]","[ToImage(), ToDtype(scale=True), Normalize(mean=[0.5070751905441284, 0.48654890060424805, 0.44091784954071045], std=[0.2673342823982239, 0.2564384639263153, 0.2761504650115967])]",10000,10000,200,0.1,128,79,15800,2000000,100.0,32,1,32,CrossEntropyLoss,SGD,CosineAnnealingLR,200,0.4689119408607483,0.8597,mean: 0.4689119408607483,mean: 0.8597,1748887905.0242863,2025/06/03 03:11:45,1538.7964038848877,25.6m,142.95598554611206,127.50045084953308,13.189807415008545,4.001986922454834,0.3565
7,ee_tools.models.resnet_git_ee resnet18,cifar100_train,cifar100_val,100,"[ToImage(), RandomCrop(size=(32, 32), padding=[4, 4, 4, 4], pad_if_needed=False, fill=0, padding_mode=constant), RandomHorizontalFlip(p=0.5), RandomRotation(degrees=[-15.0, 15.0], interpolation=InterpolationMode.NEAREST, expand=False, fill=0), ToDtype(scale=True), Normalize(mean=[0.5070751905441284, 0.48654890060424805, 0.44091784954071045], std=[0.2673342823982239, 0.2564384639263153, 0.2761504650115967])]","[ToImage(), ToDtype(scale=True), Normalize(mean=[0.5070751905441284, 0.48654890060424805, 0.44091784954071045], std=[0.2673342823982239, 0.2564384639263153, 0.2761504650115967])]",10000,10000,200,0.1,128,79,15800,2000000,100.0,4,64,32,CrossEntropyLoss,SGD,CosineAnnealingLR,200,2.9056549713134765,0.3371,mean: 10.296784069526193,mean: 0.0154609375,1748887905.0242863,2025/06/03 03:11:45,1538.7964038848877,25.6m,1357.192358970642,1167.164112329483,13.189807415008545,2.9977649085998537,0.2673
8,ee_tools.models.resnet_git_ee resnet18,cifar100_train,cifar100_val,100,"[ToImage(), RandomCrop(size=(32, 32), padding=[4, 4, 4, 4], pad_if_needed=False, fill=0, padding_mode=constant), RandomHorizontalFlip(p=0.5), RandomRotation(degrees=[-15.0, 15.0], interpolation=InterpolationMode.NEAREST, expand=False, fill=0), ToDtype(scale=True), Normalize(mean=[0.5070751905441284, 0.48654890060424805, 0.44091784954071045], std=[0.2673342823982239, 0.2564384639263153, 0.2761504650115967])]","[ToImage(), ToDtype(scale=True), Normalize(mean=[0.5070751905441284, 0.48654890060424805, 0.44091784954071045], std=[0.2673342823982239, 0.2564384639263153, 0.2761504650115967])]",10000,10000,200,0.03,128,79,15800,2000000,100.0,32,1,32,CrossEntropyLoss,SGD,CosineAnnealingLR,200,0.07661611782312393,0.9834,mean: 0.07661611782312393,mean: 0.9834,1748889449.982645,2025/06/03 03:37:29,1544.7481241226196,25.7m,143.58794713020325,128.05873465538025,13.274684429168701,2.9315794052124025,0.4494
9,ee_tools.models.resnet_git_ee resnet18,cifar100_train,cifar100_val,100,"[ToImage(), RandomCrop(size=(32, 32), padding=[4, 4, 4, 4], pad_if_needed=False, fill=0, padding_mode=constant), RandomHorizontalFlip(p=0.5), RandomRotation(degrees=[-15.0, 15.0], interpolation=InterpolationMode.NEAREST, expand=False, fill=0), ToDtype(scale=True), Normalize(mean=[0.5070751905441284, 0.48654890060424805, 0.44091784954071045], std=[0.2673342823982239, 0.2564384639263153, 0.2761504650115967])]","[ToImage(), ToDtype(scale=True), Normalize(mean=[0.5070751905441284, 0.48654890060424805, 0.44091784954071045], std=[0.2673342823982239, 0.2564384639263153, 0.2761504650115967])]",10000,10000,200,0.03,128,79,15800,2000000,100.0,4,64,32,CrossEntropyLoss,SGD,CosineAnnealingLR,200,3.0711900714874267,0.3145,mean: 8.336746982812882,mean: 0.018224999999999995,1748889449.982645,2025/06/03 03:37:29,1544.7481241226196,25.7m,1361.728696346283,1171.6487872600555,13.274684429168701,3.0760399322509766,0.2546
10,ee_tools.models.resnet_git_ee resnet18,cifar100_train,cifar100_val,100,"[ToImage(), RandomCrop(size=(32, 32), padding=[4, 4, 4, 4], pad_if_needed=False, fill=0, padding_mode=constant), RandomHorizontalFlip(p=0.5), RandomRotation(degrees=[-15.0, 15.0], interpolation=InterpolationMode.NEAREST, expand=False, fill=0), ToDtype(scale=True), Normalize(mean=[0.5070751905441284, 0.48654890060424805, 0.44091784954071045], std=[0.2673342823982239, 0.2564384639263153, 0.2761504650115967])]","[ToImage(), ToDtype(scale=True), Normalize(mean=[0.5070751905441284, 0.48654890060424805, 0.44091784954071045], std=[0.2673342823982239, 0.2564384639263153, 0.2761504650115967])]",10000,10000,200,0.01,128,79,15800,2000000,100.0,32,1,32,CrossEntropyLoss,SGD,CosineAnnealingLR,200,0.069573606300354,0.9858,mean: 0.069573606300354,mean: 0.9858,1748890993.893367,2025/06/03 04:03:13,1543.691323041916,25.7m,142.95948767662048,127.418212890625,13.240537881851196,3.3973403259277344,0.3982
11,ee_tools.models.resnet_git_ee resnet18,cifar100_train,cifar100_val,100,"[ToImage(), RandomCrop(size=(32, 32), padding=[4, 4, 4, 4], pad_if_needed=False, fill=0, padding_mode=constant), RandomHorizontalFlip(p=0.5), RandomRotation(degrees=[-15.0, 15.0], interpolation=InterpolationMode.NEAREST, expand=False, fill=0), ToDtype(scale=True), Normalize(mean=[0.5070751905441284, 0.48654890060424805, 0.44091784954071045], std=[0.2673342823982239, 0.2564384639263153, 0.2761504650115967])]","[ToImage(), ToDtype(scale=True), Normalize(mean=[0.5070751905441284, 0.48654890060424805, 0.44091784954071045], std=[0.2673342823982239, 0.2564384639263153, 0.2761504650115967])]",10000,10000,200,0.01,128,79,15800,2000000,100.0,4,64,32,CrossEntropyLoss,SGD,CosineAnnealingLR,200,3.920004055023193,0.1458,mean: 5.621881214916708,mean: 0.018854687499999998,1748890993.893367,2025/06/03 04:03:13,1543.691323041916,25.7m,1360.6421761512756,1169.9871845245361,13.240537881851196,3.874141929626465,0.1338
12,ee_tools.models.resnet_git_ee resnet18,cifar100_train,cifar100_val,100,"[ToImage(), RandomCrop(size=(32, 32), padding=[4, 4, 4, 4], pad_if_needed=False, fill=0, padding_mode=constant), RandomHorizontalFlip(p=0.5), RandomRotation(degrees=[-15.0, 15.0], interpolation=InterpolationMode.NEAREST, expand=False, fill=0), ToDtype(scale=True), Normalize(mean=[0.5070751905441284, 0.48654890060424805, 0.44091784954071045], std=[0.2673342823982239, 0.2564384639263153, 0.2761504650115967])]","[ToImage(), ToDtype(scale=True), Normalize(mean=[0.5070751905441284, 0.48654890060424805, 0.44091784954071045], std=[0.2673342823982239, 0.2564384639263153, 0.2761504650115967])]",10000,10000,200,0.003,128,79,15800,2000000,100.0,32,1,32,CrossEntropyLoss,SGD,CosineAnnealingLR,200,0.11079159088134766,0.9792,mean: 0.11079159088134766,mean: 0.9792,1748892544.0666783,2025/06/03 04:29:04,1549.9465172290802,25.8m,143.84222793579102,128.29079365730286,13.19818639755249,3.9829880043029786,0.3511
13,ee_tools.models.resnet_git_ee resnet18,cifar100_train,cifar100_val,100,"[ToImage(), RandomCrop(size=(32, 32), padding=[4, 4, 4, 4], pad_if_needed=False, fill=0, padding_mode=constant), RandomHorizontalFlip(p=0.5), RandomRotation(degrees=[-15.0, 15.0], interpolation=InterpolationMode.NEAREST, expand=False, fill=0), ToDtype(scale=True), Normalize(mean=[0.5070751905441284, 0.48654890060424805, 0.44091784954071045], std=[0.2673342823982239, 0.2564384639263153, 0.2761504650115967])]","[ToImage(), ToDtype(scale=True), Normalize(mean=[0.5070751905441284, 0.48654890060424805, 0.44091784954071045], std=[0.2673342823982239, 0.2564384639263153, 0.2761504650115967])]",10000,10000,200,0.003,128,79,15800,2000000,100.0,4,64,32,CrossEntropyLoss,SGD,CosineAnnealingLR,200,4.357557018280029,0.063,mean: 4.769826037240029,mean: 0.0156078125,1748892544.0666783,2025/06/03 04:29:04,1549.9465172290802,25.8m,1365.2900412082672,1175.0193910598755,13.19818639755249,4.342648432922363,0.062
14,ee_tools.models.resnet_git_ee resnet18,cifar100_train,cifar100_val,100,"[ToImage(), RandomCrop(size=(32, 32), padding=[4, 4, 4, 4], pad_if_needed=False, fill=0, padding_mode=constant), RandomHorizontalFlip(p=0.5), RandomRotation(degrees=[-15.0, 15.0], interpolation=InterpolationMode.NEAREST, expand=False, fill=0), ToDtype(scale=True), Normalize(mean=[0.5070751905441284, 0.48654890060424805, 0.44091784954071045], std=[0.2673342823982239, 0.2564384639263153, 0.2761504650115967])]","[ToImage(), ToDtype(scale=True), Normalize(mean=[0.5070751905441284, 0.48654890060424805, 0.44091784954071045], std=[0.2673342823982239, 0.2564384639263153, 0.2761504650115967])]",10000,10000,200,0.001,128,79,15800,2000000,100.0,32,1,32,CrossEntropyLoss,SGD,CosineAnnealingLR,200,1.2731195100784303,0.6566,mean: 1.2731195100784303,mean: 0.6566,1748894087.1458678,2025/06/03 04:54:47,1542.849478006363,25.7m,143.15516901016235,127.73553824424744,13.325555086135864,3.0855130714416505,0.3101
15,ee_tools.models.resnet_git_ee resnet18,cifar100_train,cifar100_val,100,"[ToImage(), RandomCrop(size=(32, 32), padding=[4, 4, 4, 4], pad_if_needed=False, fill=0, padding_mode=constant), RandomHorizontalFlip(p=0.5), RandomRotation(degrees=[-15.0, 15.0], interpolation=InterpolationMode.NEAREST, expand=False, fill=0), ToDtype(scale=True), Normalize(mean=[0.5070751905441284, 0.48654890060424805, 0.44091784954071045], std=[0.2673342823982239, 0.2564384639263153, 0.2761504650115967])]","[ToImage(), ToDtype(scale=True), Normalize(mean=[0.5070751905441284, 0.48654890060424805, 0.44091784954071045], std=[0.2673342823982239, 0.2564384639263153, 0.2761504650115967])]",10000,10000,200,0.001,128,79,15800,2000000,100.0,4,64,32,CrossEntropyLoss,SGD,CosineAnnealingLR,200,4.536206453704834,0.0382,mean: 4.679951363921166,mean: 0.0126171875,1748894087.1458678,2025/06/03 04:54:47,1542.849478006363,25.7m,1357.8647856712341,1168.0911965370178,13.325555086135864,4.531229646301269,0.0388
16,ee_tools.models.resnet_git_ee resnet18,cifar100_train,cifar100_val,100,"[ToImage(), RandomCrop(size=(32, 32), padding=[4, 4, 4, 4], pad_if_needed=False, fill=0, padding_mode=constant), RandomHorizontalFlip(p=0.5), RandomRotation(degrees=[-15.0, 15.0], interpolation=InterpolationMode.NEAREST, expand=False, fill=0), ToDtype(scale=True), Normalize(mean=[0.5070751905441284, 0.48654890060424805, 0.44091784954071045], std=[0.2673342823982239, 0.2564384639263153, 0.2761504650115967])]","[ToImage(), ToDtype(scale=True), Normalize(mean=[0.5070751905441284, 0.48654890060424805, 0.44091784954071045], std=[0.2673342823982239, 0.2564384639263153, 0.2761504650115967])]",5000,10000,400,3.0,128,40,16000,2000000,50.0,32,1,32,CrossEntropyLoss,SGD,CosineAnnealingLR,400,4.676999308776855,0.008,mean: 4.676999308776855,mean: 0.008,1748895659.6846216,2025/06/03 05:20:59,1572.3013923168182,26.2m,145.4737627506256,130.1882791519165,23.817367553710938,4.662935249328613,0.01
17,ee_tools.models.resnet_git_ee resnet18,cifar100_train,cifar100_val,100,"[ToImage(), RandomCrop(size=(32, 32), padding=[4, 4, 4, 4], pad_if_needed=False, fill=0, padding_mode=constant), RandomHorizontalFlip(p=0.5), RandomRotation(degrees=[-15.0, 15.0], interpolation=InterpolationMode.NEAREST, expand=False, fill=0), ToDtype(scale=True), Normalize(mean=[0.5070751905441284, 0.48654890060424805, 0.44091784954071045], std=[0.2673342823982239, 0.2564384639263153, 0.2761504650115967])]","[ToImage(), ToDtype(scale=True), Normalize(mean=[0.5070751905441284, 0.48654890060424805, 0.44091784954071045], std=[0.2673342823982239, 0.2564384639263153, 0.2761504650115967])]",5000,10000,400,3.0,128,40,16000,2000000,50.0,4,64,32,CrossEntropyLoss,SGD,CosineAnnealingLR,400,4.577033420562744,0.013,mean: 4.6726114868760105,mean: 0.008206249999999995,1748895659.6846216,2025/06/03 05:20:59,1572.3013923168182,26.2m,1364.0473837852478,1174.103179693222,23.817367553710938,4.582009576416016,0.0186
18,ee_tools.models.resnet_git_ee resnet18,cifar100_train,cifar100_val,100,"[ToImage(), RandomCrop(size=(32, 32), padding=[4, 4, 4, 4], pad_if_needed=False, fill=0, padding_mode=constant), RandomHorizontalFlip(p=0.5), RandomRotation(degrees=[-15.0, 15.0], interpolation=InterpolationMode.NEAREST, expand=False, fill=0), ToDtype(scale=True), Normalize(mean=[0.5070751905441284, 0.48654890060424805, 0.44091784954071045], std=[0.2673342823982239, 0.2564384639263153, 0.2761504650115967])]","[ToImage(), ToDtype(scale=True), Normalize(mean=[0.5070751905441284, 0.48654890060424805, 0.44091784954071045], std=[0.2673342823982239, 0.2564384639263153, 0.2761504650115967])]",5000,10000,400,1.0,128,40,16000,2000000,50.0,32,1,32,CrossEntropyLoss,SGD,CosineAnnealingLR,400,4.140112376403809,0.0426,mean: 4.140112376403809,mean: 0.0426,1748897234.9858809,2025/06/03 05:47:14,1575.0421285629272,26.3m,145.57283806800842,130.10301113128662,23.89602756500244,5.326608742523193,0.0291
19,ee_tools.models.resnet_git_ee resnet18,cifar100_train,cifar100_val,100,"[ToImage(), RandomCrop(size=(32, 32), padding=[4, 4, 4, 4], pad_if_needed=False, fill=0, padding_mode=constant), RandomHorizontalFlip(p=0.5), RandomRotation(degrees=[-15.0, 15.0], interpolation=InterpolationMode.NEAREST, expand=False, fill=0), ToDtype(scale=True), Normalize(mean=[0.5070751905441284, 0.48654890060424805, 0.44091784954071045], std=[0.2673342823982239, 0.2564384639263153, 0.2761504650115967])]","[ToImage(), ToDtype(scale=True), Normalize(mean=[0.5070751905441284, 0.48654890060424805, 0.44091784954071045], std=[0.2673342823982239, 0.2564384639263153, 0.2761504650115967])]",5000,10000,400,1.0,128,40,16000,2000000,50.0,4,64,32,CrossEntropyLoss,SGD,CosineAnnealingLR,400,4.308166015625,0.0428,mean: 5.515879128146172,mean: 0.009390624999999991,1748897234.9858809,2025/06/03 05:47:14,1575.0421285629272,26.3m,1365.6278607845306,1175.3571963310242,23.89602756500244,4.35244532623291,0.031
20,ee_tools.models.resnet_git_ee resnet18,cifar100_train,cifar100_val,100,"[ToImage(), RandomCrop(size=(32, 32), padding=[4, 4, 4, 4], pad_if_needed=False, fill=0, padding_mode=constant), RandomHorizontalFlip(p=0.5), RandomRotation(degrees=[-15.0, 15.0], interpolation=InterpolationMode.NEAREST, expand=False, fill=0), ToDtype(scale=True), Normalize(mean=[0.5070751905441284, 0.48654890060424805, 0.44091784954071045], std=[0.2673342823982239, 0.2564384639263153, 0.2761504650115967])]","[ToImage(), ToDtype(scale=True), Normalize(mean=[0.5070751905441284, 0.48654890060424805, 0.44091784954071045], std=[0.2673342823982239, 0.2564384639263153, 0.2761504650115967])]",5000,10000,400,0.3,128,40,16000,2000000,50.0,32,1,32,CrossEntropyLoss,SGD,CosineAnnealingLR,400,1.0507462230682374,0.6914,mean: 1.0507462230682374,mean: 0.6914,1748898813.7597227,2025/06/03 06:13:33,1578.5064721107483,26.3m,146.19472551345825,130.71262335777283,23.946857929229736,6.145683103179931,0.1858
21,ee_tools.models.resnet_git_ee resnet18,cifar100_train,cifar100_val,100,"[ToImage(), RandomCrop(size=(32, 32), padding=[4, 4, 4, 4], pad_if_needed=False, fill=0, padding_mode=constant), RandomHorizontalFlip(p=0.5), RandomRotation(degrees=[-15.0, 15.0], interpolation=InterpolationMode.NEAREST, expand=False, fill=0), ToDtype(scale=True), Normalize(mean=[0.5070751905441284, 0.48654890060424805, 0.44091784954071045], std=[0.2673342823982239, 0.2564384639263153, 0.2761504650115967])]","[ToImage(), ToDtype(scale=True), Normalize(mean=[0.5070751905441284, 0.48654890060424805, 0.44091784954071045], std=[0.2673342823982239, 0.2564384639263153, 0.2761504650115967])]",5000,10000,400,0.3,128,40,16000,2000000,50.0,4,64,32,CrossEntropyLoss,SGD,CosineAnnealingLR,400,3.6015596187591554,0.189,mean: 8.006708757746217,mean: 0.012075000000000004,1748898813.7597227,2025/06/03 06:13:33,1578.5064721107483,26.3m,1367.5891599655151,1177.691138267517,23.946857929229736,3.9180053993225097,0.0998
22,ee_tools.models.resnet_git_ee resnet18,cifar100_train,cifar100_val,100,"[ToImage(), RandomCrop(size=(32, 32), padding=[4, 4, 4, 4], pad_if_needed=False, fill=0, padding_mode=constant), RandomHorizontalFlip(p=0.5), RandomRotation(degrees=[-15.0, 15.0], interpolation=InterpolationMode.NEAREST, expand=False, fill=0), ToDtype(scale=True), Normalize(mean=[0.5070751905441284, 0.48654890060424805, 0.44091784954071045], std=[0.2673342823982239, 0.2564384639263153, 0.2761504650115967])]","[ToImage(), ToDtype(scale=True), Normalize(mean=[0.5070751905441284, 0.48654890060424805, 0.44091784954071045], std=[0.2673342823982239, 0.2564384639263153, 0.2761504650115967])]",5000,10000,400,0.1,128,40,16000,2000000,50.0,32,1,32,CrossEntropyLoss,SGD,CosineAnnealingLR,400,0.5315934251785278,0.8538,mean: 0.5315934251785278,mean: 0.8538,1748900393.8183382,2025/06/03 06:39:53,1579.7834758758545,26.3m,146.20945811271667,130.67830538749695,23.978358507156372,6.587402589416504,0.2015
23,ee_tools.models.resnet_git_ee resnet18,cifar100_train,cifar100_val,100,"[ToImage(), RandomCrop(size=(32, 32), padding=[4, 4, 4, 4], pad_if_needed=False, fill=0, padding_mode=constant), RandomHorizontalFlip(p=0.5), RandomRotation(degrees=[-15.0, 15.0], interpolation=InterpolationMode.NEAREST, expand=False, fill=0), ToDtype(scale=True), Normalize(mean=[0.5070751905441284, 0.48654890060424805, 0.44091784954071045], std=[0.2673342823982239, 0.2564384639263153, 0.2761504650115967])]","[ToImage(), ToDtype(scale=True), Normalize(mean=[0.5070751905441284, 0.48654890060424805, 0.44091784954071045], std=[0.2673342823982239, 0.2564384639263153, 0.2761504650115967])]",5000,10000,400,0.1,128,40,16000,2000000,50.0,4,64,32,CrossEntropyLoss,SGD,CosineAnnealingLR,400,3.0074784255981446,0.3254,mean: 9.84161447387934,mean: 0.015178124999999994,1748900393.8183382,2025/06/03 06:39:53,1579.7834758758545,26.3m,1368.076635837555,1177.8862574100494,23.978358507156372,3.385287117385864,0.2054
24,ee_tools.models.resnet_git_ee resnet18,cifar100_train,cifar100_val,100,"[ToImage(), RandomCrop(size=(32, 32), padding=[4, 4, 4, 4], pad_if_needed=False, fill=0, padding_mode=constant), RandomHorizontalFlip(p=0.5), RandomRotation(degrees=[-15.0, 15.0], interpolation=InterpolationMode.NEAREST, expand=False, fill=0), ToDtype(scale=True), Normalize(mean=[0.5070751905441284, 0.48654890060424805, 0.44091784954071045], std=[0.2673342823982239, 0.2564384639263153, 0.2761504650115967])]","[ToImage(), ToDtype(scale=True), Normalize(mean=[0.5070751905441284, 0.48654890060424805, 0.44091784954071045], std=[0.2673342823982239, 0.2564384639263153, 0.2761504650115967])]",5000,10000,400,0.03,128,40,16000,2000000,50.0,32,1,32,CrossEntropyLoss,SGD,CosineAnnealingLR,400,0.24269808950424193,0.938,mean: 0.24269808950424193,mean: 0.938,1748901970.437293,2025/06/03 07:06:10,1576.3397738933563,26.3m,145.37855410575867,129.9228274822235,23.910361528396606,5.082433589172363,0.2494
25,ee_tools.models.resnet_git_ee resnet18,cifar100_train,cifar100_val,100,"[ToImage(), RandomCrop(size=(32, 32), padding=[4, 4, 4, 4], pad_if_needed=False, fill=0, padding_mode=constant), RandomHorizontalFlip(p=0.5), RandomRotation(degrees=[-15.0, 15.0], interpolation=InterpolationMode.NEAREST, expand=False, fill=0), ToDtype(scale=True), Normalize(mean=[0.5070751905441284, 0.48654890060424805, 0.44091784954071045], std=[0.2673342823982239, 0.2564384639263153, 0.2761504650115967])]","[ToImage(), ToDtype(scale=True), Normalize(mean=[0.5070751905441284, 0.48654890060424805, 0.44091784954071045], std=[0.2673342823982239, 0.2564384639263153, 0.2761504650115967])]",5000,10000,400,0.03,128,40,16000,2000000,50.0,4,64,32,CrossEntropyLoss,SGD,CosineAnnealingLR,400,3.0131159523010256,0.3258,mean: 8.48704687933922,mean: 0.017768750000000003,1748901970.437293,2025/06/03 07:06:10,1576.3397738933563,26.3m,1364.7837641239166,1174.867226600647,23.910361528396606,3.2791094020843508,0.2205
26,ee_tools.models.resnet_git_ee resnet18,cifar100_train,cifar100_val,100,"[ToImage(), RandomCrop(size=(32, 32), padding=[4, 4, 4, 4], pad_if_needed=False, fill=0, padding_mode=constant), RandomHorizontalFlip(p=0.5), RandomRotation(degrees=[-15.0, 15.0], interpolation=InterpolationMode.NEAREST, expand=False, fill=0), ToDtype(scale=True), Normalize(mean=[0.5070751905441284, 0.48654890060424805, 0.44091784954071045], std=[0.2673342823982239, 0.2564384639263153, 0.2761504650115967])]","[ToImage(), ToDtype(scale=True), Normalize(mean=[0.5070751905441284, 0.48654890060424805, 0.44091784954071045], std=[0.2673342823982239, 0.2564384639263153, 0.2761504650115967])]",5000,10000,400,0.01,128,40,16000,2000000,50.0,32,1,32,CrossEntropyLoss,SGD,CosineAnnealingLR,400,0.08670350589752197,0.9834,mean: 0.08670350589752197,mean: 0.9834,1748903550.648395,2025/06/03 07:32:30,1579.9234228134155,26.3m,145.79452753067017,130.27653694152832,23.950103044509888,4.653918523406983,0.2674
27,ee_tools.models.resnet_git_ee resnet18,cifar100_train,cifar100_val,100,"[ToImage(), RandomCrop(size=(32, 32), padding=[4, 4, 4, 4], pad_if_needed=False, fill=0, padding_mode=constant), RandomHorizontalFlip(p=0.5), RandomRotation(degrees=[-15.0, 15.0], interpolation=InterpolationMode.NEAREST, expand=False, fill=0), ToDtype(scale=True), Normalize(mean=[0.5070751905441284, 0.48654890060424805, 0.44091784954071045], std=[0.2673342823982239, 0.2564384639263153, 0.2761504650115967])]","[ToImage(), ToDtype(scale=True), Normalize(mean=[0.5070751905441284, 0.48654890060424805, 0.44091784954071045], std=[0.2673342823982239, 0.2564384639263153, 0.2761504650115967])]",5000,10000,400,0.01,128,40,16000,2000000,50.0,4,64,32,CrossEntropyLoss,SGD,CosineAnnealingLR,400,3.9014239288330077,0.1526,mean: 5.4562732224106805,mean: 0.019109374999999994,1748903550.648395,2025/06/03 07:32:30,1579.9234228134155,26.3m,1367.0516600608826,1177.0367696285248,23.950103044509888,3.9223326320648195,0.1316
28,ee_tools.models.resnet_git_ee resnet18,cifar100_train,cifar100_val,100,"[ToImage(), RandomCrop(size=(32, 32), padding=[4, 4, 4, 4], pad_if_needed=False, fill=0, padding_mode=constant), RandomHorizontalFlip(p=0.5), RandomRotation(degrees=[-15.0, 15.0], interpolation=InterpolationMode.NEAREST, expand=False, fill=0), ToDtype(scale=True), Normalize(mean=[0.5070751905441284, 0.48654890060424805, 0.44091784954071045], std=[0.2673342823982239, 0.2564384639263153, 0.2761504650115967])]","[ToImage(), ToDtype(scale=True), Normalize(mean=[0.5070751905441284, 0.48654890060424805, 0.44091784954071045], std=[0.2673342823982239, 0.2564384639263153, 0.2761504650115967])]",5000,10000,400,0.003,128,40,16000,2000000,50.0,32,1,32,CrossEntropyLoss,SGD,CosineAnnealingLR,400,0.1085058259010315,0.9786,mean: 0.1085058259010315,mean: 0.9786,1748905135.063319,2025/06/03 07:58:55,1584.117014169693,26.4m,146.17132544517517,130.55046272277832,24.02271032333374,5.079719323730469,0.2481
29,ee_tools.models.resnet_git_ee resnet18,cifar100_train,cifar100_val,100,"[ToImage(), RandomCrop(size=(32, 32), padding=[4, 4, 4, 4], pad_if_needed=False, fill=0, padding_mode=constant), RandomHorizontalFlip(p=0.5), RandomRotation(degrees=[-15.0, 15.0], interpolation=InterpolationMode.NEAREST, expand=False, fill=0), ToDtype(scale=True), Normalize(mean=[0.5070751905441284, 0.48654890060424805, 0.44091784954071045], std=[0.2673342823982239, 0.2564384639263153, 0.2761504650115967])]","[ToImage(), ToDtype(scale=True), Normalize(mean=[0.5070751905441284, 0.48654890060424805, 0.44091784954071045], std=[0.2673342823982239, 0.2564384639263153, 0.2761504650115967])]",5000,10000,400,0.003,128,40,16000,2000000,50.0,4,64,32,CrossEntropyLoss,SGD,CosineAnnealingLR,400,4.360921382141114,0.067,mean: 4.756782622373106,mean: 0.016200000000000003,1748905135.063319,2025/06/03 07:58:55,1584.117014169693,26.4m,1370.0334441661835,1179.0200128555298,24.02271032333374,4.337817854309082,0.0581
30,ee_tools.models.resnet_git_ee resnet18,cifar100_train,cifar100_val,100,"[ToImage(), RandomCrop(size=(32, 32), padding=[4, 4, 4, 4], pad_if_needed=False, fill=0, padding_mode=constant), RandomHorizontalFlip(p=0.5), RandomRotation(degrees=[-15.0, 15.0], interpolation=InterpolationMode.NEAREST, expand=False, fill=0), ToDtype(scale=True), Normalize(mean=[0.5070751905441284, 0.48654890060424805, 0.44091784954071045], std=[0.2673342823982239, 0.2564384639263153, 0.2761504650115967])]","[ToImage(), ToDtype(scale=True), Normalize(mean=[0.5070751905441284, 0.48654890060424805, 0.44091784954071045], std=[0.2673342823982239, 0.2564384639263153, 0.2761504650115967])]",5000,10000,400,0.001,128,40,16000,2000000,50.0,32,1,32,CrossEntropyLoss,SGD,CosineAnnealingLR,400,0.4269366060256958,0.9074,mean: 0.4269366060256958,mean: 0.9074,1748906713.076534,2025/06/03 08:25:13,1577.7100434303284,26.3m,145.4711697101593,129.98024201393127,23.901996850967407,4.503743383789063,0.2372
31,ee_tools.models.resnet_git_ee resnet18,cifar100_train,cifar100_val,100,"[ToImage(), RandomCrop(size=(32, 32), padding=[4, 4, 4, 4], pad_if_needed=False, fill=0, padding_mode=constant), RandomHorizontalFlip(p=0.5), RandomRotation(degrees=[-15.0, 15.0], interpolation=InterpolationMode.NEAREST, expand=False, fill=0), ToDtype(scale=True), Normalize(mean=[0.5070751905441284, 0.48654890060424805, 0.44091784954071045], std=[0.2673342823982239, 0.2564384639263153, 0.2761504650115967])]","[ToImage(), ToDtype(scale=True), Normalize(mean=[0.5070751905441284, 0.48654890060424805, 0.44091784954071045], std=[0.2673342823982239, 0.2564384639263153, 0.2761504650115967])]",5000,10000,400,0.001,128,40,16000,2000000,50.0,4,64,32,CrossEntropyLoss,SGD,CosineAnnealingLR,400,4.544028310394287,0.0388,mean: 4.673209772682189,mean: 0.012315624999999997,1748906713.076534,2025/06/03 08:25:13,1577.7100434303284,26.3m,1363.9200048446655,1174.1748175621033,23.901996850967407,4.541918004608155,0.0461
32,ee_tools.models.resnet_git_ee resnet18,cifar100_train,cifar100_val,100,"[ToImage(), RandomCrop(size=(32, 32), padding=[4, 4, 4, 4], pad_if_needed=False, fill=0, padding_mode=constant), RandomHorizontalFlip(p=0.5), RandomRotation(degrees=[-15.0, 15.0], interpolation=InterpolationMode.NEAREST, expand=False, fill=0), ToDtype(scale=True), Normalize(mean=[0.5070751905441284, 0.48654890060424805, 0.44091784954071045], std=[0.2673342823982239, 0.2564384639263153, 0.2761504650115967])]","[ToImage(), ToDtype(scale=True), Normalize(mean=[0.5070751905441284, 0.48654890060424805, 0.44091784954071045], std=[0.2673342823982239, 0.2564384639263153, 0.2761504650115967])]",3000,10000,666,3.0,128,24,15984,2000000,30.0,32,1,32,CrossEntropyLoss,SGD,CosineAnnealingLR,666,4.665500181833903,0.008,mean: 4.665500181833903,mean: 0.008,1748908326.1106882,2025/06/03 08:52:06,1612.722032546997,26.9m,146.58302688598633,131.28068852424622,37.95419692993164,4.6330562126159665,0.01
33,ee_tools.models.resnet_git_ee resnet18,cifar100_train,cifar100_val,100,"[ToImage(), RandomCrop(size=(32, 32), padding=[4, 4, 4, 4], pad_if_needed=False, fill=0, padding_mode=constant), RandomHorizontalFlip(p=0.5), RandomRotation(degrees=[-15.0, 15.0], interpolation=InterpolationMode.NEAREST, expand=False, fill=0), ToDtype(scale=True), Normalize(mean=[0.5070751905441284, 0.48654890060424805, 0.44091784954071045], std=[0.2673342823982239, 0.2564384639263153, 0.2761504650115967])]","[ToImage(), ToDtype(scale=True), Normalize(mean=[0.5070751905441284, 0.48654890060424805, 0.44091784954071045], std=[0.2673342823982239, 0.2564384639263153, 0.2761504650115967])]",3000,10000,666,3.0,128,24,15984,2000000,30.0,4,64,32,CrossEntropyLoss,SGD,CosineAnnealingLR,666,4.606092594146729,0.009333333333333334,mean: 4.6060925941467294,mean: 0.00933333333333334,1748908326.1106882,2025/06/03 08:52:06,1612.722032546997,26.9m,1368.5135731697083,1178.1066265106201,37.95419692993164,4.605182968902588,0.01
34,ee_tools.models.resnet_git_ee resnet18,cifar100_train,cifar100_val,100,"[ToImage(), RandomCrop(size=(32, 32), padding=[4, 4, 4, 4], pad_if_needed=False, fill=0, padding_mode=constant), RandomHorizontalFlip(p=0.5), RandomRotation(degrees=[-15.0, 15.0], interpolation=InterpolationMode.NEAREST, expand=False, fill=0), ToDtype(scale=True), Normalize(mean=[0.5070751905441284, 0.48654890060424805, 0.44091784954071045], std=[0.2673342823982239, 0.2564384639263153, 0.2761504650115967])]","[ToImage(), ToDtype(scale=True), Normalize(mean=[0.5070751905441284, 0.48654890060424805, 0.44091784954071045], std=[0.2673342823982239, 0.2564384639263153, 0.2761504650115967])]",3000,10000,666,1.0,128,24,15984,2000000,30.0,32,1,32,CrossEntropyLoss,SGD,CosineAnnealingLR,666,2.1268504085540774,0.4196666666666667,mean: 2.1268504085540774,mean: 0.4196666666666667,1748909935.3366368,2025/06/03 09:18:55,1608.8889210224152,26.8m,146.31059980392456,130.91995096206665,38.05718278884888,4.963163294219971,0.1511
35,ee_tools.models.resnet_git_ee resnet18,cifar100_train,cifar100_val,100,"[ToImage(), RandomCrop(size=(32, 32), padding=[4, 4, 4, 4], pad_if_needed=False, fill=0, padding_mode=constant), RandomHorizontalFlip(p=0.5), RandomRotation(degrees=[-15.0, 15.0], interpolation=InterpolationMode.NEAREST, expand=False, fill=0), ToDtype(scale=True), Normalize(mean=[0.5070751905441284, 0.48654890060424805, 0.44091784954071045], std=[0.2673342823982239, 0.2564384639263153, 0.2761504650115967])]","[ToImage(), ToDtype(scale=True), Normalize(mean=[0.5070751905441284, 0.48654890060424805, 0.44091784954071045], std=[0.2673342823982239, 0.2564384639263153, 0.2761504650115967])]",3000,10000,666,1.0,128,24,15984,2000000,30.0,4,64,32,CrossEntropyLoss,SGD,CosineAnnealingLR,666,3.8514862365722657,0.13133333333333333,mean: 7.176677187979219,mean: 0.010510416666666673,1748909935.3366368,2025/06/03 09:18:55,1608.8889210224152,26.8m,1363.43257021904,1173.689073562622,38.05718278884888,4.205621295928955,0.059
36,ee_tools.models.resnet_git_ee resnet18,cifar100_train,cifar100_val,100,"[ToImage(), RandomCrop(size=(32, 32), padding=[4, 4, 4, 4], pad_if_needed=False, fill=0, padding_mode=constant), RandomHorizontalFlip(p=0.5), RandomRotation(degrees=[-15.0, 15.0], interpolation=InterpolationMode.NEAREST, expand=False, fill=0), ToDtype(scale=True), Normalize(mean=[0.5070751905441284, 0.48654890060424805, 0.44091784954071045], std=[0.2673342823982239, 0.2564384639263153, 0.2761504650115967])]","[ToImage(), ToDtype(scale=True), Normalize(mean=[0.5070751905441284, 0.48654890060424805, 0.44091784954071045], std=[0.2673342823982239, 0.2564384639263153, 0.2761504650115967])]",3000,10000,666,0.3,128,24,15984,2000000,30.0,32,1,32,CrossEntropyLoss,SGD,CosineAnnealingLR,666,0.30508459170659386,0.916,mean: 0.30508459170659386,mean: 0.916,1748911550.7825978,2025/06/03 09:45:50,1615.0988416671753,26.9m,146.6083676815033,131.07840371131897,38.35393953323364,6.123598086547852,0.1976
37,ee_tools.models.resnet_git_ee resnet18,cifar100_train,cifar100_val,100,"[ToImage(), RandomCrop(size=(32, 32), padding=[4, 4, 4, 4], pad_if_needed=False, fill=0, padding_mode=constant), RandomHorizontalFlip(p=0.5), RandomRotation(degrees=[-15.0, 15.0], interpolation=InterpolationMode.NEAREST, expand=False, fill=0), ToDtype(scale=True), Normalize(mean=[0.5070751905441284, 0.48654890060424805, 0.44091784954071045], std=[0.2673342823982239, 0.2564384639263153, 0.2761504650115967])]","[ToImage(), ToDtype(scale=True), Normalize(mean=[0.5070751905441284, 0.48654890060424805, 0.44091784954071045], std=[0.2673342823982239, 0.2564384639263153, 0.2761504650115967])]",3000,10000,666,0.3,128,24,15984,2000000,30.0,4,64,32,CrossEntropyLoss,SGD,CosineAnnealingLR,666,2.858614772796631,0.3516666666666667,mean: 10.278197452604772,mean: 0.013911458333333342,1748911550.7825978,2025/06/03 09:45:50,1615.0988416671753,26.9m,1368.0471732616425,1177.3534338474274,38.35393953323364,3.6848062385559084,0.1255
38,ee_tools.models.resnet_git_ee resnet18,cifar100_train,cifar100_val,100,"[ToImage(), RandomCrop(size=(32, 32), padding=[4, 4, 4, 4], pad_if_needed=False, fill=0, padding_mode=constant), RandomHorizontalFlip(p=0.5), RandomRotation(degrees=[-15.0, 15.0], interpolation=InterpolationMode.NEAREST, expand=False, fill=0), ToDtype(scale=True), Normalize(mean=[0.5070751905441284, 0.48654890060424805, 0.44091784954071045], std=[0.2673342823982239, 0.2564384639263153, 0.2761504650115967])]","[ToImage(), ToDtype(scale=True), Normalize(mean=[0.5070751905441284, 0.48654890060424805, 0.44091784954071045], std=[0.2673342823982239, 0.2564384639263153, 0.2761504650115967])]",3000,10000,666,0.1,128,24,15984,2000000,30.0,32,1,32,CrossEntropyLoss,SGD,CosineAnnealingLR,666,0.14544104812542596,0.9623333333333334,mean: 0.14544104812542596,mean: 0.9623333333333334,1748913163.6065714,2025/06/03 10:12:43,1612.4683501720428,26.9m,146.50512027740479,130.95118880271912,38.21728539466858,4.972344164276123,0.2304
39,ee_tools.models.resnet_git_ee resnet18,cifar100_train,cifar100_val,100,"[ToImage(), RandomCrop(size=(32, 32), padding=[4, 4, 4, 4], pad_if_needed=False, fill=0, padding_mode=constant), RandomHorizontalFlip(p=0.5), RandomRotation(degrees=[-15.0, 15.0], interpolation=InterpolationMode.NEAREST, expand=False, fill=0), ToDtype(scale=True), Normalize(mean=[0.5070751905441284, 0.48654890060424805, 0.44091784954071045], std=[0.2673342823982239, 0.2564384639263153, 0.2761504650115967])]","[ToImage(), ToDtype(scale=True), Normalize(mean=[0.5070751905441284, 0.48654890060424805, 0.44091784954071045], std=[0.2673342823982239, 0.2564384639263153, 0.2761504650115967])]",3000,10000,666,0.1,128,24,15984,2000000,30.0,4,64,32,CrossEntropyLoss,SGD,CosineAnnealingLR,666,2.069127623240153,0.5676666666666667,mean: 11.623467441380027,mean: 0.015265625000000003,1748913163.6065714,2025/06/03 10:12:43,1612.4683501720428,26.9m,1364.7783432006836,1174.7327105998993,38.21728539466858,3.6722081359863283,0.2019
40,ee_tools.models.resnet_git_ee resnet18,cifar100_train,cifar100_val,100,"[ToImage(), RandomCrop(size=(32, 32), padding=[4, 4, 4, 4], pad_if_needed=False, fill=0, padding_mode=constant), RandomHorizontalFlip(p=0.5), RandomRotation(degrees=[-15.0, 15.0], interpolation=InterpolationMode.NEAREST, expand=False, fill=0), ToDtype(scale=True), Normalize(mean=[0.5070751905441284, 0.48654890060424805, 0.44091784954071045], std=[0.2673342823982239, 0.2564384639263153, 0.2761504650115967])]","[ToImage(), ToDtype(scale=True), Normalize(mean=[0.5070751905441284, 0.48654890060424805, 0.44091784954071045], std=[0.2673342823982239, 0.2564384639263153, 0.2761504650115967])]",3000,10000,666,0.03,128,24,15984,2000000,30.0,32,1,32,CrossEntropyLoss,SGD,CosineAnnealingLR,666,0.018242556780576707,0.999,mean: 0.018242556780576707,mean: 0.999,1748914785.0050745,2025/06/03 10:39:45,1621.0351004600525,27.0m,146.921715259552,131.34976387023926,38.25825572013855,4.153176359558105,0.2397
41,ee_tools.models.resnet_git_ee resnet18,cifar100_train,cifar100_val,100,"[ToImage(), RandomCrop(size=(32, 32), padding=[4, 4, 4, 4], pad_if_needed=False, fill=0, padding_mode=constant), RandomHorizontalFlip(p=0.5), RandomRotation(degrees=[-15.0, 15.0], interpolation=InterpolationMode.NEAREST, expand=False, fill=0), ToDtype(scale=True), Normalize(mean=[0.5070751905441284, 0.48654890060424805, 0.44091784954071045], std=[0.2673342823982239, 0.2564384639263153, 0.2761504650115967])]","[ToImage(), ToDtype(scale=True), Normalize(mean=[0.5070751905441284, 0.48654890060424805, 0.44091784954071045], std=[0.2673342823982239, 0.2564384639263153, 0.2761504650115967])]",3000,10000,666,0.03,128,24,15984,2000000,30.0,4,64,32,CrossEntropyLoss,SGD,CosineAnnealingLR,666,2.2575958894093833,0.5373333333333333,mean: 9.440360125978788,mean: 0.01810416666666667,1748914785.0050745,2025/06/03 10:39:45,1621.0351004600525,27.0m,1371.9984261989594,1181.137239933014,38.25825572013855,3.5358152458190917,0.1974
42,ee_tools.models.resnet_git_ee resnet18,cifar100_train,cifar100_val,100,"[ToImage(), RandomCrop(size=(32, 32), padding=[4, 4, 4, 4], pad_if_needed=False, fill=0, padding_mode=constant), RandomHorizontalFlip(p=0.5), RandomRotation(degrees=[-15.0, 15.0], interpolation=InterpolationMode.NEAREST, expand=False, fill=0), ToDtype(scale=True), Normalize(mean=[0.5070751905441284, 0.48654890060424805, 0.44091784954071045], std=[0.2673342823982239, 0.2564384639263153, 0.2761504650115967])]","[ToImage(), ToDtype(scale=True), Normalize(mean=[0.5070751905441284, 0.48654890060424805, 0.44091784954071045], std=[0.2673342823982239, 0.2564384639263153, 0.2761504650115967])]",3000,10000,666,0.01,128,24,15984,2000000,30.0,32,1,32,CrossEntropyLoss,SGD,CosineAnnealingLR,666,0.005004349363346894,1.0,mean: 0.005004349363346894,mean: 1.0,1748916407.9137232,2025/06/03 11:06:47,1622.5355639457703,27.0m,147.10497617721558,131.42546796798706,38.11463928222656,4.289550012969971,0.2245
43,ee_tools.models.resnet_git_ee resnet18,cifar100_train,cifar100_val,100,"[ToImage(), RandomCrop(size=(32, 32), padding=[4, 4, 4, 4], pad_if_needed=False, fill=0, padding_mode=constant), RandomHorizontalFlip(p=0.5), RandomRotation(degrees=[-15.0, 15.0], interpolation=InterpolationMode.NEAREST, expand=False, fill=0), ToDtype(scale=True), Normalize(mean=[0.5070751905441284, 0.48654890060424805, 0.44091784954071045], std=[0.2673342823982239, 0.2564384639263153, 0.2761504650115967])]","[ToImage(), ToDtype(scale=True), Normalize(mean=[0.5070751905441284, 0.48654890060424805, 0.44091784954071045], std=[0.2673342823982239, 0.2564384639263153, 0.2761504650115967])]",3000,10000,666,0.01,128,24,15984,2000000,30.0,4,64,32,CrossEntropyLoss,SGD,CosineAnnealingLR,666,3.8117687543233236,0.18466666666666667,mean: 5.544681374649206,mean: 0.018869791666666663,1748916407.9137232,2025/06/03 11:06:47,1622.5355639457703,27.0m,1372.515272140503,1181.458093881607,38.11463928222656,3.942460348892212,0.1303
44,ee_tools.models.resnet_git_ee resnet18,cifar100_train,cifar100_val,100,"[ToImage(), RandomCrop(size=(32, 32), padding=[4, 4, 4, 4], pad_if_needed=False, fill=0, padding_mode=constant), RandomHorizontalFlip(p=0.5), RandomRotation(degrees=[-15.0, 15.0], interpolation=InterpolationMode.NEAREST, expand=False, fill=0), ToDtype(scale=True), Normalize(mean=[0.5070751905441284, 0.48654890060424805, 0.44091784954071045], std=[0.2673342823982239, 0.2564384639263153, 0.2761504650115967])]","[ToImage(), ToDtype(scale=True), Normalize(mean=[0.5070751905441284, 0.48654890060424805, 0.44091784954071045], std=[0.2673342823982239, 0.2564384639263153, 0.2761504650115967])]",3000,10000,666,0.003,128,24,15984,2000000,30.0,32,1,32,CrossEntropyLoss,SGD,CosineAnnealingLR,666,0.01621222059180339,0.9986666666666667,mean: 0.01621222059180339,mean: 0.9986666666666667,1748918028.329382,2025/06/03 11:33:48,1620.0386328697205,27.0m,147.05632257461548,131.46746110916138,38.13315558433533,5.440862463760376,0.2031
45,ee_tools.models.resnet_git_ee resnet18,cifar100_train,cifar100_val,100,"[ToImage(), RandomCrop(size=(32, 32), padding=[4, 4, 4, 4], pad_if_needed=False, fill=0, padding_mode=constant), RandomHorizontalFlip(p=0.5), RandomRotation(degrees=[-15.0, 15.0], interpolation=InterpolationMode.NEAREST, expand=False, fill=0), ToDtype(scale=True), Normalize(mean=[0.5070751905441284, 0.48654890060424805, 0.44091784954071045], std=[0.2673342823982239, 0.2564384639263153, 0.2761504650115967])]","[ToImage(), ToDtype(scale=True), Normalize(mean=[0.5070751905441284, 0.48654890060424805, 0.44091784954071045], std=[0.2673342823982239, 0.2564384639263153, 0.2761504650115967])]",3000,10000,666,0.003,128,24,15984,2000000,30.0,4,64,32,CrossEntropyLoss,SGD,CosineAnnealingLR,666,4.338594605763753,0.06166666666666667,mean: 4.759568156222504,mean: 0.01675,1748918028.329382,2025/06/03 11:33:48,1620.0386328697205,27.0m,1369.3122870922089,1178.8948953151703,38.13315558433533,4.345570045471192,0.0511
46,ee_tools.models.resnet_git_ee resnet18,cifar100_train,cifar100_val,100,"[ToImage(), RandomCrop(size=(32, 32), padding=[4, 4, 4, 4], pad_if_needed=False, fill=0, padding_mode=constant), RandomHorizontalFlip(p=0.5), RandomRotation(degrees=[-15.0, 15.0], interpolation=InterpolationMode.NEAREST, expand=False, fill=0), ToDtype(scale=True), Normalize(mean=[0.5070751905441284, 0.48654890060424805, 0.44091784954071045], std=[0.2673342823982239, 0.2564384639263153, 0.2761504650115967])]","[ToImage(), ToDtype(scale=True), Normalize(mean=[0.5070751905441284, 0.48654890060424805, 0.44091784954071045], std=[0.2673342823982239, 0.2564384639263153, 0.2761504650115967])]",3000,10000,666,0.001,128,24,15984,2000000,30.0,32,1,32,CrossEntropyLoss,SGD,CosineAnnealingLR,666,0.08605258270104726,0.993,mean: 0.08605258270104726,mean: 0.993,1748919652.0837567,2025/06/03 12:00:52,1623.3668158054352,27.1m,147.12986207008362,131.46502017974854,38.17373180389404,5.560291854095459,0.1822
47,ee_tools.models.resnet_git_ee resnet18,cifar100_train,cifar100_val,100,"[ToImage(), RandomCrop(size=(32, 32), padding=[4, 4, 4, 4], pad_if_needed=False, fill=0, padding_mode=constant), RandomHorizontalFlip(p=0.5), RandomRotation(degrees=[-15.0, 15.0], interpolation=InterpolationMode.NEAREST, expand=False, fill=0), ToDtype(scale=True), Normalize(mean=[0.5070751905441284, 0.48654890060424805, 0.44091784954071045], std=[0.2673342823982239, 0.2564384639263153, 0.2761504650115967])]","[ToImage(), ToDtype(scale=True), Normalize(mean=[0.5070751905441284, 0.48654890060424805, 0.44091784954071045], std=[0.2673342823982239, 0.2564384639263153, 0.2761504650115967])]",3000,10000,666,0.001,128,24,15984,2000000,30.0,4,64,32,CrossEntropyLoss,SGD,CosineAnnealingLR,666,4.542725353240967,0.03166666666666667,mean: 4.669019900838535,mean: 0.012651041666666668,1748919652.0837567,2025/06/03 12:00:52,1623.3668158054352,27.1m,1371.7086679935455,1180.5886783599854,38.17373180389404,4.540710464477539,0.0368
48,ee_tools.models.resnet_git_ee resnet18,cifar100_train,cifar100_val,100,"[ToImage(), RandomCrop(size=(32, 32), padding=[4, 4, 4, 4], pad_if_needed=False, fill=0, padding_mode=constant), RandomHorizontalFlip(p=0.5), RandomRotation(degrees=[-15.0, 15.0], interpolation=InterpolationMode.NEAREST, expand=False, fill=0), ToDtype(scale=True), Normalize(mean=[0.5070751905441284, 0.48654890060424805, 0.44091784954071045], std=[0.2673342823982239, 0.2564384639263153, 0.2761504650115967])]","[ToImage(), ToDtype(scale=True), Normalize(mean=[0.5070751905441284, 0.48654890060424805, 0.44091784954071045], std=[0.2673342823982239, 0.2564384639263153, 0.2761504650115967])]",2000,10000,1000,3.0,128,16,16000,2000000,20.0,32,1,32,CrossEntropyLoss,SGD,CosineAnnealingLR,1000,4.656066310882569,0.0065,mean: 4.656066310882569,mean: 0.0065,1748921315.9238129,2025/06/03 12:28:35,1663.4454402923584,27.7m,147.44261860847473,132.03565168380737,56.02221703529358,4.613236148834228,0.01
49,ee_tools.models.resnet_git_ee resnet18,cifar100_train,cifar100_val,100,"[ToImage(), RandomCrop(size=(32, 32), padding=[4, 4, 4, 4], pad_if_needed=False, fill=0, padding_mode=constant), RandomHorizontalFlip(p=0.5), RandomRotation(degrees=[-15.0, 15.0], interpolation=InterpolationMode.NEAREST, expand=False, fill=0), ToDtype(scale=True), Normalize(mean=[0.5070751905441284, 0.48654890060424805, 0.44091784954071045], std=[0.2673342823982239, 0.2564384639263153, 0.2761504650115967])]","[ToImage(), ToDtype(scale=True), Normalize(mean=[0.5070751905441284, 0.48654890060424805, 0.44091784954071045], std=[0.2673342823982239, 0.2564384639263153, 0.2761504650115967])]",2000,10000,1000,3.0,128,16,16000,2000000,20.0,4,64,32,CrossEntropyLoss,SGD,CosineAnnealingLR,1000,4.52432624053955,0.0185,mean: 4.808589295744898,mean: 0.008109375000000005,1748921315.9238129,2025/06/03 12:28:35,1663.4454402923584,27.7m,1371.595805644989,1180.3599090576172,56.02221703529358,4.5201941551208495,0.0198
50,ee_tools.models.resnet_git_ee resnet18,cifar100_train,cifar100_val,100,"[ToImage(), RandomCrop(size=(32, 32), padding=[4, 4, 4, 4], pad_if_needed=False, fill=0, padding_mode=constant), RandomHorizontalFlip(p=0.5), RandomRotation(degrees=[-15.0, 15.0], interpolation=InterpolationMode.NEAREST, expand=False, fill=0), ToDtype(scale=True), Normalize(mean=[0.5070751905441284, 0.48654890060424805, 0.44091784954071045], std=[0.2673342823982239, 0.2564384639263153, 0.2761504650115967])]","[ToImage(), ToDtype(scale=True), Normalize(mean=[0.5070751905441284, 0.48654890060424805, 0.44091784954071045], std=[0.2673342823982239, 0.2564384639263153, 0.2761504650115967])]",2000,10000,1000,1.0,128,16,16000,2000000,20.0,32,1,32,CrossEntropyLoss,SGD,CosineAnnealingLR,1000,0.9625570931434632,0.713,mean: 0.9625570931434632,mean: 0.713,1748922981.2242837,2025/06/03 12:56:21,1664.8099133968353,27.7m,147.92385601997375,132.63501453399658,56.113226890563965,6.325283821105957,0.156
51,ee_tools.models.resnet_git_ee resnet18,cifar100_train,cifar100_val,100,"[ToImage(), RandomCrop(size=(32, 32), padding=[4, 4, 4, 4], pad_if_needed=False, fill=0, padding_mode=constant), RandomHorizontalFlip(p=0.5), RandomRotation(degrees=[-15.0, 15.0], interpolation=InterpolationMode.NEAREST, expand=False, fill=0), ToDtype(scale=True), Normalize(mean=[0.5070751905441284, 0.48654890060424805, 0.44091784954071045], std=[0.2673342823982239, 0.2564384639263153, 0.2761504650115967])]","[ToImage(), ToDtype(scale=True), Normalize(mean=[0.5070751905441284, 0.48654890060424805, 0.44091784954071045], std=[0.2673342823982239, 0.2564384639263153, 0.2761504650115967])]",2000,10000,1000,1.0,128,16,16000,2000000,20.0,4,64,32,CrossEntropyLoss,SGD,CosineAnnealingLR,1000,3.8013550834655763,0.1205,mean: 7.2040550369024325,mean: 0.010750000000000006,1748922981.2242837,2025/06/03 12:56:21,1664.8099133968353,27.7m,1370.5962302684784,1180.9399871826172,56.113226890563965,4.4528466491699215,0.0418
52,ee_tools.models.resnet_git_ee resnet18,cifar100_train,cifar100_val,100,"[ToImage(), RandomCrop(size=(32, 32), padding=[4, 4, 4, 4], pad_if_needed=False, fill=0, padding_mode=constant), RandomHorizontalFlip(p=0.5), RandomRotation(degrees=[-15.0, 15.0], interpolation=InterpolationMode.NEAREST, expand=False, fill=0), ToDtype(scale=True), Normalize(mean=[0.5070751905441284, 0.48654890060424805, 0.44091784954071045], std=[0.2673342823982239, 0.2564384639263153, 0.2761504650115967])]","[ToImage(), ToDtype(scale=True), Normalize(mean=[0.5070751905441284, 0.48654890060424805, 0.44091784954071045], std=[0.2673342823982239, 0.2564384639263153, 0.2761504650115967])]",2000,10000,1000,0.3,128,16,16000,2000000,20.0,32,1,32,CrossEntropyLoss,SGD,CosineAnnealingLR,1000,0.19399410843849182,0.9495,mean: 0.19399410843849182,mean: 0.9495,1748924654.7522326,2025/06/03 13:24:14,1673.090573310852,27.9m,148.65760135650635,133.19158411026,55.89958596229553,5.833663603210449,0.1731
53,ee_tools.models.resnet_git_ee resnet18,cifar100_train,cifar100_val,100,"[ToImage(), RandomCrop(size=(32, 32), padding=[4, 4, 4, 4], pad_if_needed=False, fill=0, padding_mode=constant), RandomHorizontalFlip(p=0.5), RandomRotation(degrees=[-15.0, 15.0], interpolation=InterpolationMode.NEAREST, expand=False, fill=0), ToDtype(scale=True), Normalize(mean=[0.5070751905441284, 0.48654890060424805, 0.44091784954071045], std=[0.2673342823982239, 0.2564384639263153, 0.2761504650115967])]","[ToImage(), ToDtype(scale=True), Normalize(mean=[0.5070751905441284, 0.48654890060424805, 0.44091784954071045], std=[0.2673342823982239, 0.2564384639263153, 0.2761504650115967])]",2000,10000,1000,0.3,128,16,16000,2000000,20.0,4,64,32,CrossEntropyLoss,SGD,CosineAnnealingLR,1000,2.4736927814483645,0.4575,mean: 10.94392546570301,mean: 0.013625,1748924654.7522326,2025/06/03 13:24:14,1673.090573310852,27.9m,1377.1561992168427,1187.0504508018494,55.89958596229553,4.036686011505127,0.1408
54,ee_tools.models.resnet_git_ee resnet18,cifar100_train,cifar100_val,100,"[ToImage(), RandomCrop(size=(32, 32), padding=[4, 4, 4, 4], pad_if_needed=False, fill=0, padding_mode=constant), RandomHorizontalFlip(p=0.5), RandomRotation(degrees=[-15.0, 15.0], interpolation=InterpolationMode.NEAREST, expand=False, fill=0), ToDtype(scale=True), Normalize(mean=[0.5070751905441284, 0.48654890060424805, 0.44091784954071045], std=[0.2673342823982239, 0.2564384639263153, 0.2761504650115967])]","[ToImage(), ToDtype(scale=True), Normalize(mean=[0.5070751905441284, 0.48654890060424805, 0.44091784954071045], std=[0.2673342823982239, 0.2564384639263153, 0.2761504650115967])]",2000,10000,1000,0.1,128,16,16000,2000000,20.0,32,1,32,CrossEntropyLoss,SGD,CosineAnnealingLR,1000,0.06910116279125214,0.987,mean: 0.06910116279125214,mean: 0.987,1748926321.995761,2025/06/03 13:52:01,1666.8008971214294,27.8m,148.438627243042,132.94072222709656,56.09978795051575,5.036104341125489,0.1964
55,ee_tools.models.resnet_git_ee resnet18,cifar100_train,cifar100_val,100,"[ToImage(), RandomCrop(size=(32, 32), padding=[4, 4, 4, 4], pad_if_needed=False, fill=0, padding_mode=constant), RandomHorizontalFlip(p=0.5), RandomRotation(degrees=[-15.0, 15.0], interpolation=InterpolationMode.NEAREST, expand=False, fill=0), ToDtype(scale=True), Normalize(mean=[0.5070751905441284, 0.48654890060424805, 0.44091784954071045], std=[0.2673342823982239, 0.2564384639263153, 0.2761504650115967])]","[ToImage(), ToDtype(scale=True), Normalize(mean=[0.5070751905441284, 0.48654890060424805, 0.44091784954071045], std=[0.2673342823982239, 0.2564384639263153, 0.2761504650115967])]",2000,10000,1000,0.1,128,16,16000,2000000,20.0,4,64,32,CrossEntropyLoss,SGD,CosineAnnealingLR,1000,1.397455132484436,0.751,mean: 12.135054290711885,mean: 0.015664062499999992,1748926321.995761,2025/06/03 13:52:01,1666.8008971214294,27.8m,1369.8440339565277,1179.9279670715332,56.09978795051575,3.8422006042480468,0.1781
56,ee_tools.models.resnet_git_ee resnet18,cifar100_train,cifar100_val,100,"[ToImage(), RandomCrop(size=(32, 32), padding=[4, 4, 4, 4], pad_if_needed=False, fill=0, padding_mode=constant), RandomHorizontalFlip(p=0.5), RandomRotation(degrees=[-15.0, 15.0], interpolation=InterpolationMode.NEAREST, expand=False, fill=0), ToDtype(scale=True), Normalize(mean=[0.5070751905441284, 0.48654890060424805, 0.44091784954071045], std=[0.2673342823982239, 0.2564384639263153, 0.2761504650115967])]","[ToImage(), ToDtype(scale=True), Normalize(mean=[0.5070751905441284, 0.48654890060424805, 0.44091784954071045], std=[0.2673342823982239, 0.2564384639263153, 0.2761504650115967])]",2000,10000,1000,0.03,128,16,16000,2000000,20.0,32,1,32,CrossEntropyLoss,SGD,CosineAnnealingLR,1000,0.03444406396150589,0.995,mean: 0.03444406396150589,mean: 0.995,1748927985.5959134,2025/06/03 14:19:45,1663.1456422805786,27.7m,147.96456241607666,132.48604035377502,56.06968116760254,4.603437979125976,0.1852
57,ee_tools.models.resnet_git_ee resnet18,cifar100_train,cifar100_val,100,"[ToImage(), RandomCrop(size=(32, 32), padding=[4, 4, 4, 4], pad_if_needed=False, fill=0, padding_mode=constant), RandomHorizontalFlip(p=0.5), RandomRotation(degrees=[-15.0, 15.0], interpolation=InterpolationMode.NEAREST, expand=False, fill=0), ToDtype(scale=True), Normalize(mean=[0.5070751905441284, 0.48654890060424805, 0.44091784954071045], std=[0.2673342823982239, 0.2564384639263153, 0.2761504650115967])]","[ToImage(), ToDtype(scale=True), Normalize(mean=[0.5070751905441284, 0.48654890060424805, 0.44091784954071045], std=[0.2673342823982239, 0.2564384639263153, 0.2761504650115967])]",2000,10000,1000,0.03,128,16,16000,2000000,20.0,4,64,32,CrossEntropyLoss,SGD,CosineAnnealingLR,1000,1.6711570663452149,0.6925,mean: 9.631684163689613,mean: 0.018273437500000003,1748927985.5959134,2025/06/03 14:19:45,1663.1456422805786,27.7m,1365.8211166858673,1175.6955370903015,56.06968116760254,3.6288395820617674,0.1788
58,ee_tools.models.resnet_git_ee resnet18,cifar100_train,cifar100_val,100,"[ToImage(), RandomCrop(size=(32, 32), padding=[4, 4, 4, 4], pad_if_needed=False, fill=0, padding_mode=constant), RandomHorizontalFlip(p=0.5), RandomRotation(degrees=[-15.0, 15.0], interpolation=InterpolationMode.NEAREST, expand=False, fill=0), ToDtype(scale=True), Normalize(mean=[0.5070751905441284, 0.48654890060424805, 0.44091784954071045], std=[0.2673342823982239, 0.2564384639263153, 0.2761504650115967])]","[ToImage(), ToDtype(scale=True), Normalize(mean=[0.5070751905441284, 0.48654890060424805, 0.44091784954071045], std=[0.2673342823982239, 0.2564384639263153, 0.2761504650115967])]",2000,10000,1000,0.01,128,16,16000,2000000,20.0,32,1,32,CrossEntropyLoss,SGD,CosineAnnealingLR,1000,0.04277410435676575,0.993,mean: 0.04277410435676575,mean: 0.993,1748929657.0632372,2025/06/03 14:47:37,1671.0062782764435,27.9m,148.65769124031067,133.0380892753601,56.16194176673889,4.91344080657959,0.1681
59,ee_tools.models.resnet_git_ee resnet18,cifar100_train,cifar100_val,100,"[ToImage(), RandomCrop(size=(32, 32), padding=[4, 4, 4, 4], pad_if_needed=False, fill=0, padding_mode=constant), RandomHorizontalFlip(p=0.5), RandomRotation(degrees=[-15.0, 15.0], interpolation=InterpolationMode.NEAREST, expand=False, fill=0), ToDtype(scale=True), Normalize(mean=[0.5070751905441284, 0.48654890060424805, 0.44091784954071045], std=[0.2673342823982239, 0.2564384639263153, 0.2761504650115967])]","[ToImage(), ToDtype(scale=True), Normalize(mean=[0.5070751905441284, 0.48654890060424805, 0.44091784954071045], std=[0.2673342823982239, 0.2564384639263153, 0.2761504650115967])]",2000,10000,1000,0.01,128,16,16000,2000000,20.0,4,64,32,CrossEntropyLoss,SGD,CosineAnnealingLR,1000,3.6152384605407715,0.228,mean: 5.747882884085182,mean: 0.018945312499999995,1748929657.0632372,2025/06/03 14:47:37,1671.0062782764435,27.9m,1371.727688550949,1180.9745264053345,56.16194176673889,3.9243050483703614,0.1278
60,ee_tools.models.resnet_git_ee resnet18,cifar100_train,cifar100_val,100,"[ToImage(), RandomCrop(size=(32, 32), padding=[4, 4, 4, 4], pad_if_needed=False, fill=0, padding_mode=constant), RandomHorizontalFlip(p=0.5), RandomRotation(degrees=[-15.0, 15.0], interpolation=InterpolationMode.NEAREST, expand=False, fill=0), ToDtype(scale=True), Normalize(mean=[0.5070751905441284, 0.48654890060424805, 0.44091784954071045], std=[0.2673342823982239, 0.2564384639263153, 0.2761504650115967])]","[ToImage(), ToDtype(scale=True), Normalize(mean=[0.5070751905441284, 0.48654890060424805, 0.44091784954071045], std=[0.2673342823982239, 0.2564384639263153, 0.2761504650115967])]",2000,10000,1000,0.003,128,16,16000,2000000,20.0,32,1,32,CrossEntropyLoss,SGD,CosineAnnealingLR,1000,0.008562051855027676,1.0,mean: 0.008562051855027676,mean: 1.0,1748931360.9058402,2025/06/03 15:16:00,1703.370020866394,28.4m,152.27170062065125,136.53602147102356,56.842329263687134,5.811659196472168,0.1699
61,ee_tools.models.resnet_git_ee resnet18,cifar100_train,cifar100_val,100,"[ToImage(), RandomCrop(size=(32, 32), padding=[4, 4, 4, 4], pad_if_needed=False, fill=0, padding_mode=constant), RandomHorizontalFlip(p=0.5), RandomRotation(degrees=[-15.0, 15.0], interpolation=InterpolationMode.NEAREST, expand=False, fill=0), ToDtype(scale=True), Normalize(mean=[0.5070751905441284, 0.48654890060424805, 0.44091784954071045], std=[0.2673342823982239, 0.2564384639263153, 0.2761504650115967])]","[ToImage(), ToDtype(scale=True), Normalize(mean=[0.5070751905441284, 0.48654890060424805, 0.44091784954071045], std=[0.2673342823982239, 0.2564384639263153, 0.2761504650115967])]",2000,10000,1000,0.003,128,16,16000,2000000,20.0,4,64,32,CrossEntropyLoss,SGD,CosineAnnealingLR,1000,4.3142314147949214,0.065,mean: 4.7892863089442255,mean: 0.016562499999999997,1748931360.9058402,2025/06/03 15:16:00,1703.370020866394,28.4m,1396.9757871627808,1204.7195575237274,56.842329263687134,4.332467333984375,0.0561
62,ee_tools.models.resnet_git_ee resnet18,cifar100_train,cifar100_val,100,"[ToImage(), RandomCrop(size=(32, 32), padding=[4, 4, 4, 4], pad_if_needed=False, fill=0, padding_mode=constant), RandomHorizontalFlip(p=0.5), RandomRotation(degrees=[-15.0, 15.0], interpolation=InterpolationMode.NEAREST, expand=False, fill=0), ToDtype(scale=True), Normalize(mean=[0.5070751905441284, 0.48654890060424805, 0.44091784954071045], std=[0.2673342823982239, 0.2564384639263153, 0.2761504650115967])]","[ToImage(), ToDtype(scale=True), Normalize(mean=[0.5070751905441284, 0.48654890060424805, 0.44091784954071045], std=[0.2673342823982239, 0.2564384639263153, 0.2761504650115967])]",2000,10000,1000,0.001,128,16,16000,2000000,20.0,32,1,32,CrossEntropyLoss,SGD,CosineAnnealingLR,1000,0.03588946616649628,0.9985,mean: 0.03588946616649628,mean: 0.9985,1748933033.5182335,2025/06/03 15:43:53,1672.1335065364838,27.9m,148.63750100135803,133.03359365463257,56.2673020362854,6.215440077209473,0.1566
63,ee_tools.models.resnet_git_ee resnet18,cifar100_train,cifar100_val,100,"[ToImage(), RandomCrop(size=(32, 32), padding=[4, 4, 4, 4], pad_if_needed=False, fill=0, padding_mode=constant), RandomHorizontalFlip(p=0.5), RandomRotation(degrees=[-15.0, 15.0], interpolation=InterpolationMode.NEAREST, expand=False, fill=0), ToDtype(scale=True), Normalize(mean=[0.5070751905441284, 0.48654890060424805, 0.44091784954071045], std=[0.2673342823982239, 0.2564384639263153, 0.2761504650115967])]","[ToImage(), ToDtype(scale=True), Normalize(mean=[0.5070751905441284, 0.48654890060424805, 0.44091784954071045], std=[0.2673342823982239, 0.2564384639263153, 0.2761504650115967])]",2000,10000,1000,0.001,128,16,16000,2000000,20.0,4,64,32,CrossEntropyLoss,SGD,CosineAnnealingLR,1000,4.544834831237793,0.038,mean: 4.670552770435809,mean: 0.0124375,1748933033.5182335,2025/06/03 15:43:53,1672.1335065364838,27.9m,1370.294630765915,1180.4421026706696,56.2673020362854,4.547024908447265,0.0364
64,ee_tools.models.resnet_git_ee resnet18,cifar100_train,cifar100_val,100,"[ToImage(), RandomCrop(size=(32, 32), padding=[4, 4, 4, 4], pad_if_needed=False, fill=0, padding_mode=constant), RandomHorizontalFlip(p=0.5), RandomRotation(degrees=[-15.0, 15.0], interpolation=InterpolationMode.NEAREST, expand=False, fill=0), ToDtype(scale=True), Normalize(mean=[0.5070751905441284, 0.48654890060424805, 0.44091784954071045], std=[0.2673342823982239, 0.2564384639263153, 0.2761504650115967])]","[ToImage(), ToDtype(scale=True), Normalize(mean=[0.5070751905441284, 0.48654890060424805, 0.44091784954071045], std=[0.2673342823982239, 0.2564384639263153, 0.2761504650115967])]",1000,10000,2000,3.0,128,8,16000,2000000,10.0,32,1,32,CrossEntropyLoss,SGD,CosineAnnealingLR,2000,4.636440246582032,0.005,mean: 4.636440246582032,mean: 0.005,1748934846.5945113,2025/06/03 16:14:06,1812.5818984508514,30.2m,152.71464610099792,137.49723434448242,109.56871128082275,4.609344956207275,0.01
65,ee_tools.models.resnet_git_ee resnet18,cifar100_train,cifar100_val,100,"[ToImage(), RandomCrop(size=(32, 32), padding=[4, 4, 4, 4], pad_if_needed=False, fill=0, padding_mode=constant), RandomHorizontalFlip(p=0.5), RandomRotation(degrees=[-15.0, 15.0], interpolation=InterpolationMode.NEAREST, expand=False, fill=0), ToDtype(scale=True), Normalize(mean=[0.5070751905441284, 0.48654890060424805, 0.44091784954071045], std=[0.2673342823982239, 0.2564384639263153, 0.2761504650115967])]","[ToImage(), ToDtype(scale=True), Normalize(mean=[0.5070751905441284, 0.48654890060424805, 0.44091784954071045], std=[0.2673342823982239, 0.2564384639263153, 0.2761504650115967])]",1000,10000,2000,3.0,128,8,16000,2000000,10.0,4,64,32,CrossEntropyLoss,SGD,CosineAnnealingLR,2000,4.605633094787597,0.007,mean: 4.605633094787601,mean: 0.007000000000000005,1748934846.5945113,2025/06/03 16:14:06,1812.5818984508514,30.2m,1368.3941097259521,1179.0777378082275,109.56871128082275,4.605172769165039,0.01
66,ee_tools.models.resnet_git_ee resnet18,cifar100_train,cifar100_val,100,"[ToImage(), RandomCrop(size=(32, 32), padding=[4, 4, 4, 4], pad_if_needed=False, fill=0, padding_mode=constant), RandomHorizontalFlip(p=0.5), RandomRotation(degrees=[-15.0, 15.0], interpolation=InterpolationMode.NEAREST, expand=False, fill=0), ToDtype(scale=True), Normalize(mean=[0.5070751905441284, 0.48654890060424805, 0.44091784954071045], std=[0.2673342823982239, 0.2564384639263153, 0.2761504650115967])]","[ToImage(), ToDtype(scale=True), Normalize(mean=[0.5070751905441284, 0.48654890060424805, 0.44091784954071045], std=[0.2673342823982239, 0.2564384639263153, 0.2761504650115967])]",1000,10000,2000,1.0,128,8,16000,2000000,10.0,32,1,32,CrossEntropyLoss,SGD,CosineAnnealingLR,2000,0.4553154559135437,0.868,mean: 0.4553154559135437,mean: 0.868,1748936672.466622,2025/06/03 16:44:32,1825.270878314972,30.4m,152.41976618766785,136.96745491027832,110.17853713035583,7.129906092834473,0.1057
67,ee_tools.models.resnet_git_ee resnet18,cifar100_train,cifar100_val,100,"[ToImage(), RandomCrop(size=(32, 32), padding=[4, 4, 4, 4], pad_if_needed=False, fill=0, padding_mode=constant), RandomHorizontalFlip(p=0.5), RandomRotation(degrees=[-15.0, 15.0], interpolation=InterpolationMode.NEAREST, expand=False, fill=0), ToDtype(scale=True), Normalize(mean=[0.5070751905441284, 0.48654890060424805, 0.44091784954071045], std=[0.2673342823982239, 0.2564384639263153, 0.2761504650115967])]","[ToImage(), ToDtype(scale=True), Normalize(mean=[0.5070751905441284, 0.48654890060424805, 0.44091784954071045], std=[0.2673342823982239, 0.2564384639263153, 0.2761504650115967])]",1000,10000,2000,1.0,128,8,16000,2000000,10.0,4,64,32,CrossEntropyLoss,SGD,CosineAnnealingLR,2000,3.022499870300293,0.34,mean: 9.869054171621803,mean: 0.011640625000000009,1748936672.466622,2025/06/03 16:44:32,1825.270878314972,30.4m,1372.5497109889984,1182.470603466034,110.17853713035583,3.944273600769043,0.1096
68,ee_tools.models.resnet_git_ee resnet18,cifar100_train,cifar100_val,100,"[ToImage(), RandomCrop(size=(32, 32), padding=[4, 4, 4, 4], pad_if_needed=False, fill=0, padding_mode=constant), RandomHorizontalFlip(p=0.5), RandomRotation(degrees=[-15.0, 15.0], interpolation=InterpolationMode.NEAREST, expand=False, fill=0), ToDtype(scale=True), Normalize(mean=[0.5070751905441284, 0.48654890060424805, 0.44091784954071045], std=[0.2673342823982239, 0.2564384639263153, 0.2761504650115967])]","[ToImage(), ToDtype(scale=True), Normalize(mean=[0.5070751905441284, 0.48654890060424805, 0.44091784954071045], std=[0.2673342823982239, 0.2564384639263153, 0.2761504650115967])]",1000,10000,2000,0.3,128,8,16000,2000000,10.0,32,1,32,CrossEntropyLoss,SGD,CosineAnnealingLR,2000,0.015837280809879305,0.999,mean: 0.015837280809879305,mean: 0.999,1748938499.502448,2025/06/03 17:14:59,1826.422078371048,30.4m,153.17092609405518,137.89436984062195,109.80425930023193,5.309367790985108,0.1429
69,ee_tools.models.resnet_git_ee resnet18,cifar100_train,cifar100_val,100,"[ToImage(), RandomCrop(size=(32, 32), padding=[4, 4, 4, 4], pad_if_needed=False, fill=0, padding_mode=constant), RandomHorizontalFlip(p=0.5), RandomRotation(degrees=[-15.0, 15.0], interpolation=InterpolationMode.NEAREST, expand=False, fill=0), ToDtype(scale=True), Normalize(mean=[0.5070751905441284, 0.48654890060424805, 0.44091784954071045], std=[0.2673342823982239, 0.2564384639263153, 0.2761504650115967])]","[ToImage(), ToDtype(scale=True), Normalize(mean=[0.5070751905441284, 0.48654890060424805, 0.44091784954071045], std=[0.2673342823982239, 0.2564384639263153, 0.2761504650115967])]",1000,10000,2000,0.3,128,8,16000,2000000,10.0,4,64,32,CrossEntropyLoss,SGD,CosineAnnealingLR,2000,1.26103431224823,0.811,mean: 12.147015470504758,mean: 0.014140625000000009,1748938499.502448,2025/06/03 17:14:59,1826.422078371048,30.4m,1370.9328527450562,1182.0677316188812,109.80425930023193,4.644146472930908,0.0926
70,ee_tools.models.resnet_git_ee resnet18,cifar100_train,cifar100_val,100,"[ToImage(), RandomCrop(size=(32, 32), padding=[4, 4, 4, 4], pad_if_needed=False, fill=0, padding_mode=constant), RandomHorizontalFlip(p=0.5), RandomRotation(degrees=[-15.0, 15.0], interpolation=InterpolationMode.NEAREST, expand=False, fill=0), ToDtype(scale=True), Normalize(mean=[0.5070751905441284, 0.48654890060424805, 0.44091784954071045], std=[0.2673342823982239, 0.2564384639263153, 0.2761504650115967])]","[ToImage(), ToDtype(scale=True), Normalize(mean=[0.5070751905441284, 0.48654890060424805, 0.44091784954071045], std=[0.2673342823982239, 0.2564384639263153, 0.2761504650115967])]",1000,10000,2000,0.1,128,8,16000,2000000,10.0,32,1,32,CrossEntropyLoss,SGD,CosineAnnealingLR,2000,0.0461712267100811,0.996,mean: 0.0461712267100811,mean: 0.996,1748940333.741928,2025/06/03 17:45:33,1833.6268792152405,30.6m,153.01139640808105,137.51357221603394,110.50790762901306,5.531918658447266,0.1274
71,ee_tools.models.resnet_git_ee resnet18,cifar100_train,cifar100_val,100,"[ToImage(), RandomCrop(size=(32, 32), padding=[4, 4, 4, 4], pad_if_needed=False, fill=0, padding_mode=constant), RandomHorizontalFlip(p=0.5), RandomRotation(degrees=[-15.0, 15.0], interpolation=InterpolationMode.NEAREST, expand=False, fill=0), ToDtype(scale=True), Normalize(mean=[0.5070751905441284, 0.48654890060424805, 0.44091784954071045], std=[0.2673342823982239, 0.2564384639263153, 0.2761504650115967])]","[ToImage(), ToDtype(scale=True), Normalize(mean=[0.5070751905441284, 0.48654890060424805, 0.44091784954071045], std=[0.2673342823982239, 0.2564384639263153, 0.2761504650115967])]",1000,10000,2000,0.1,128,8,16000,2000000,10.0,4,64,32,CrossEntropyLoss,SGD,CosineAnnealingLR,2000,0.6240147809982299,0.963,mean: 10.190889292538165,mean: 0.01478125000000001,1748940333.741928,2025/06/03 17:45:33,1833.6268792152405,30.6m,1374.3256006240845,1184.4100635051727,110.50790762901306,4.1108945320129395,0.1334
72,ee_tools.models.resnet_git_ee resnet18,cifar100_train,cifar100_val,100,"[ToImage(), RandomCrop(size=(32, 32), padding=[4, 4, 4, 4], pad_if_needed=False, fill=0, padding_mode=constant), RandomHorizontalFlip(p=0.5), RandomRotation(degrees=[-15.0, 15.0], interpolation=InterpolationMode.NEAREST, expand=False, fill=0), ToDtype(scale=True), Normalize(mean=[0.5070751905441284, 0.48654890060424805, 0.44091784954071045], std=[0.2673342823982239, 0.2564384639263153, 0.2761504650115967])]","[ToImage(), ToDtype(scale=True), Normalize(mean=[0.5070751905441284, 0.48654890060424805, 0.44091784954071045], std=[0.2673342823982239, 0.2564384639263153, 0.2761504650115967])]",1000,10000,2000,0.03,128,8,16000,2000000,10.0,32,1,32,CrossEntropyLoss,SGD,CosineAnnealingLR,2000,0.0032220441680401563,1.0,mean: 0.0032220441680401563,mean: 1.0,1748942205.6710896,2025/06/03 18:16:45,1871.2919428348541,31.2m,157.18997049331665,141.38157653808594,111.85506772994995,4.445837970733643,0.1437
73,ee_tools.models.resnet_git_ee resnet18,cifar100_train,cifar100_val,100,"[ToImage(), RandomCrop(size=(32, 32), padding=[4, 4, 4, 4], pad_if_needed=False, fill=0, padding_mode=constant), RandomHorizontalFlip(p=0.5), RandomRotation(degrees=[-15.0, 15.0], interpolation=InterpolationMode.NEAREST, expand=False, fill=0), ToDtype(scale=True), Normalize(mean=[0.5070751905441284, 0.48654890060424805, 0.44091784954071045], std=[0.2673342823982239, 0.2564384639263153, 0.2761504650115967])]","[ToImage(), ToDtype(scale=True), Normalize(mean=[0.5070751905441284, 0.48654890060424805, 0.44091784954071045], std=[0.2673342823982239, 0.2564384639263153, 0.2761504650115967])]",1000,10000,2000,0.03,128,8,16000,2000000,10.0,4,64,32,CrossEntropyLoss,SGD,CosineAnnealingLR,2000,0.6318293919563294,0.97,mean: 9.339272564113138,mean: 0.018359375000000004,1748942205.6710896,2025/06/03 18:16:45,1871.2919428348541,31.2m,1402.788934469223,1209.7869877815247,111.85506772994995,4.271101457977295,0.1116
74,ee_tools.models.resnet_git_ee resnet18,cifar100_train,cifar100_val,100,"[ToImage(), RandomCrop(size=(32, 32), padding=[4, 4, 4, 4], pad_if_needed=False, fill=0, padding_mode=constant), RandomHorizontalFlip(p=0.5), RandomRotation(degrees=[-15.0, 15.0], interpolation=InterpolationMode.NEAREST, expand=False, fill=0), ToDtype(scale=True), Normalize(mean=[0.5070751905441284, 0.48654890060424805, 0.44091784954071045], std=[0.2673342823982239, 0.2564384639263153, 0.2761504650115967])]","[ToImage(), ToDtype(scale=True), Normalize(mean=[0.5070751905441284, 0.48654890060424805, 0.44091784954071045], std=[0.2673342823982239, 0.2564384639263153, 0.2761504650115967])]",1000,10000,2000,0.01,128,8,16000,2000000,10.0,32,1,32,CrossEntropyLoss,SGD,CosineAnnealingLR,2000,0.003897182067856193,1.0,mean: 0.003897182067856193,mean: 1.0,1748944075.2157395,2025/06/03 18:47:55,1868.8938527107239,31.1m,156.41357827186584,140.64731097221375,111.16939973831177,5.096681985473633,0.1277
75,ee_tools.models.resnet_git_ee resnet18,cifar100_train,cifar100_val,100,"[ToImage(), RandomCrop(size=(32, 32), padding=[4, 4, 4, 4], pad_if_needed=False, fill=0, padding_mode=constant), RandomHorizontalFlip(p=0.5), RandomRotation(degrees=[-15.0, 15.0], interpolation=InterpolationMode.NEAREST, expand=False, fill=0), ToDtype(scale=True), Normalize(mean=[0.5070751905441284, 0.48654890060424805, 0.44091784954071045], std=[0.2673342823982239, 0.2564384639263153, 0.2761504650115967])]","[ToImage(), ToDtype(scale=True), Normalize(mean=[0.5070751905441284, 0.48654890060424805, 0.44091784954071045], std=[0.2673342823982239, 0.2564384639263153, 0.2761504650115967])]",1000,10000,2000,0.01,128,8,16000,2000000,10.0,4,64,32,CrossEntropyLoss,SGD,CosineAnnealingLR,2000,3.0456211547851564,0.408,mean: 6.1436609976887695,mean: 0.018703125000000004,1748944075.2157395,2025/06/03 18:47:55,1868.8938527107239,31.1m,1399.6162486076355,1206.6831412315369,111.16939973831177,4.044702775955201,0.1161
76,ee_tools.models.resnet_git_ee resnet18,cifar100_train,cifar100_val,100,"[ToImage(), RandomCrop(size=(32, 32), padding=[4, 4, 4, 4], pad_if_needed=False, fill=0, padding_mode=constant), RandomHorizontalFlip(p=0.5), RandomRotation(degrees=[-15.0, 15.0], interpolation=InterpolationMode.NEAREST, expand=False, fill=0), ToDtype(scale=True), Normalize(mean=[0.5070751905441284, 0.48654890060424805, 0.44091784954071045], std=[0.2673342823982239, 0.2564384639263153, 0.2761504650115967])]","[ToImage(), ToDtype(scale=True), Normalize(mean=[0.5070751905441284, 0.48654890060424805, 0.44091784954071045], std=[0.2673342823982239, 0.2564384639263153, 0.2761504650115967])]",1000,10000,2000,0.003,128,8,16000,2000000,10.0,32,1,32,CrossEntropyLoss,SGD,CosineAnnealingLR,2000,0.007864542014896869,1.0,mean: 0.007864542014896869,mean: 1.0,1748945926.790313,2025/06/03 19:18:46,1850.9211876392365,30.8m,155.4514937400818,139.7060022354126,110.44668364524841,6.192263449859619,0.1213
77,ee_tools.models.resnet_git_ee resnet18,cifar100_train,cifar100_val,100,"[ToImage(), RandomCrop(size=(32, 32), padding=[4, 4, 4, 4], pad_if_needed=False, fill=0, padding_mode=constant), RandomHorizontalFlip(p=0.5), RandomRotation(degrees=[-15.0, 15.0], interpolation=InterpolationMode.NEAREST, expand=False, fill=0), ToDtype(scale=True), Normalize(mean=[0.5070751905441284, 0.48654890060424805, 0.44091784954071045], std=[0.2673342823982239, 0.2564384639263153, 0.2761504650115967])]","[ToImage(), ToDtype(scale=True), Normalize(mean=[0.5070751905441284, 0.48654890060424805, 0.44091784954071045], std=[0.2673342823982239, 0.2564384639263153, 0.2761504650115967])]",1000,10000,2000,0.003,128,8,16000,2000000,10.0,4,64,32,CrossEntropyLoss,SGD,CosineAnnealingLR,2000,4.282077491760254,0.075,mean: 4.843219553172589,mean: 0.01657812500000001,1748945926.790313,2025/06/03 19:18:46,1850.9211876392365,30.8m,1383.184599161148,1191.554675579071,110.44668364524841,4.363794551086426,0.0521
78,ee_tools.models.resnet_git_ee resnet18,cifar100_train,cifar100_val,100,"[ToImage(), RandomCrop(size=(32, 32), padding=[4, 4, 4, 4], pad_if_needed=False, fill=0, padding_mode=constant), RandomHorizontalFlip(p=0.5), RandomRotation(degrees=[-15.0, 15.0], interpolation=InterpolationMode.NEAREST, expand=False, fill=0), ToDtype(scale=True), Normalize(mean=[0.5070751905441284, 0.48654890060424805, 0.44091784954071045], std=[0.2673342823982239, 0.2564384639263153, 0.2761504650115967])]","[ToImage(), ToDtype(scale=True), Normalize(mean=[0.5070751905441284, 0.48654890060424805, 0.44091784954071045], std=[0.2673342823982239, 0.2564384639263153, 0.2761504650115967])]",1000,10000,2000,0.001,128,8,16000,2000000,10.0,32,1,32,CrossEntropyLoss,SGD,CosineAnnealingLR,2000,0.016323418319225312,0.999,mean: 0.016323418319225312,mean: 0.999,1748947770.383741,2025/06/03 19:49:30,1842.9466722011566,30.7m,154.43327236175537,138.80152416229248,110.2761824131012,6.76879309463501,0.1117
79,ee_tools.models.resnet_git_ee resnet18,cifar100_train,cifar100_val,100,"[ToImage(), RandomCrop(size=(32, 32), padding=[4, 4, 4, 4], pad_if_needed=False, fill=0, padding_mode=constant), RandomHorizontalFlip(p=0.5), RandomRotation(degrees=[-15.0, 15.0], interpolation=InterpolationMode.NEAREST, expand=False, fill=0), ToDtype(scale=True), Normalize(mean=[0.5070751905441284, 0.48654890060424805, 0.44091784954071045], std=[0.2673342823982239, 0.2564384639263153, 0.2761504650115967])]","[ToImage(), ToDtype(scale=True), Normalize(mean=[0.5070751905441284, 0.48654890060424805, 0.44091784954071045], std=[0.2673342823982239, 0.2564384639263153, 0.2761504650115967])]",1000,10000,2000,0.001,128,8,16000,2000000,10.0,4,64,32,CrossEntropyLoss,SGD,CosineAnnealingLR,2000,4.515820156097412,0.048,mean: 4.670558994352818,mean: 0.013328125000000008,1748947770.383741,2025/06/03 19:49:30,1842.9466722011566,30.7m,1375.4637446403503,1184.8066701889038,110.2761824131012,4.532320761108399,0.0389
80,ee_tools.models.resnet_git_ee resnet18,cifar100_train,cifar100_val,100,"[ToImage(), RandomCrop(size=(32, 32), padding=[4, 4, 4, 4], pad_if_needed=False, fill=0, padding_mode=constant), RandomHorizontalFlip(p=0.5), RandomRotation(degrees=[-15.0, 15.0], interpolation=InterpolationMode.NEAREST, expand=False, fill=0), ToDtype(scale=True), Normalize(mean=[0.5070751905441284, 0.48654890060424805, 0.44091784954071045], std=[0.2673342823982239, 0.2564384639263153, 0.2761504650115967])]","[ToImage(), ToDtype(scale=True), Normalize(mean=[0.5070751905441284, 0.48654890060424805, 0.44091784954071045], std=[0.2673342823982239, 0.2564384639263153, 0.2761504650115967])]",500,10000,4000,3.0,128,4,16000,2000000,5.0,32,1,32,CrossEntropyLoss,SGD,CosineAnnealingLR,1120,1.9043545894622802,0.464,mean: 1.9043545894622802,mean: 0.464,1748948357.645081,2025/06/03 19:59:17,586.5890173912048,9.8m,47.47035884857178,43.06982445716858,61.459922313690186,9.229050102233886,0.0464
81,ee_tools.models.resnet_git_ee resnet18,cifar100_train,cifar100_val,100,"[ToImage(), RandomCrop(size=(32, 32), padding=[4, 4, 4, 4], pad_if_needed=False, fill=0, padding_mode=constant), RandomHorizontalFlip(p=0.5), RandomRotation(degrees=[-15.0, 15.0], interpolation=InterpolationMode.NEAREST, expand=False, fill=0), ToDtype(scale=True), Normalize(mean=[0.5070751905441284, 0.48654890060424805, 0.44091784954071045], std=[0.2673342823982239, 0.2564384639263153, 0.2761504650115967])]","[ToImage(), ToDtype(scale=True), Normalize(mean=[0.5070751905441284, 0.48654890060424805, 0.44091784954071045], std=[0.2673342823982239, 0.2564384639263153, 0.2761504650115967])]",500,10000,4000,3.0,128,4,16000,2000000,5.0,4,64,32,CrossEntropyLoss,SGD,CosineAnnealingLR,1120,3.7167504405975342,0.132,mean: 7.236833905398846,mean: 0.010593750000000008,1748948357.645081,2025/06/03 19:59:17,586.5890173912048,9.8m,392.3311097621918,338.4234380722046,61.459922313690186,4.534563311004638,0.0361
