run_id,model_arc,train_dataset,val_dataset,num_classes,train_trans,val_trans,train_ndata,val_ndata,epochs,max_lr,wd,batch_size,iters/epoch,iters,processed_ndata,ndata_per_class,div,ensembles,scale_ch,num_params,criterion,optimizer,scheduler,step,epoch,lr,train_loss,train_acc,val_loss,val_acc,dur_total_core,dur_total_core_fmt,dur_train_core,dur_train_core_fmt,dur_total,dur_total_fmt,dur_train,dur_train_fmt,progress
run_2025-12-09_05-23-24_619280,convnext_tiny,cifar100_train,cifar100_val,100,"[ToImage(), RandomCrop(size=(32, 32), padding=[4, 4, 4, 4], pad_if_needed=False, fill=0, padding_mode=constant), RandomHorizontalFlip(p=0.5), ToDtype(scale=True), Normalize(mean=[0.5070751905441284, 0.48654890060424805, 0.44091784954071045], std=[0.26733431220054626, 0.2564384937286377, 0.27615049481391907], inplace=True)]","[ToImage(), ToDtype(scale=True), Normalize(mean=[0.5070751905441284, 0.48654890060424805, 0.44091784954071045], std=[0.26733431220054626, 0.2564384937286377, 0.27615049481391907], inplace=True)]",50000,10000,200,0.005,0.001,48,1042,208400,10000000,500.0,1,1,1.0,27895012,CrossEntropyLoss,AdamW,CosineAnnealingLR,last: 200,last: 200,last: 3.0841879584853064e-7,last: 0.005897888450145456,last: 0.9981,last: 4.663758399391174,last: 0.6498,last: 4388.4674298763275,last: 1.2h,last: 4286.807474851608,last: 1.2h,last: 4513.66854929924,last: 1.3h,last: 4360.327372550964,last: 1.2h,last: 100.0%
run_2025-12-09_05-23-25_486716,convnext_tiny,cifar100_train,cifar100_val,100,"[ToImage(), RandomCrop(size=(32, 32), padding=[4, 4, 4, 4], pad_if_needed=False, fill=0, padding_mode=constant), RandomHorizontalFlip(p=0.5), ToDtype(scale=True), Normalize(mean=[0.5070751905441284, 0.48654890060424805, 0.44091784954071045], std=[0.26733431220054626, 0.2564384937286377, 0.27615049481391907], inplace=True)]","[ToImage(), ToDtype(scale=True), Normalize(mean=[0.5070751905441284, 0.48654890060424805, 0.44091784954071045], std=[0.26733431220054626, 0.2564384937286377, 0.27615049481391907], inplace=True)]",50000,10000,200,0.005,0.001,48,1042,208400,10000000,500.0,2,4,0.5,28363408,CrossEntropyLoss,AdamW,CosineAnnealingLR,last: 200,last: 200,last: 3.0841879584853064e-7,last: 0.008621990193030506,last: 0.99746,last: 3.0922659269332886,last: 0.6314,last: 7368.187552690506,last: 2.0h,last: 7187.726460695267,last: 2.0h,last: 7463.914053201675,last: 2.1h,last: 7266.80286192894,last: 2.0h,last: 100.0%
run_2025-12-09_05-23-25_702178,convnext_tiny,cifar100_train,cifar100_val,100,"[ToImage(), RandomCrop(size=(32, 32), padding=[4, 4, 4, 4], pad_if_needed=False, fill=0, padding_mode=constant), RandomHorizontalFlip(p=0.5), ToDtype(scale=True), Normalize(mean=[0.5070751905441284, 0.48654890060424805, 0.44091784954071045], std=[0.26733431220054626, 0.2564384937286377, 0.27615049481391907], inplace=True)]","[ToImage(), ToDtype(scale=True), Normalize(mean=[0.5070751905441284, 0.48654890060424805, 0.44091784954071045], std=[0.26733431220054626, 0.2564384937286377, 0.27615049481391907], inplace=True)]",50000,10000,200,0.005,0.001,48,1042,208400,10000000,500.0,4,16,0.25,29300800,CrossEntropyLoss,AdamW,CosineAnnealingLR,last: 200,last: 200,last: 3.0841879584853064e-7,last: 0.008146991414123913,last: 0.99772,last: 2.6086815083503723,last: 0.6426,last: 12270.845887422562,last: 3.4h,last: 11982.156970977783,last: 3.3h,last: 12376.753960132599,last: 3.4h,last: 12072.60895395279,last: 3.4h,last: 100.0%
run_2025-12-09_05-23-25_936826,convnext_tiny,cifar100_train,cifar100_val,100,"[ToImage(), RandomCrop(size=(32, 32), padding=[4, 4, 4, 4], pad_if_needed=False, fill=0, padding_mode=constant), RandomHorizontalFlip(p=0.5), ToDtype(scale=True), Normalize(mean=[0.5070751905441284, 0.48654890060424805, 0.44091784954071045], std=[0.26733431220054626, 0.2564384937286377, 0.27615049481391907], inplace=True)]","[ToImage(), ToDtype(scale=True), Normalize(mean=[0.5070751905441284, 0.48654890060424805, 0.44091784954071045], std=[0.26733431220054626, 0.2564384937286377, 0.27615049481391907], inplace=True)]",50000,10000,200,0.005,0.001,48,1042,208400,10000000,500.0,16,256,0.0625,34941952,CrossEntropyLoss,AdamW,CosineAnnealingLR,last: 200,last: 200,last: 3.0841879584853064e-7,last: 0.11194974707216024,last: 0.97252,last: 1.9780032707214354,last: 0.607,last: 63936.056906700134,last: 17.8h,last: 62008.89994454384,last: 17.2h,last: 64085.6159799099,last: 17.8h,last: 62142.21988224983,last: 17.3h,last: 100.0%
run_2025-12-09_05-23-26_105258,convnext_tiny,cifar100_train,cifar100_val,100,"[ToImage(), RandomCrop(size=(32, 32), padding=[4, 4, 4, 4], pad_if_needed=False, fill=0, padding_mode=constant), RandomHorizontalFlip(p=0.5), ToDtype(scale=True), Normalize(mean=[0.5070751905441284, 0.48654890060424805, 0.44091784954071045], std=[0.26733431220054626, 0.2564384937286377, 0.27615049481391907], inplace=True)]","[ToImage(), ToDtype(scale=True), Normalize(mean=[0.5070751905441284, 0.48654890060424805, 0.44091784954071045], std=[0.26733431220054626, 0.2564384937286377, 0.27615049481391907], inplace=True)]",50000,10000,200,0.005,0.001,48,1042,208400,10000000,500.0,8,64,0.125,31177984,CrossEntropyLoss,AdamW,CosineAnnealingLR,last: 200,last: 200,last: 3.0841879584853064e-7,last: 0.01727324944941327,last: 0.9956,last: 2.1801219180107116,last: 0.6439,last: 24752.40764760971,last: 6.9h,last: 24152.350023031235,last: 6.7h,last: 24876.965233802795,last: 6.9h,last: 24260.823877334595,last: 6.7h,last: 100.0%
run_2025-12-09_05-23-26_222608,convnext_tiny,cifar100_train,cifar100_val,100,"[ToImage(), RandomCrop(size=(32, 32), padding=[4, 4, 4, 4], pad_if_needed=False, fill=0, padding_mode=constant), RandomHorizontalFlip(p=0.5), ToDtype(scale=True), Normalize(mean=[0.5070751905441284, 0.48654890060424805, 0.44091784954071045], std=[0.26733431220054626, 0.2564384937286377, 0.27615049481391907], inplace=True)]","[ToImage(), ToDtype(scale=True), Normalize(mean=[0.5070751905441284, 0.48654890060424805, 0.44091784954071045], std=[0.26733431220054626, 0.2564384937286377, 0.27615049481391907], inplace=True)]",50000,10000,200,0.005,0.001,48,1042,208400,10000000,500.0,32,1024,0.03125,42508288,CrossEntropyLoss,AdamW,CosineAnnealingLR,last: 116,last: 116,last: 0.0019163865903602357,last: 1.1302277031898498,last: 0.67892,last: 1.7774955646514892,last: 0.5321,last: 107073.33562779427,last: 1.2d,last: 103718.6042842865,last: 1.2d,last: 107176.82428884506,last: 1.2d,last: 103809.06578826904,last: 1.2d,last: 58.0%
run_2025-12-09_05-23-26_354590,convnext_tiny,cifar100_train,cifar100_val,100,"[ToImage(), RandomCrop(size=(32, 32), padding=[4, 4, 4, 4], pad_if_needed=False, fill=0, padding_mode=constant), RandomHorizontalFlip(p=0.5), ToDtype(scale=True), Normalize(mean=[0.5070751905441284, 0.48654890060424805, 0.44091784954071045], std=[0.26733431220054626, 0.2564384937286377, 0.27615049481391907], inplace=True)]","[ToImage(), ToDtype(scale=True), Normalize(mean=[0.5070751905441284, 0.48654890060424805, 0.44091784954071045], std=[0.26733431220054626, 0.2564384937286377, 0.27615049481391907], inplace=True)]",20000,10000,200,0.005,0.001,48,417,83400,4000000,200.0,1,1,1.0,27895012,CrossEntropyLoss,AdamW,CosineAnnealingLR,last: 200,last: 200,last: 3.0841879584853064e-7,last: 0.006999350697078649,last: 0.998,last: 6.070738415527344,last: 0.476,last: 1809.269408941269,last: 30.2m,last: 1707.3212356567383,last: 28.5m,last: 1891.5006325244904,last: 31.5m,last: 1738.210836648941,last: 29.0m,last: 100.0%
run_2025-12-09_05-55-20_682213,convnext_tiny,cifar100_train,cifar100_val,100,"[ToImage(), RandomCrop(size=(32, 32), padding=[4, 4, 4, 4], pad_if_needed=False, fill=0, padding_mode=constant), RandomHorizontalFlip(p=0.5), ToDtype(scale=True), Normalize(mean=[0.5070751905441284, 0.48654890060424805, 0.44091784954071045], std=[0.26733431220054626, 0.2564384937286377, 0.27615049481391907], inplace=True)]","[ToImage(), ToDtype(scale=True), Normalize(mean=[0.5070751905441284, 0.48654890060424805, 0.44091784954071045], std=[0.26733431220054626, 0.2564384937286377, 0.27615049481391907], inplace=True)]",20000,10000,200,0.005,0.001,48,417,83400,4000000,200.0,2,4,0.5,28363408,CrossEntropyLoss,AdamW,CosineAnnealingLR,last: 200,last: 200,last: 3.0841879584853064e-7,last: 0.009139652095333076,last: 0.9977,last: 4.5121755725860595,last: 0.5023,last: 3053.728710412979,last: 50.9m,last: 2878.2507362365723,last: 48.0m,last: 3106.4325547218323,last: 51.8m,last: 2914.965108156204,last: 48.6m,last: 100.0%
run_2025-12-09_06-39-02_978885,convnext_tiny,cifar100_train,cifar100_val,100,"[ToImage(), RandomCrop(size=(32, 32), padding=[4, 4, 4, 4], pad_if_needed=False, fill=0, padding_mode=constant), RandomHorizontalFlip(p=0.5), ToDtype(scale=True), Normalize(mean=[0.5070751905441284, 0.48654890060424805, 0.44091784954071045], std=[0.26733431220054626, 0.2564384937286377, 0.27615049481391907], inplace=True)]","[ToImage(), ToDtype(scale=True), Normalize(mean=[0.5070751905441284, 0.48654890060424805, 0.44091784954071045], std=[0.26733431220054626, 0.2564384937286377, 0.27615049481391907], inplace=True)]",20000,10000,200,0.005,0.001,48,417,83400,4000000,200.0,4,16,0.25,29300800,CrossEntropyLoss,AdamW,CosineAnnealingLR,last: 200,last: 200,last: 3.0841879584853064e-7,last: 0.009372607756819343,last: 0.9975,last: 3.8502270666122436,last: 0.5085,last: 5131.811298370361,last: 1.4h,last: 4843.377884149551,last: 1.3h,last: 5187.359091997147,last: 1.4h,last: 4884.260208845139,last: 1.4h,last: 100.0%
run_2025-12-09_06-47-30_641730,convnext_tiny,cifar100_train,cifar100_val,100,"[ToImage(), RandomCrop(size=(32, 32), padding=[4, 4, 4, 4], pad_if_needed=False, fill=0, padding_mode=constant), RandomHorizontalFlip(p=0.5), ToDtype(scale=True), Normalize(mean=[0.5070751905441284, 0.48654890060424805, 0.44091784954071045], std=[0.26733431220054626, 0.2564384937286377, 0.27615049481391907], inplace=True)]","[ToImage(), ToDtype(scale=True), Normalize(mean=[0.5070751905441284, 0.48654890060424805, 0.44091784954071045], std=[0.26733431220054626, 0.2564384937286377, 0.27615049481391907], inplace=True)]",20000,10000,200,0.005,0.001,48,417,83400,4000000,200.0,8,64,0.125,31177984,CrossEntropyLoss,AdamW,CosineAnnealingLR,last: 200,last: 200,last: 3.0841879584853064e-7,last: 0.023699692528136074,last: 0.9943,last: 3.2607402675628663,last: 0.5025,last: 10261.205823421478,last: 2.9h,last: 9665.142272472382,last: 2.7h,last: 10323.981839418411,last: 2.9h,last: 9712.767584085464,last: 2.7h,last: 100.0%
run_2025-12-09_07-28-13_044384,convnext_tiny,cifar100_train,cifar100_val,100,"[ToImage(), RandomCrop(size=(32, 32), padding=[4, 4, 4, 4], pad_if_needed=False, fill=0, padding_mode=constant), RandomHorizontalFlip(p=0.5), ToDtype(scale=True), Normalize(mean=[0.5070751905441284, 0.48654890060424805, 0.44091784954071045], std=[0.26733431220054626, 0.2564384937286377, 0.27615049481391907], inplace=True)]","[ToImage(), ToDtype(scale=True), Normalize(mean=[0.5070751905441284, 0.48654890060424805, 0.44091784954071045], std=[0.26733431220054626, 0.2564384937286377, 0.27615049481391907], inplace=True)]",20000,10000,200,0.005,0.001,48,417,83400,4000000,200.0,16,256,0.0625,34941952,CrossEntropyLoss,AdamW,CosineAnnealingLR,last: 200,last: 200,last: 3.0841879584853064e-7,last: 0.18213106141388416,last: 0.9567,last: 2.8606246141433718,last: 0.4575,last: 26717.845386981964,last: 7.4h,last: 24805.43527531624,last: 6.9h,last: 26792.628061056137,last: 7.4h,last: 24865.161493062973,last: 6.9h,last: 100.0%
run_2025-12-09_08-05-54_745087,convnext_tiny,cifar100_train,cifar100_val,100,"[ToImage(), RandomCrop(size=(32, 32), padding=[4, 4, 4, 4], pad_if_needed=False, fill=0, padding_mode=constant), RandomHorizontalFlip(p=0.5), ToDtype(scale=True), Normalize(mean=[0.5070751905441284, 0.48654890060424805, 0.44091784954071045], std=[0.26733431220054626, 0.2564384937286377, 0.27615049481391907], inplace=True)]","[ToImage(), ToDtype(scale=True), Normalize(mean=[0.5070751905441284, 0.48654890060424805, 0.44091784954071045], std=[0.26733431220054626, 0.2564384937286377, 0.27615049481391907], inplace=True)]",20000,10000,200,0.005,0.001,48,417,83400,4000000,200.0,32,1024,0.03125,42508288,CrossEntropyLoss,AdamW,CosineAnnealingLR,last: 200,last: 200,last: 3.0841879584853064e-7,last: 0.8829525616168976,last: 0.7619,last: 2.3994904720306396,last: 0.4318,last: 77796.20735502243,last: 21.6h,last: 72186.61766219139,last: 20.1h,last: 77882.0653398037,last: 21.6h,last: 72254.55717945099,last: 20.1h,last: 100.0%
run_2025-12-09_08-50-06_563305,convnext_tiny,cifar100_train,cifar100_val,100,"[ToImage(), RandomCrop(size=(32, 32), padding=[4, 4, 4, 4], pad_if_needed=False, fill=0, padding_mode=constant), RandomHorizontalFlip(p=0.5), ToDtype(scale=True), Normalize(mean=[0.5070751905441284, 0.48654890060424805, 0.44091784954071045], std=[0.26733431220054626, 0.2564384937286377, 0.27615049481391907], inplace=True)]","[ToImage(), ToDtype(scale=True), Normalize(mean=[0.5070751905441284, 0.48654890060424805, 0.44091784954071045], std=[0.26733431220054626, 0.2564384937286377, 0.27615049481391907], inplace=True)]",10000,10000,200,0.005,0.001,48,209,41800,2000000,100.0,1,1,1.0,27895012,CrossEntropyLoss,AdamW,CosineAnnealingLR,last: 200,last: 200,last: 3.0841879584853064e-7,last: 0.013697736012857967,last: 0.9961,last: 7.643636524963379,last: 0.3642,last: 980.3688023090363,last: 16.3m,last: 880.8490312099457,last: 14.7m,last: 1051.937519311905,last: 17.5m,last: 900.7299389839172,last: 15.0m,last: 100.0%
run_2025-12-09_09-08-02_439302,convnext_tiny,cifar100_train,cifar100_val,100,"[ToImage(), RandomCrop(size=(32, 32), padding=[4, 4, 4, 4], pad_if_needed=False, fill=0, padding_mode=constant), RandomHorizontalFlip(p=0.5), ToDtype(scale=True), Normalize(mean=[0.5070751905441284, 0.48654890060424805, 0.44091784954071045], std=[0.26733431220054626, 0.2564384937286377, 0.27615049481391907], inplace=True)]","[ToImage(), ToDtype(scale=True), Normalize(mean=[0.5070751905441284, 0.48654890060424805, 0.44091784954071045], std=[0.26733431220054626, 0.2564384937286377, 0.27615049481391907], inplace=True)]",10000,10000,200,0.005,0.001,48,209,41800,2000000,100.0,2,4,0.5,28363408,CrossEntropyLoss,AdamW,CosineAnnealingLR,last: 200,last: 200,last: 3.0841879584853064e-7,last: 0.014404259435192216,last: 0.9955,last: 6.548653563690186,last: 0.3337,last: 1659.6430399417877,last: 27.7m,last: 1482.447203874588,last: 24.7m,last: 1696.7239258289337,last: 28.3m,last: 1504.2291324138641,last: 25.1m,last: 100.0%
run_2025-12-09_09-36-44_612160,convnext_tiny,cifar100_train,cifar100_val,100,"[ToImage(), RandomCrop(size=(32, 32), padding=[4, 4, 4, 4], pad_if_needed=False, fill=0, padding_mode=constant), RandomHorizontalFlip(p=0.5), ToDtype(scale=True), Normalize(mean=[0.5070751905441284, 0.48654890060424805, 0.44091784954071045], std=[0.26733431220054626, 0.2564384937286377, 0.27615049481391907], inplace=True)]","[ToImage(), ToDtype(scale=True), Normalize(mean=[0.5070751905441284, 0.48654890060424805, 0.44091784954071045], std=[0.26733431220054626, 0.2564384937286377, 0.27615049481391907], inplace=True)]",10000,10000,200,0.005,0.001,48,209,41800,2000000,100.0,4,16,0.25,29300800,CrossEntropyLoss,AdamW,CosineAnnealingLR,last: 200,last: 200,last: 3.0841879584853064e-7,last: 0.015878861193638294,last: 0.9958,last: 5.117616469192505,last: 0.3661,last: 2707.3335955142975,last: 45.1m,last: 2425.35951089859,last: 40.4m,last: 2747.9848539829254,last: 45.8m,last: 2450.926903963089,last: 40.8m,last: 100.0%
run_2025-12-09_09-39-59_866674,convnext_tiny,cifar100_train,cifar100_val,100,"[ToImage(), RandomCrop(size=(32, 32), padding=[4, 4, 4, 4], pad_if_needed=False, fill=0, padding_mode=constant), RandomHorizontalFlip(p=0.5), ToDtype(scale=True), Normalize(mean=[0.5070751905441284, 0.48654890060424805, 0.44091784954071045], std=[0.26733431220054626, 0.2564384937286377, 0.27615049481391907], inplace=True)]","[ToImage(), ToDtype(scale=True), Normalize(mean=[0.5070751905441284, 0.48654890060424805, 0.44091784954071045], std=[0.26733431220054626, 0.2564384937286377, 0.27615049481391907], inplace=True)]",10000,10000,200,0.005,0.001,48,209,41800,2000000,100.0,8,64,0.125,31177984,CrossEntropyLoss,AdamW,CosineAnnealingLR,last: 200,last: 200,last: 3.0841879584853064e-7,last: 0.04961994583830237,last: 0.9884,last: 4.407778582382202,last: 0.3572,last: 5448.249281644821,last: 1.5h,last: 4852.92892074585,last: 1.3h,last: 5491.827200651169,last: 1.5h,last: 4881.449055433273,last: 1.4h,last: 100.0%
run_2025-12-09_10-22-57_728376,convnext_tiny,cifar100_train,cifar100_val,100,"[ToImage(), RandomCrop(size=(32, 32), padding=[4, 4, 4, 4], pad_if_needed=False, fill=0, padding_mode=constant), RandomHorizontalFlip(p=0.5), ToDtype(scale=True), Normalize(mean=[0.5070751905441284, 0.48654890060424805, 0.44091784954071045], std=[0.26733431220054626, 0.2564384937286377, 0.27615049481391907], inplace=True)]","[ToImage(), ToDtype(scale=True), Normalize(mean=[0.5070751905441284, 0.48654890060424805, 0.44091784954071045], std=[0.26733431220054626, 0.2564384937286377, 0.27615049481391907], inplace=True)]",10000,10000,200,0.005,0.001,48,209,41800,2000000,100.0,16,256,0.0625,34941952,CrossEntropyLoss,AdamW,CosineAnnealingLR,last: 200,last: 200,last: 3.0841879584853064e-7,last: 0.237820920586586,last: 0.9499,last: 3.585677402114868,last: 0.3382,last: 14435.057889223099,last: 4.0h,last: 12512.970533370972,last: 3.5h,last: 14485.72609257698,last: 4.0h,last: 12548.612185239792,last: 3.5h,last: 100.0%
run_2025-12-09_11-11-56_456216,convnext_tiny,cifar100_train,cifar100_val,100,"[ToImage(), RandomCrop(size=(32, 32), padding=[4, 4, 4, 4], pad_if_needed=False, fill=0, padding_mode=constant), RandomHorizontalFlip(p=0.5), ToDtype(scale=True), Normalize(mean=[0.5070751905441284, 0.48654890060424805, 0.44091784954071045], std=[0.26733431220054626, 0.2564384937286377, 0.27615049481391907], inplace=True)]","[ToImage(), ToDtype(scale=True), Normalize(mean=[0.5070751905441284, 0.48654890060424805, 0.44091784954071045], std=[0.26733431220054626, 0.2564384937286377, 0.27615049481391907], inplace=True)]",10000,10000,200,0.005,0.001,48,209,41800,2000000,100.0,32,1024,0.03125,42508288,CrossEntropyLoss,AdamW,CosineAnnealingLR,last: 200,last: 200,last: 3.0841879584853064e-7,last: 0.8675479452133179,last: 0.7857,last: 3.0722071464538576,last: 0.3178,last: 41610.22630953789,last: 11.6h,last: 36048.48110818863,last: 10.0h,last: 41666.34576678276,last: 11.6h,last: 36087.485428094864,last: 10.0h,last: 100.0%
run_2025-12-09_12-18-28_867261,convnext_tiny,cifar100_train,cifar100_val,100,"[ToImage(), RandomCrop(size=(32, 32), padding=[4, 4, 4, 4], pad_if_needed=False, fill=0, padding_mode=constant), RandomHorizontalFlip(p=0.5), ToDtype(scale=True), Normalize(mean=[0.5070751905441284, 0.48654890060424805, 0.44091784954071045], std=[0.26733431220054626, 0.2564384937286377, 0.27615049481391907], inplace=True)]","[ToImage(), ToDtype(scale=True), Normalize(mean=[0.5070751905441284, 0.48654890060424805, 0.44091784954071045], std=[0.26733431220054626, 0.2564384937286377, 0.27615049481391907], inplace=True)]",5000,10000,400,0.005,0.001,48,105,42000,2000000,50.0,1,1,1.0,27895012,CrossEntropyLoss,AdamW,CosineAnnealingLR,last: 400,last: 400,last: 7.710588802584138e-8,last: 0.00532234707873854,last: 0.999,last: 10.479688111114502,last: 0.2573,last: 966.1118252277374,last: 16.1m,last: 866.4223856925964,last: 14.4m,last: 1045.6046900749207,last: 17.4m,last: 894.5889232158661,last: 14.9m,last: 100.0%
run_2025-12-09_12-36-22_431509,convnext_tiny,cifar100_train,cifar100_val,100,"[ToImage(), RandomCrop(size=(32, 32), padding=[4, 4, 4, 4], pad_if_needed=False, fill=0, padding_mode=constant), RandomHorizontalFlip(p=0.5), ToDtype(scale=True), Normalize(mean=[0.5070751905441284, 0.48654890060424805, 0.44091784954071045], std=[0.26733431220054626, 0.2564384937286377, 0.27615049481391907], inplace=True)]","[ToImage(), ToDtype(scale=True), Normalize(mean=[0.5070751905441284, 0.48654890060424805, 0.44091784954071045], std=[0.26733431220054626, 0.2564384937286377, 0.27615049481391907], inplace=True)]",5000,10000,400,0.005,0.001,48,105,42000,2000000,50.0,2,4,0.5,28363408,CrossEntropyLoss,AdamW,CosineAnnealingLR,last: 400,last: 400,last: 7.710588802584138e-8,last: 0.004584888373833019,last: 0.999,last: 8.309084741973876,last: 0.2559,last: 1647.8833956718445,last: 27.5m,last: 1472.063577413559,last: 24.5m,last: 1693.8725328445435,last: 28.2m,last: 1502.7610783576965,last: 25.0m,last: 100.0%
run_2025-12-09_13-05-02_934096,convnext_tiny,cifar100_train,cifar100_val,100,"[ToImage(), RandomCrop(size=(32, 32), padding=[4, 4, 4, 4], pad_if_needed=False, fill=0, padding_mode=constant), RandomHorizontalFlip(p=0.5), ToDtype(scale=True), Normalize(mean=[0.5070751905441284, 0.48654890060424805, 0.44091784954071045], std=[0.26733431220054626, 0.2564384937286377, 0.27615049481391907], inplace=True)]","[ToImage(), ToDtype(scale=True), Normalize(mean=[0.5070751905441284, 0.48654890060424805, 0.44091784954071045], std=[0.26733431220054626, 0.2564384937286377, 0.27615049481391907], inplace=True)]",5000,10000,400,0.005,0.001,48,105,42000,2000000,50.0,4,16,0.25,29300800,CrossEntropyLoss,AdamW,CosineAnnealingLR,last: 400,last: 400,last: 7.710588802584138e-8,last: 0.00870304321028525,last: 0.9984,last: 7.215701006317139,last: 0.2614,last: 2699.79056596756,last: 45.0m,last: 2418.6071257591248,last: 40.3m,last: 2749.3551347255707,last: 45.8m,last: 2453.091519832611,last: 40.9m,last: 100.0%
run_2025-12-09_13-51-21_918229,convnext_tiny,cifar100_train,cifar100_val,100,"[ToImage(), RandomCrop(size=(32, 32), padding=[4, 4, 4, 4], pad_if_needed=False, fill=0, padding_mode=constant), RandomHorizontalFlip(p=0.5), ToDtype(scale=True), Normalize(mean=[0.5070751905441284, 0.48654890060424805, 0.44091784954071045], std=[0.26733431220054626, 0.2564384937286377, 0.27615049481391907], inplace=True)]","[ToImage(), ToDtype(scale=True), Normalize(mean=[0.5070751905441284, 0.48654890060424805, 0.44091784954071045], std=[0.26733431220054626, 0.2564384937286377, 0.27615049481391907], inplace=True)]",5000,10000,400,0.005,0.001,48,105,42000,2000000,50.0,8,64,0.125,31177984,CrossEntropyLoss,AdamW,CosineAnnealingLR,last: 400,last: 400,last: 7.710588802584138e-8,last: 0.009231002864148468,last: 0.9978,last: 6.424824166870117,last: 0.2635,last: 5506.3164739608765,last: 1.5h,last: 4908.15030670166,last: 1.4h,last: 5559.869203090668,last: 1.5h,last: 4945.632839679718,last: 1.4h,last: 100.0%
run_2025-12-09_14-24-52_535636,convnext_tiny,cifar100_train,cifar100_val,100,"[ToImage(), RandomCrop(size=(32, 32), padding=[4, 4, 4, 4], pad_if_needed=False, fill=0, padding_mode=constant), RandomHorizontalFlip(p=0.5), ToDtype(scale=True), Normalize(mean=[0.5070751905441284, 0.48654890060424805, 0.44091784954071045], std=[0.26733431220054626, 0.2564384937286377, 0.27615049481391907], inplace=True)]","[ToImage(), ToDtype(scale=True), Normalize(mean=[0.5070751905441284, 0.48654890060424805, 0.44091784954071045], std=[0.26733431220054626, 0.2564384937286377, 0.27615049481391907], inplace=True)]",5000,10000,400,0.005,0.001,48,105,42000,2000000,50.0,16,256,0.0625,34941952,CrossEntropyLoss,AdamW,CosineAnnealingLR,last: 400,last: 400,last: 7.710588802584138e-8,last: 0.01427554857581854,last: 0.9986,last: 5.973670999145508,last: 0.2396,last: 14388.936023950577,last: 4.0h,last: 12469.397284030914,last: 3.5h,last: 14447.585006952286,last: 4.0h,last: 12512.93940615654,last: 3.5h,last: 100.0%
run_2025-12-09_14-55-12_912308,convnext_tiny,cifar100_train,cifar100_val,100,"[ToImage(), RandomCrop(size=(32, 32), padding=[4, 4, 4, 4], pad_if_needed=False, fill=0, padding_mode=constant), RandomHorizontalFlip(p=0.5), ToDtype(scale=True), Normalize(mean=[0.5070751905441284, 0.48654890060424805, 0.44091784954071045], std=[0.26733431220054626, 0.2564384937286377, 0.27615049481391907], inplace=True)]","[ToImage(), ToDtype(scale=True), Normalize(mean=[0.5070751905441284, 0.48654890060424805, 0.44091784954071045], std=[0.26733431220054626, 0.2564384937286377, 0.27615049481391907], inplace=True)]",5000,10000,400,0.005,0.001,48,105,42000,2000000,50.0,32,1024,0.03125,42508288,CrossEntropyLoss,AdamW,CosineAnnealingLR,last: 400,last: 400,last: 7.710588802584138e-8,last: 0.06064654828310013,last: 0.9932,last: 4.820342855453491,last: 0.2453,last: 41460.60984826088,last: 11.5h,last: 35890.74152112007,last: 10.0h,last: 41526.92955374718,last: 11.5h,last: 35940.09933066368,last: 10.0h,last: 100.0%
run_2025-12-09_15-24-29_888290,convnext_tiny,cifar100_train,cifar100_val,100,"[ToImage(), RandomCrop(size=(32, 32), padding=[4, 4, 4, 4], pad_if_needed=False, fill=0, padding_mode=constant), RandomHorizontalFlip(p=0.5), ToDtype(scale=True), Normalize(mean=[0.5070751905441284, 0.48654890060424805, 0.44091784954071045], std=[0.26733431220054626, 0.2564384937286377, 0.27615049481391907], inplace=True)]","[ToImage(), ToDtype(scale=True), Normalize(mean=[0.5070751905441284, 0.48654890060424805, 0.44091784954071045], std=[0.26733431220054626, 0.2564384937286377, 0.27615049481391907], inplace=True)]",2000,10000,1000,0.005,0.001,48,42,42000,2000000,20.0,1,1,1.0,27895012,CrossEntropyLoss,AdamW,CosineAnnealingLR,last: 1000,last: 1000,last: 1.2336995354467157e-8,last: 0.00491506533346336,last: 0.999,last: 13.572986041259766,last: 0.1689,last: 955.91850066185,last: 15.9m,last: 859.4343047142029,last: 14.3m,last: 1056.9018535614014,last: 17.6m,last: 907.8523619174957,last: 15.1m,last: 100.0%
run_2025-12-09_15-42-47_770804,convnext_tiny,cifar100_train,cifar100_val,100,"[ToImage(), RandomCrop(size=(32, 32), padding=[4, 4, 4, 4], pad_if_needed=False, fill=0, padding_mode=constant), RandomHorizontalFlip(p=0.5), ToDtype(scale=True), Normalize(mean=[0.5070751905441284, 0.48654890060424805, 0.44091784954071045], std=[0.26733431220054626, 0.2564384937286377, 0.27615049481391907], inplace=True)]","[ToImage(), ToDtype(scale=True), Normalize(mean=[0.5070751905441284, 0.48654890060424805, 0.44091784954071045], std=[0.26733431220054626, 0.2564384937286377, 0.27615049481391907], inplace=True)]",2000,10000,1000,0.005,0.001,48,42,42000,2000000,20.0,2,4,0.5,28363408,CrossEntropyLoss,AdamW,CosineAnnealingLR,last: 1000,last: 1000,last: 1.2336995354467157e-8,last: 0.0030704984275580502,last: 0.9995,last: 12.765517889404297,last: 0.1426,last: 1634.1186380386353,last: 27.2m,last: 1459.7043302059174,last: 24.3m,last: 1707.3225297927856,last: 28.5m,last: 1517.6275010108948,last: 25.3m,last: 100.0%
run_2025-12-09_16-11-55_279890,convnext_tiny,cifar100_train,cifar100_val,100,"[ToImage(), RandomCrop(size=(32, 32), padding=[4, 4, 4, 4], pad_if_needed=False, fill=0, padding_mode=constant), RandomHorizontalFlip(p=0.5), ToDtype(scale=True), Normalize(mean=[0.5070751905441284, 0.48654890060424805, 0.44091784954071045], std=[0.26733431220054626, 0.2564384937286377, 0.27615049481391907], inplace=True)]","[ToImage(), ToDtype(scale=True), Normalize(mean=[0.5070751905441284, 0.48654890060424805, 0.44091784954071045], std=[0.26733431220054626, 0.2564384937286377, 0.27615049481391907], inplace=True)]",2000,10000,1000,0.005,0.001,48,42,42000,2000000,20.0,4,16,0.25,29300800,CrossEntropyLoss,AdamW,CosineAnnealingLR,last: 1000,last: 1000,last: 1.2336995354467157e-8,last: 0.0005694885431985312,last: 1.0,last: 11.190353913879395,last: 0.1529,last: 2685.585344314575,last: 44.8m,last: 2404.979943752289,last: 40.1m,last: 2761.474953889847,last: 46.0m,last: 2465.4932565689087,last: 41.1m,last: 100.0%
run_2025-12-09_16-58-41_244268,convnext_tiny,cifar100_train,cifar100_val,100,"[ToImage(), RandomCrop(size=(32, 32), padding=[4, 4, 4, 4], pad_if_needed=False, fill=0, padding_mode=constant), RandomHorizontalFlip(p=0.5), ToDtype(scale=True), Normalize(mean=[0.5070751905441284, 0.48654890060424805, 0.44091784954071045], std=[0.26733431220054626, 0.2564384937286377, 0.27615049481391907], inplace=True)]","[ToImage(), ToDtype(scale=True), Normalize(mean=[0.5070751905441284, 0.48654890060424805, 0.44091784954071045], std=[0.26733431220054626, 0.2564384937286377, 0.27615049481391907], inplace=True)]",2000,10000,1000,0.005,0.001,48,42,42000,2000000,20.0,8,64,0.125,31177984,CrossEntropyLoss,AdamW,CosineAnnealingLR,last: 1000,last: 1000,last: 1.2336995354467157e-8,last: 0.0005947472405678127,last: 1.0,last: 10.287870027923583,last: 0.1514,last: 5472.617954492569,last: 1.5h,last: 4875.962249279022,last: 1.4h,last: 5555.560465812683,last: 1.5h,last: 4943.117411613464,last: 1.4h,last: 100.0%
run_2025-12-09_18-26-12_513919,convnext_tiny,cifar100_train,cifar100_val,100,"[ToImage(), RandomCrop(size=(32, 32), padding=[4, 4, 4, 4], pad_if_needed=False, fill=0, padding_mode=constant), RandomHorizontalFlip(p=0.5), ToDtype(scale=True), Normalize(mean=[0.5070751905441284, 0.48654890060424805, 0.44091784954071045], std=[0.26733431220054626, 0.2564384937286377, 0.27615049481391907], inplace=True)]","[ToImage(), ToDtype(scale=True), Normalize(mean=[0.5070751905441284, 0.48654890060424805, 0.44091784954071045], std=[0.26733431220054626, 0.2564384937286377, 0.27615049481391907], inplace=True)]",2000,10000,1000,0.005,0.001,48,42,42000,2000000,20.0,16,256,0.0625,34941952,CrossEntropyLoss,AdamW,CosineAnnealingLR,last: 1000,last: 1000,last: 1.2336995354467157e-8,last: 0.0030020698588341475,last: 0.999,last: 8.963616278076172,last: 0.1474,last: 14383.311293125153,last: 4.0h,last: 12465.587230205536,last: 3.5h,last: 14469.863413572311,last: 4.0h,last: 12537.24270105362,last: 3.5h,last: 100.0%
run_2025-12-09_18-32-02_999761,convnext_tiny,cifar100_train,cifar100_val,100,"[ToImage(), RandomCrop(size=(32, 32), padding=[4, 4, 4, 4], pad_if_needed=False, fill=0, padding_mode=constant), RandomHorizontalFlip(p=0.5), ToDtype(scale=True), Normalize(mean=[0.5070751905441284, 0.48654890060424805, 0.44091784954071045], std=[0.26733431220054626, 0.2564384937286377, 0.27615049481391907], inplace=True)]","[ToImage(), ToDtype(scale=True), Normalize(mean=[0.5070751905441284, 0.48654890060424805, 0.44091784954071045], std=[0.26733431220054626, 0.2564384937286377, 0.27615049481391907], inplace=True)]",2000,10000,1000,0.005,0.001,48,42,42000,2000000,20.0,32,1024,0.03125,42508288,CrossEntropyLoss,AdamW,CosineAnnealingLR,last: 1000,last: 1000,last: 1.2336995354467157e-8,last: 0.002588886501966044,last: 0.999,last: 7.568814131164551,last: 0.158,last: 41356.81273603439,last: 11.5h,last: 35802.31508231163,last: 9.9h,last: 41448.53595352173,last: 11.5h,last: 35877.46565580368,last: 10.0h,last: 100.0%
run_2025-12-09_22-28-09_019498,convnext_tiny,cifar100_train,cifar100_val,100,"[ToImage(), RandomCrop(size=(32, 32), padding=[4, 4, 4, 4], pad_if_needed=False, fill=0, padding_mode=constant), RandomHorizontalFlip(p=0.5), ToDtype(scale=True), Normalize(mean=[0.5070751905441284, 0.48654890060424805, 0.44091784954071045], std=[0.26733431220054626, 0.2564384937286377, 0.27615049481391907], inplace=True)]","[ToImage(), ToDtype(scale=True), Normalize(mean=[0.5070751905441284, 0.48654890060424805, 0.44091784954071045], std=[0.26733431220054626, 0.2564384937286377, 0.27615049481391907], inplace=True)]",1000,10000,2000,0.005,0.001,48,21,42000,2000000,10.0,1,1,1.0,27895012,CrossEntropyLoss,AdamW,CosineAnnealingLR,last: 2000,last: 2000,last: 3.0842507411921074e-9,last: 0.007105517744950532,last: 0.999,last: 17.25033344116211,last: 0.1099,last: 967.5813732147217,last: 16.1m,last: 865.4281103610992,last: 14.4m,last: 1104.7107727527618,last: 18.4m,last: 950.0939860343933,last: 15.8m,last: 100.0%
run_2025-12-09_22-46-57_196051,convnext_tiny,cifar100_train,cifar100_val,100,"[ToImage(), RandomCrop(size=(32, 32), padding=[4, 4, 4, 4], pad_if_needed=False, fill=0, padding_mode=constant), RandomHorizontalFlip(p=0.5), ToDtype(scale=True), Normalize(mean=[0.5070751905441284, 0.48654890060424805, 0.44091784954071045], std=[0.26733431220054626, 0.2564384937286377, 0.27615049481391907], inplace=True)]","[ToImage(), ToDtype(scale=True), Normalize(mean=[0.5070751905441284, 0.48654890060424805, 0.44091784954071045], std=[0.26733431220054626, 0.2564384937286377, 0.27615049481391907], inplace=True)]",1000,10000,2000,0.005,0.001,48,21,42000,2000000,10.0,2,4,0.5,28363408,CrossEntropyLoss,AdamW,CosineAnnealingLR,last: 2000,last: 2000,last: 3.0842507411921074e-9,last: 0.0005887776850340742,last: 1.0,last: 14.264043504333497,last: 0.1191,last: 1632.835233926773,last: 27.2m,last: 1458.7900574207306,last: 24.3m,last: 1747.2357292175293,last: 29.1m,last: 1557.6296436786652,last: 26.0m,last: 100.0%
run_2025-12-09_22-48-08_835610,convnext_tiny,cifar100_train,cifar100_val,100,"[ToImage(), RandomCrop(size=(32, 32), padding=[4, 4, 4, 4], pad_if_needed=False, fill=0, padding_mode=constant), RandomHorizontalFlip(p=0.5), ToDtype(scale=True), Normalize(mean=[0.5070751905441284, 0.48654890060424805, 0.44091784954071045], std=[0.26733431220054626, 0.2564384937286377, 0.27615049481391907], inplace=True)]","[ToImage(), ToDtype(scale=True), Normalize(mean=[0.5070751905441284, 0.48654890060424805, 0.44091784954071045], std=[0.26733431220054626, 0.2564384937286377, 0.27615049481391907], inplace=True)]",1000,10000,2000,0.005,0.001,48,21,42000,2000000,10.0,4,16,0.25,29300800,CrossEntropyLoss,AdamW,CosineAnnealingLR,last: 2000,last: 2000,last: 3.0842507411921074e-9,last: 0.00011449255906518374,last: 1.0,last: 15.13999305114746,last: 0.097,last: 2699.0265917778015,last: 45.0m,last: 2417.207067012787,last: 40.3m,last: 2813.8146045207977,last: 46.9m,last: 2516.484976053238,last: 41.9m,last: 100.0%
run_2025-12-09_23-12-00_125205,convnext_tiny,cifar100_train,cifar100_val,100,"[ToImage(), RandomCrop(size=(32, 32), padding=[4, 4, 4, 4], pad_if_needed=False, fill=0, padding_mode=constant), RandomHorizontalFlip(p=0.5), ToDtype(scale=True), Normalize(mean=[0.5070751905441284, 0.48654890060424805, 0.44091784954071045], std=[0.26733431220054626, 0.2564384937286377, 0.27615049481391907], inplace=True)]","[ToImage(), ToDtype(scale=True), Normalize(mean=[0.5070751905441284, 0.48654890060424805, 0.44091784954071045], std=[0.26733431220054626, 0.2564384937286377, 0.27615049481391907], inplace=True)]",1000,10000,2000,0.005,0.001,48,21,42000,2000000,10.0,8,64,0.125,31177984,CrossEntropyLoss,AdamW,CosineAnnealingLR,last: 2000,last: 2000,last: 3.0842507411921074e-9,last: 0.0030943526376067893,last: 0.999,last: 12.671327069854737,last: 0.1037,last: 5491.100693225861,last: 1.5h,last: 4891.533868789673,last: 1.4h,last: 5621.586628675461,last: 1.6h,last: 5006.37037229538,last: 1.4h,last: 100.0%
run_2025-12-09_23-17-35_642691,convnext_tiny,cifar100_train,cifar100_val,100,"[ToImage(), RandomCrop(size=(32, 32), padding=[4, 4, 4, 4], pad_if_needed=False, fill=0, padding_mode=constant), RandomHorizontalFlip(p=0.5), ToDtype(scale=True), Normalize(mean=[0.5070751905441284, 0.48654890060424805, 0.44091784954071045], std=[0.26733431220054626, 0.2564384937286377, 0.27615049481391907], inplace=True)]","[ToImage(), ToDtype(scale=True), Normalize(mean=[0.5070751905441284, 0.48654890060424805, 0.44091784954071045], std=[0.26733431220054626, 0.2564384937286377, 0.27615049481391907], inplace=True)]",1000,10000,2000,0.005,0.001,48,21,42000,2000000,10.0,16,256,0.0625,34941952,CrossEntropyLoss,AdamW,CosineAnnealingLR,last: 2000,last: 2000,last: 3.0842507411921074e-9,last: 0.00006159491576545406,last: 1.0,last: 10.463274633026122,last: 0.1094,last: 14256.521632432938,last: 4.0h,last: 12350.849302053452,last: 3.4h,last: 14389.766878128052,last: 4.0h,last: 12469.293689250946,last: 3.5h,last: 100.0%
run_2025-12-09_23-36-39_789900,convnext_tiny,cifar100_train,cifar100_val,100,"[ToImage(), RandomCrop(size=(32, 32), padding=[4, 4, 4, 4], pad_if_needed=False, fill=0, padding_mode=constant), RandomHorizontalFlip(p=0.5), ToDtype(scale=True), Normalize(mean=[0.5070751905441284, 0.48654890060424805, 0.44091784954071045], std=[0.26733431220054626, 0.2564384937286377, 0.27615049481391907], inplace=True)]","[ToImage(), ToDtype(scale=True), Normalize(mean=[0.5070751905441284, 0.48654890060424805, 0.44091784954071045], std=[0.26733431220054626, 0.2564384937286377, 0.27615049481391907], inplace=True)]",1000,10000,2000,0.005,0.001,48,21,42000,2000000,10.0,32,1024,0.03125,42508288,CrossEntropyLoss,AdamW,CosineAnnealingLR,last: 2000,last: 2000,last: 3.0842507411921074e-9,last: 0.00011555822554510087,last: 1.0,last: 8.847431705474854,last: 0.1124,last: 41466.524411439896,last: 11.5h,last: 35881.23053455353,last: 10.0h,last: 41603.554819107056,last: 11.6h,last: 36001.2504529953,last: 10.0h,last: 100.0%
run_2025-12-10_00-47-15_786786,convnext_tiny,cifar100_train,cifar100_val,100,"[ToImage(), RandomCrop(size=(32, 32), padding=[4, 4, 4, 4], pad_if_needed=False, fill=0, padding_mode=constant), RandomHorizontalFlip(p=0.5), ToDtype(scale=True), Normalize(mean=[0.5070751905441284, 0.48654890060424805, 0.44091784954071045], std=[0.26733431220054626, 0.2564384937286377, 0.27615049481391907], inplace=True)]","[ToImage(), ToDtype(scale=True), Normalize(mean=[0.5070751905441284, 0.48654890060424805, 0.44091784954071045], std=[0.26733431220054626, 0.2564384937286377, 0.27615049481391907], inplace=True)]",500,10000,4000,0.005,0.001,48,11,44000,2000000,5.0,1,1,1.0,27895012,CrossEntropyLoss,AdamW,CosineAnnealingLR,last: 4000,last: 4000,last: 7.710628041612792e-10,last: 4.515170926346457e-6,last: 1.0,last: 21.79741633605957,last: 0.0774,last: 972.2549560070038,last: 16.2m,last: 873.9914543628693,last: 14.6m,last: 1168.2260365486145,last: 19.5m,last: 1016.5798418521881,last: 16.9m,last: 100.0%
run_2025-12-10_01-11-21_134891,convnext_tiny,cifar100_train,cifar100_val,100,"[ToImage(), RandomCrop(size=(32, 32), padding=[4, 4, 4, 4], pad_if_needed=False, fill=0, padding_mode=constant), RandomHorizontalFlip(p=0.5), ToDtype(scale=True), Normalize(mean=[0.5070751905441284, 0.48654890060424805, 0.44091784954071045], std=[0.26733431220054626, 0.2564384937286377, 0.27615049481391907], inplace=True)]","[ToImage(), ToDtype(scale=True), Normalize(mean=[0.5070751905441284, 0.48654890060424805, 0.44091784954071045], std=[0.26733431220054626, 0.2564384937286377, 0.27615049481391907], inplace=True)]",500,10000,4000,0.005,0.001,48,11,44000,2000000,5.0,2,4,0.5,28363408,CrossEntropyLoss,AdamW,CosineAnnealingLR,last: 4000,last: 4000,last: 7.710628041612792e-10,last: 0.00001101831305078349,last: 1.0,last: 18.644010482788087,last: 0.0736,last: 1657.7529215812683,last: 27.6m,last: 1482.9001877307892,last: 24.7m,last: 1834.1518874168396,last: 30.6m,last: 1643.0321516990662,last: 27.4m,last: 100.0%
run_2025-12-10_01-46-31_817283,convnext_tiny,cifar100_train,cifar100_val,100,"[ToImage(), RandomCrop(size=(32, 32), padding=[4, 4, 4, 4], pad_if_needed=False, fill=0, padding_mode=constant), RandomHorizontalFlip(p=0.5), ToDtype(scale=True), Normalize(mean=[0.5070751905441284, 0.48654890060424805, 0.44091784954071045], std=[0.26733431220054626, 0.2564384937286377, 0.27615049481391907], inplace=True)]","[ToImage(), ToDtype(scale=True), Normalize(mean=[0.5070751905441284, 0.48654890060424805, 0.44091784954071045], std=[0.26733431220054626, 0.2564384937286377, 0.27615049481391907], inplace=True)]",500,10000,4000,0.005,0.001,48,11,44000,2000000,5.0,4,16,0.25,29300800,CrossEntropyLoss,AdamW,CosineAnnealingLR,last: 4000,last: 4000,last: 7.710628041612792e-10,last: 0.008061929888197029,last: 0.998,last: 17.622707998657226,last: 0.0845,last: 2710.6682448387146,last: 45.2m,last: 2429.3910734653473,last: 40.5m,last: 2914.0595343112946,last: 48.6m,last: 2617.279665708542,last: 43.6m,last: 100.0%
run_2025-12-10_02-27-57_865469,convnext_tiny,cifar100_train,cifar100_val,100,"[ToImage(), RandomCrop(size=(32, 32), padding=[4, 4, 4, 4], pad_if_needed=False, fill=0, padding_mode=constant), RandomHorizontalFlip(p=0.5), ToDtype(scale=True), Normalize(mean=[0.5070751905441284, 0.48654890060424805, 0.44091784954071045], std=[0.26733431220054626, 0.2564384937286377, 0.27615049481391907], inplace=True)]","[ToImage(), ToDtype(scale=True), Normalize(mean=[0.5070751905441284, 0.48654890060424805, 0.44091784954071045], std=[0.26733431220054626, 0.2564384937286377, 0.27615049481391907], inplace=True)]",500,10000,4000,0.005,0.001,48,11,44000,2000000,5.0,8,64,0.125,31177984,CrossEntropyLoss,AdamW,CosineAnnealingLR,last: 4000,last: 4000,last: 7.710628041612792e-10,last: 0.00004858533063088544,last: 1.0,last: 14.206000227355958,last: 0.084,last: 5488.176727056503,last: 1.5h,last: 4891.884982347488,last: 1.4h,last: 5690.879847288132,last: 1.6h,last: 5078.826637744904,last: 1.4h,last: 100.0%
run_2025-12-10_02-39-46_581956,convnext_tiny,cifar100_train,cifar100_val,100,"[ToImage(), RandomCrop(size=(32, 32), padding=[4, 4, 4, 4], pad_if_needed=False, fill=0, padding_mode=constant), RandomHorizontalFlip(p=0.5), ToDtype(scale=True), Normalize(mean=[0.5070751905441284, 0.48654890060424805, 0.44091784954071045], std=[0.26733431220054626, 0.2564384937286377, 0.27615049481391907], inplace=True)]","[ToImage(), ToDtype(scale=True), Normalize(mean=[0.5070751905441284, 0.48654890060424805, 0.44091784954071045], std=[0.26733431220054626, 0.2564384937286377, 0.27615049481391907], inplace=True)]",500,10000,4000,0.005,0.001,48,11,44000,2000000,5.0,16,256,0.0625,34941952,CrossEntropyLoss,AdamW,CosineAnnealingLR,last: 4000,last: 4000,last: 7.710628041612792e-10,last: 0.0000897792791511165,last: 1.0,last: 11.690966835021973,last: 0.089,last: 14399.607168197632,last: 4.0h,last: 12484.57140302658,last: 3.5h,last: 14602.595046758652,last: 4.1h,last: 12672.402247905731,last: 3.5h,last: 100.0%
run_2025-12-10_03-19-00_043549,convnext_tiny,cifar100_train,cifar100_val,100,"[ToImage(), RandomCrop(size=(32, 32), padding=[4, 4, 4, 4], pad_if_needed=False, fill=0, padding_mode=constant), RandomHorizontalFlip(p=0.5), ToDtype(scale=True), Normalize(mean=[0.5070751905441284, 0.48654890060424805, 0.44091784954071045], std=[0.26733431220054626, 0.2564384937286377, 0.27615049481391907], inplace=True)]","[ToImage(), ToDtype(scale=True), Normalize(mean=[0.5070751905441284, 0.48654890060424805, 0.44091784954071045], std=[0.26733431220054626, 0.2564384937286377, 0.27615049481391907], inplace=True)]",500,10000,4000,0.005,0.001,48,11,44000,2000000,5.0,32,1024,0.03125,42508288,CrossEntropyLoss,AdamW,CosineAnnealingLR,last: 2680,last: 2680,last: 0.0012290869159711413,last: 0.00046573042264208195,last: 1.0,last: 9.516966112518311,last: 0.085,last: 27747.839313030243,last: 7.7h,last: 24021.743178844452,last: 6.7h,last: 27886.25720000267,last: 7.7h,last: 24147.097626686096,last: 6.7h,last: 67.0%
run_2025-12-10_04-07-22_737841,convnext_tiny,cifar100_train,cifar100_val,100,"[ToImage(), RandomCrop(size=(32, 32), padding=[4, 4, 4, 4], pad_if_needed=False, fill=0, padding_mode=constant), RandomHorizontalFlip(p=0.5), ToDtype(scale=True), Normalize(mean=[0.5070751905441284, 0.48654890060424805, 0.44091784954071045], std=[0.26733431220054626, 0.2564384937286377, 0.27615049481391907], inplace=True)]","[ToImage(), ToDtype(scale=True), Normalize(mean=[0.5070751905441284, 0.48654890060424805, 0.44091784954071045], std=[0.26733431220054626, 0.2564384937286377, 0.27615049481391907], inplace=True)]",100,10000,20000,0.005,0.001,48,3,60000,2000000,1.0,1,1,1.0,27895012,CrossEntropyLoss,AdamW,CosineAnnealingLR,last: 20000,last: 20000,last: 3.084251382068393e-11,last: 1.4185905570229806e-7,last: 1.0,last: 42.236321295166015,last: 0.0364,last: 1190.2699065208435,last: 19.8m,last: 1093.352546453476,last: 18.2m,last: 2252.1546437740326,last: 37.5m,last: 2098.208139896393,last: 35.0m,last: 100.0%
run_2025-12-10_05-44-33_119220,convnext_tiny,cifar100_train,cifar100_val,100,"[ToImage(), RandomCrop(size=(32, 32), padding=[4, 4, 4, 4], pad_if_needed=False, fill=0, padding_mode=constant), RandomHorizontalFlip(p=0.5), ToDtype(scale=True), Normalize(mean=[0.5070751905441284, 0.48654890060424805, 0.44091784954071045], std=[0.26733431220054626, 0.2564384937286377, 0.27615049481391907], inplace=True)]","[ToImage(), ToDtype(scale=True), Normalize(mean=[0.5070751905441284, 0.48654890060424805, 0.44091784954071045], std=[0.26733431220054626, 0.2564384937286377, 0.27615049481391907], inplace=True)]",100,10000,20000,0.005,0.001,48,3,60000,2000000,1.0,2,4,0.5,28363408,CrossEntropyLoss,AdamW,CosineAnnealingLR,last: 20000,last: 20000,last: 3.084251382068393e-11,last: 1.1682500023368902e-7,last: 1.0,last: 30.249370645141603,last: 0.0353,last: 1869.932858467102,last: 31.2m,last: 1695.62801861763,last: 28.3m,last: 2882.636185646057,last: 48.0m,last: 2691.3729407787323,last: 44.9m,last: 100.0%
run_2025-12-10_06-03-45_022889,convnext_tiny,cifar100_train,cifar100_val,100,"[ToImage(), RandomCrop(size=(32, 32), padding=[4, 4, 4, 4], pad_if_needed=False, fill=0, padding_mode=constant), RandomHorizontalFlip(p=0.5), ToDtype(scale=True), Normalize(mean=[0.5070751905441284, 0.48654890060424805, 0.44091784954071045], std=[0.26733431220054626, 0.2564384937286377, 0.27615049481391907], inplace=True)]","[ToImage(), ToDtype(scale=True), Normalize(mean=[0.5070751905441284, 0.48654890060424805, 0.44091784954071045], std=[0.26733431220054626, 0.2564384937286377, 0.27615049481391907], inplace=True)]",100,10000,20000,0.005,0.001,48,3,60000,2000000,1.0,4,16,0.25,29300800,CrossEntropyLoss,AdamW,CosineAnnealingLR,last: 20000,last: 20000,last: 3.084251382068393e-11,last: 6.842563878706187e-7,last: 1.0,last: 24.256701989746094,last: 0.0369,last: 2855.862541913986,last: 47.6m,last: 2579.122658967972,last: 43.0m,last: 3849.72842502594,last: 1.1h,last: 3558.0776414871216,last: 59.3m,last: 100.0%
run_2025-12-10_06-17-18_611879,convnext_tiny,cifar100_train,cifar100_val,100,"[ToImage(), RandomCrop(size=(32, 32), padding=[4, 4, 4, 4], pad_if_needed=False, fill=0, padding_mode=constant), RandomHorizontalFlip(p=0.5), ToDtype(scale=True), Normalize(mean=[0.5070751905441284, 0.48654890060424805, 0.44091784954071045], std=[0.26733431220054626, 0.2564384937286377, 0.27615049481391907], inplace=True)]","[ToImage(), ToDtype(scale=True), Normalize(mean=[0.5070751905441284, 0.48654890060424805, 0.44091784954071045], std=[0.26733431220054626, 0.2564384937286377, 0.27615049481391907], inplace=True)]",100,10000,20000,0.005,0.001,48,3,60000,2000000,1.0,8,64,0.125,31177984,CrossEntropyLoss,AdamW,CosineAnnealingLR,last: 20000,last: 20000,last: 3.084251382068393e-11,last: 9.989687077904818e-7,last: 1.0,last: 20.71541304321289,last: 0.0416,last: 5626.338467359543,last: 1.6h,last: 5034.603395700455,last: 1.4h,last: 6606.249321222305,last: 1.8h,last: 5999.245653629303,last: 1.7h,last: 100.0%
run_2025-12-10_06-47-35_261430,convnext_tiny,cifar100_train,cifar100_val,100,"[ToImage(), RandomCrop(size=(32, 32), padding=[4, 4, 4, 4], pad_if_needed=False, fill=0, padding_mode=constant), RandomHorizontalFlip(p=0.5), ToDtype(scale=True), Normalize(mean=[0.5070751905441284, 0.48654890060424805, 0.44091784954071045], std=[0.26733431220054626, 0.2564384937286377, 0.27615049481391907], inplace=True)]","[ToImage(), ToDtype(scale=True), Normalize(mean=[0.5070751905441284, 0.48654890060424805, 0.44091784954071045], std=[0.26733431220054626, 0.2564384937286377, 0.27615049481391907], inplace=True)]",100,10000,20000,0.005,0.001,48,3,60000,2000000,1.0,16,256,0.0625,34941952,CrossEntropyLoss,AdamW,CosineAnnealingLR,last: 16000,last: 16000,last: 0.0004776883617426148,last: 1.2290297479466972e-6,last: 1.0,last: 17.319818338012695,last: 0.0418,last: 11821.767647266388,last: 3.3h,last: 10286.574437141418,last: 2.9h,last: 12600.887719154358,last: 3.5h,last: 11052.270557165146,last: 3.1h,last: 80.0%
run_2025-12-10_08-04-40_481359,convnext_tiny,cifar100_train,cifar100_val,100,"[ToImage(), RandomCrop(size=(32, 32), padding=[4, 4, 4, 4], pad_if_needed=False, fill=0, padding_mode=constant), RandomHorizontalFlip(p=0.5), ToDtype(scale=True), Normalize(mean=[0.5070751905441284, 0.48654890060424805, 0.44091784954071045], std=[0.26733431220054626, 0.2564384937286377, 0.27615049481391907], inplace=True)]","[ToImage(), ToDtype(scale=True), Normalize(mean=[0.5070751905441284, 0.48654890060424805, 0.44091784954071045], std=[0.26733431220054626, 0.2564384937286377, 0.27615049481391907], inplace=True)]",100,10000,20000,0.005,0.001,48,3,60000,2000000,1.0,32,1024,0.03125,42508288,CrossEntropyLoss,AdamW,CosineAnnealingLR,last: 4800,last: 4800,last: 0.004322690367089086,last: 0.000697615488898009,last: 1.0,last: 11.110375643920898,last: 0.0383,last: 10276.380337953568,last: 2.9h,last: 8918.535362005234,last: 2.5h,last: 10510.844705343246,last: 2.9h,last: 9144.5235414505,last: 2.5h,last: 24.0%
run_2025-12-10_08-32-41_998397,efficientnet_b0,cifar100_train,cifar100_val,100,"[ToImage(), RandomCrop(size=(32, 32), padding=[4, 4, 4, 4], pad_if_needed=False, fill=0, padding_mode=constant), RandomHorizontalFlip(p=0.5), ToDtype(scale=True), Normalize(mean=[0.5070751905441284, 0.48654890060424805, 0.44091784954071045], std=[0.26733431220054626, 0.2564384937286377, 0.27615049481391907], inplace=True)]","[ToImage(), ToDtype(scale=True), Normalize(mean=[0.5070751905441284, 0.48654890060424805, 0.44091784954071045], std=[0.26733431220054626, 0.2564384937286377, 0.27615049481391907], inplace=True)]",50000,10000,200,0.005,0.001,128,391,78200,10000000,500.0,1,1,1.0,4135648,CrossEntropyLoss,AdamW,CosineAnnealingLR,last: 200,last: 200,last: 3.0841879584853064e-7,last: 0.004114517045021057,last: 0.9987,last: 2.463686131286621,last: 0.7114,last: 2347.9964389801025,last: 39.1m,last: 2205.8814237117767,last: 36.8m,last: 2951.454617023468,last: 49.2m,last: 2726.1241974830627,last: 45.4m,last: 100.0%
run_2025-12-10_09-22-21_350411,efficientnet_b0,cifar100_train,cifar100_val,100,"[ToImage(), RandomCrop(size=(32, 32), padding=[4, 4, 4, 4], pad_if_needed=False, fill=0, padding_mode=constant), RandomHorizontalFlip(p=0.5), ToDtype(scale=True), Normalize(mean=[0.5070751905441284, 0.48654890060424805, 0.44091784954071045], std=[0.26733431220054626, 0.2564384937286377, 0.27615049481391907], inplace=True)]","[ToImage(), ToDtype(scale=True), Normalize(mean=[0.5070751905441284, 0.48654890060424805, 0.44091784954071045], std=[0.26733431220054626, 0.2564384937286377, 0.27615049481391907], inplace=True)]",50000,10000,200,0.005,0.001,128,391,78200,10000000,500.0,2,4,0.5,4498184,CrossEntropyLoss,AdamW,CosineAnnealingLR,last: 200,last: 200,last: 3.0841879584853064e-7,last: 0.013071884926110507,last: 0.99666,last: 2.0819744986534117,last: 0.698,last: 5816.674654006958,last: 1.6h,last: 5642.656085014343,last: 1.6h,last: 5888.6252274513245,last: 1.6h,last: 5687.304806470871,last: 1.6h,last: 100.0%
run_2025-12-10_09-34-55_398066,efficientnet_b0,cifar100_train,cifar100_val,100,"[ToImage(), RandomCrop(size=(32, 32), padding=[4, 4, 4, 4], pad_if_needed=False, fill=0, padding_mode=constant), RandomHorizontalFlip(p=0.5), ToDtype(scale=True), Normalize(mean=[0.5070751905441284, 0.48654890060424805, 0.44091784954071045], std=[0.26733431220054626, 0.2564384937286377, 0.27615049481391907], inplace=True)]","[ToImage(), ToDtype(scale=True), Normalize(mean=[0.5070751905441284, 0.48654890060424805, 0.44091784954071045], std=[0.26733431220054626, 0.2564384937286377, 0.27615049481391907], inplace=True)]",50000,10000,200,0.005,0.001,128,391,78200,10000000,500.0,4,16,0.25,5223088,CrossEntropyLoss,AdamW,CosineAnnealingLR,last: 92,last: 92,last: 0.0028522530798439556,last: 0.3011719489097595,last: 0.90078,last: 1.6811815620422363,last: 0.654,last: 5680.737157583237,last: 1.6h,last: 5514.355671644211,last: 1.5h,last: 5716.659936666489,last: 1.6h,last: 5540.065918922424,last: 1.5h,last: 46.0%
run_2025-12-10_11-00-54_882146,,,,,,,,,,,,,,,,,,,,,,,,,,,,,,,,,,,,,,,
