step,epoch,lr,train_loss,train_acc,timestamp,timestamp_fmt,duration,duration_fmt,val_loss,val_acc
1,1,0.005,1.9523189113616943,0.2672,1744801290.617853,2025/04/16 20:01:30,5.060697793960571,5.1s,,
2,2,0.004999922894111975,1.7627820308685302,0.3328,1744801295.1904056,2025/04/16 20:01:35,9.63325047492981,9.6s,,
3,3,0.004999691581204152,1.6697981370925903,0.3736,1744801299.7384183,2025/04/16 20:01:39,14.181263208389282,14.2s,,
4,4,0.004999306075545002,1.6291649433135986,0.3874,1744801306.6135855,2025/04/16 20:01:46,21.056430339813232,21.1s,1.6217656173706054,0.3952
5,5,0.0049987664009143295,1.6102704105377197,0.3956,1744801314.9407446,2025/04/16 20:01:54,29.383589506149292,29.4s,,
6,6,0.004998072590601808,1.5290781497955321,0.4318,1744801319.576524,2025/04/16 20:01:59,34.01936888694763,34.0s,,
7,7,0.004997224687404926,1.464580506324768,0.4428,1744801324.1699529,2025/04/16 20:02:04,38.61279773712158,38.6s,,
8,8,0.004996222743626346,1.4550905220031738,0.4582,1744801331.092789,2025/04/16 20:02:11,45.53563380241394,45.5s,1.4589551263809204,0.4779
9,9,0.00499506682107068,1.414518445968628,0.4742,1744801338.8243623,2025/04/16 20:02:18,53.26720714569092,53.3s,,
10,10,0.004993756991040676,1.3845884286880492,0.486,1744801343.3286767,2025/04/16 20:02:23,57.77152156829834,57.8s,,
11,11,0.004992293334332821,1.341585078048706,0.5054,1744801347.9035368,2025/04/16 20:02:27,62.34638166427612,1.0m,,
12,12,0.004990675941232354,1.2911265659332276,0.5296,1744801354.7593122,2025/04/16 20:02:34,69.20215702056885,1.2m,1.3101675981521606,0.5362
13,13,0.004988904911507701,1.2711855875015259,0.5364,1744801362.6681795,2025/04/16 20:02:42,77.11102437973022,1.3m,,
14,14,0.004986980354404317,1.2367057420730592,0.549,1744801367.1881254,2025/04/16 20:02:47,81.63097023963928,1.4m,,
15,15,0.00498490238863795,1.231803974533081,0.5572,1744801371.7824502,2025/04/16 20:02:51,86.2252950668335,1.4m,,
16,16,0.0049826711423873165,1.1796531233787537,0.57,1744801378.6471455,2025/04/16 20:02:58,93.08999037742615,1.6m,1.2715062475204468,0.5517
17,17,0.004980286753286195,1.154826538848877,0.5762,1744801386.5711355,2025/04/16 20:03:06,101.01398038864136,1.7m,,
18,18,0.004977749368414937,1.1128655769348144,0.6014,1744801391.1686745,2025/04/16 20:03:11,105.61151933670044,1.8m,,
19,19,0.0049750591442913935,1.175695486354828,0.5778,1744801395.7302206,2025/04/16 20:03:15,110.17306542396545,1.8m,,
20,20,0.004972216246861261,1.0837297298431396,0.611,1744801402.6301107,2025/04/16 20:03:22,117.07295560836792,2.0m,1.1254000310897827,0.6074
21,21,0.004969220851487844,1.0830470626831055,0.6056,1744801410.5138264,2025/04/16 20:03:30,124.95667123794556,2.1m,,
22,22,0.004966073142941238,1.1027685522079467,0.603,1744801415.1625445,2025/04/16 20:03:35,129.60538935661316,2.2m,,
23,23,0.004962773315386935,1.0561381666183471,0.6228,1744801419.7425132,2025/04/16 20:03:39,134.18535804748535,2.2m,,
24,24,0.00495932157237384,1.0219663604736329,0.6302,1744801426.630267,2025/04/16 20:03:46,141.07311177253723,2.4m,1.0918111269950868,0.6169
25,25,0.004955718126821723,1.0182059934616088,0.6366,1744801434.4992034,2025/04/16 20:03:54,148.94204831123352,2.5m,,
26,26,0.004951963201008077,1.0048763708114623,0.6368,1744801439.0726154,2025/04/16 20:03:59,153.51546025276184,2.6m,,
27,27,0.004948057026554415,0.993026644897461,0.639,1744801443.6263378,2025/04/16 20:04:03,158.06918263435364,2.6m,,
28,28,0.004943999844411978,0.941875345993042,0.6608,1744801450.5435905,2025/04/16 20:04:10,164.9864354133606,2.7m,1.199049324798584,0.5926
29,29,0.004939791904846869,0.9726181027412415,0.6538,1744801458.463252,2025/04/16 20:04:18,172.90609693527222,2.9m,,
30,30,0.0049354334674246245,0.9139151203155518,0.6748,1744801463.1039598,2025/04/16 20:04:23,177.54680466651917,3.0m,,
31,31,0.004930924800994192,0.9790888014793396,0.6484,1744801467.7079031,2025/04/16 20:04:27,182.15074801445007,3.0m,,
32,32,0.004926266183671356,0.8777268367767334,0.6874,1744801474.6287954,2025/04/16 20:04:34,189.07164025306702,3.2m,1.0710587995529175,0.6406
33,33,0.004921457902821578,0.8385555541992188,0.7002,1744801482.4190998,2025/04/16 20:04:42,196.86194467544556,3.3m,,
34,34,0.004916500255042268,0.8967795775413513,0.6812,1744801487.000258,2025/04/16 20:04:47,201.4431028366089,3.4m,,
35,35,0.004911393546144495,0.84854906539917,0.6954,1744801491.5343359,2025/04/16 20:04:51,205.9771807193756,3.4m,,
36,36,0.004906138091134118,0.8421111926078796,0.6996,1744801498.4515748,2025/04/16 20:04:58,212.89441967010498,3.5m,1.10793321018219,0.6275
37,37,0.004900734214192357,0.8331860303878784,0.6978,1744801506.2228942,2025/04/16 20:05:06,220.66573905944824,3.7m,,
38,38,0.004895182248655797,0.8256355590820312,0.7052,1744801510.7804732,2025/04/16 20:05:10,225.2233180999756,3.8m,,
39,39,0.004889482536995824,0.780289563369751,0.7208,1744801515.3125315,2025/04/16 20:05:15,229.75537633895874,3.8m,,
40,40,0.004883635430797502,0.7982840490341186,0.7122,1744801522.336615,2025/04/16 20:05:22,236.7794599533081,3.9m,1.0886976188659667,0.6419
41,41,0.004877641290737883,0.7776370135307312,0.716,1744801530.2089047,2025/04/16 20:05:30,244.65174961090088,4.1m,,
42,42,0.00487150048656376,0.7877274543762207,0.7258,1744801534.7749748,2025/04/16 20:05:34,249.21781969070435,4.2m,,
43,43,0.0048652133970688615,0.7850692455291748,0.7196,1744801539.3052957,2025/04/16 20:05:39,253.7481405735016,4.2m,,
44,44,0.004858780410070483,0.7451905382156372,0.734,1744801546.143259,2025/04/16 20:05:46,260.5861039161682,4.3m,1.0438835872650147,0.6632
45,45,0.0048522019223855625,0.7146560586929321,0.7488,1744801553.9858556,2025/04/16 20:05:53,268.4287004470825,4.5m,,
46,46,0.0048454783398062095,0.6830591356277466,0.7584,1744801558.520775,2025/04/16 20:05:58,272.9636199474335,4.5m,,
47,47,0.004838610077074668,0.6874945429801941,0.7542,1744801563.0666323,2025/04/16 20:06:03,277.5094771385193,4.6m,,
48,48,0.004831597557857735,0.6854008291244507,0.752,1744801569.9259212,2025/04/16 20:06:09,284.36876606941223,4.7m,1.1007543626785279,0.6594
49,49,0.004824441214720628,0.6575325844764709,0.7612,1744801577.7693238,2025/04/16 20:06:17,292.2121686935425,4.9m,,
50,50,0.0048171414891003015,0.6094300525665283,0.7844,1744801582.3195462,2025/04/16 20:06:22,296.76239109039307,4.9m,,
51,51,0.004809698831278217,0.6706074144363403,0.764,1744801586.857469,2025/04/16 20:06:26,301.30031394958496,5.0m,,
52,52,0.004802113700352566,0.6273073188781738,0.772,1744801593.7759335,2025/04/16 20:06:33,308.2187783718109,5.1m,1.1090641717910767,0.6662
53,53,0.0047943865642099525,0.5960749972343444,0.7802,1744801601.6367857,2025/04/16 20:06:41,316.079630613327,5.3m,,
54,54,0.004786517899496534,0.5953616855621338,0.7892,1744801606.228218,2025/04/16 20:06:46,320.6710629463196,5.3m,,
55,55,0.004778508191588613,0.6560129838943481,0.7574,1744801610.7442276,2025/04/16 20:06:50,325.18707251548767,5.4m,,
56,56,0.0047703579345627035,0.5946725631713867,0.7878,1744801617.616016,2025/04/16 20:06:57,332.0588607788086,5.5m,1.0666994703292847,0.6709
57,57,0.004762067631165049,0.6444171059608459,0.7704,1744801625.523179,2025/04/16 20:07:05,339.96602392196655,5.7m,,
58,58,0.004753637792780614,0.6083517751693726,0.78,1744801630.072591,2025/04/16 20:07:10,344.5154359340668,5.7m,,
59,59,0.00474506893940154,0.5559357873916626,0.802,1744801634.650478,2025/04/16 20:07:14,349.09332275390625,5.8m,,
60,60,0.004736361599595063,0.5269347603797913,0.8092,1744801641.5391357,2025/04/16 20:07:21,355.9819805622101,5.9m,1.1009648681640625,0.677
61,61,0.00472751631047092,0.5201236512184143,0.812,1744801649.3488164,2025/04/16 20:07:29,363.7916612625122,6.1m,,
62,62,0.004718533617648209,0.4824289090156555,0.8234,1744801653.8887722,2025/04/16 20:07:33,368.3316171169281,6.1m,,
63,63,0.0047094140752217345,0.47029556179046633,0.8272,1744801658.4764705,2025/04/16 20:07:38,372.91931533813477,6.2m,,
64,64,0.004700158245727831,0.4944404883861542,0.8208,1744801665.3265965,2025/04/16 20:07:45,379.7694413661957,6.3m,1.1352673488616942,0.6817
65,65,0.004690766700109659,0.48698115243911744,0.832,1744801673.1758063,2025/04/16 20:07:53,387.6186511516571,6.5m,,
66,66,0.004681240017681994,0.47121959228515625,0.8292,1744801677.8047032,2025/04/16 20:07:57,392.2475481033325,6.5m,,
67,67,0.0046715787860954795,0.4573346562385559,0.832,1744801682.4295144,2025/04/16 20:08:02,396.87235927581787,6.6m,,
68,68,0.004661783601300389,0.4667324824333191,0.8342,1744801689.3261225,2025/04/16 20:08:09,403.7689673900604,6.7m,1.1204090162277223,0.6896
69,69,0.00465185506750986,0.4610644521713257,0.8358,1744801697.1583352,2025/04/16 20:08:17,411.6011800765991,6.9m,,
70,70,0.004641793797162626,0.4973403030395508,0.8186,1744801701.703039,2025/04/16 20:08:21,416.14588379859924,6.9m,,
71,71,0.004631600410885232,0.5033915481567383,0.8226,1744801706.2404456,2025/04/16 20:08:26,420.6832904815674,7.0m,,
72,72,0.0046212755374537605,0.5062691695213318,0.8226,1744801713.0453212,2025/04/16 20:08:33,427.4881660938263,7.1m,1.1154776784896852,0.6898
73,73,0.0046108198137550386,0.4175985365867615,0.8532,1744801720.9212754,2025/04/16 20:08:40,435.36412024497986,7.3m,,
74,74,0.004600233884747356,0.4254027135848999,0.8488,1744801725.4126456,2025/04/16 20:08:45,439.8554904460907,7.3m,,
75,75,0.004589518403420677,0.4047495545387268,0.8514,1744801729.9438176,2025/04/16 20:08:49,444.38666248321533,7.4m,,
76,76,0.004578674030756364,0.43240254163742065,0.8432,1744801736.8107002,2025/04/16 20:08:56,451.25354504585266,7.5m,1.1478717739105224,0.6874
77,77,0.004567701435686405,0.36211459197998047,0.8654,1744801744.753865,2025/04/16 20:09:04,459.1967098712921,7.7m,,
78,78,0.004556601295052151,0.3761715023994446,0.862,1744801749.265526,2025/04/16 20:09:09,463.708370923996,7.7m,,
79,79,0.004545374293562559,0.3772823471069336,0.8652,1744801753.8890617,2025/04/16 20:09:13,468.33190655708313,7.8m,,
80,80,0.004534021123751969,0.4571647843360901,0.8344,1744801760.8162227,2025/04/16 20:09:20,475.2590675354004,7.9m,1.2012967760324478,0.6818
81,81,0.004522542485937369,0.3411070792198181,0.8776,1744801768.7145731,2025/04/16 20:09:28,483.157418012619,8.1m,,
82,82,0.004510939088175212,0.3579025931358337,0.871,1744801773.3198597,2025/04/16 20:09:33,487.7627046108246,8.1m,,
83,83,0.004499211646217728,0.3479160619735718,0.874,1744801777.8472514,2025/04/16 20:09:37,492.290096282959,8.2m,,
84,84,0.004487360883468777,0.37286466422080994,0.865,1744801784.7129521,2025/04/16 20:09:44,499.1557970046997,8.3m,1.1783019847869873,0.6926
85,85,0.0044753875309392266,0.3105097336769104,0.892,1744801792.571827,2025/04/16 20:09:52,507.01467180252075,8.5m,,
86,86,0.0044632923272018635,0.3115073308944702,0.8846,1744801797.2439806,2025/04/16 20:09:57,511.6868255138397,8.5m,,
87,87,0.004451076018345826,0.2997330471038818,0.8964,1744801801.8611689,2025/04/16 20:10:01,516.3040137290955,8.6m,,
88,88,0.0044387393579305885,0.35483710112571715,0.8766,1744801808.7616928,2025/04/16 20:10:08,523.2045376300812,8.7m,1.2253192489624023,0.6913
89,89,0.004426283106939475,0.2856819535255432,0.8986,1744801816.6164944,2025/04/16 20:10:16,531.0593392848969,8.9m,,
90,90,0.004413708033732723,0.3104287048339844,0.887,1744801821.2380767,2025/04/16 20:10:21,535.6809215545654,8.9m,,
91,91,0.00440101491400008,0.2987068675994873,0.8976,1744801825.817966,2025/04/16 20:10:25,540.2608108520508,9.0m,,
92,92,0.004388204530712961,0.328171577835083,0.8832,1744801832.7199996,2025/04/16 20:10:32,547.1628444194794,9.1m,1.2783187726974488,0.6856
93,93,0.004375277674076151,0.28218952198028563,0.8968,1744801840.5948484,2025/04/16 20:10:40,555.0376932621002,9.3m,,
94,94,0.004362235141479057,0.3854729151725769,0.8674,1744801845.2517183,2025/04/16 20:10:45,559.6945631504059,9.3m,,
95,95,0.0043490777374465255,0.3058048637509346,0.8922,1744801849.8581398,2025/04/16 20:10:49,564.300984621048,9.4m,,
96,96,0.004335806273589216,0.21233452196121216,0.925,1744801856.7971172,2025/04/16 20:10:56,571.2399621009827,9.5m,1.182871887588501,0.7129
97,97,0.0043224215685535305,0.20508237204551696,0.93,1744801864.6401882,2025/04/16 20:11:04,579.0830330848694,9.7m,,
98,98,0.004308924447971124,0.1945982752799988,0.9312,1744801869.1837773,2025/04/16 20:11:09,583.6266222000122,9.7m,,
99,99,0.004295315744407973,0.25570972661972047,0.91,1744801873.7893956,2025/04/16 20:11:13,588.2322404384613,9.8m,,
100,100,0.004281596297313014,0.3053374044418335,0.8908,1744801880.6529636,2025/04/16 20:11:20,595.095808506012,9.9m,1.3331563987731934,0.6894
101,101,0.004267766952966369,0.20789896697998048,0.928,1744801888.5167131,2025/04/16 20:11:28,602.9595580101013,10.0m,,
102,102,0.00425382856442714,0.24710040664672853,0.9182,1744801893.1428173,2025/04/16 20:11:33,607.5856621265411,10.1m,,
103,103,0.004239781991480786,0.2177318253517151,0.9236,1744801897.6838083,2025/04/16 20:11:37,612.1266531944275,10.2m,,
104,104,0.004225628100586094,0.1972526336669922,0.933,1744801904.5481222,2025/04/16 20:11:44,618.9909670352936,10.3m,1.2833010414123536,0.7029
105,105,0.004211367764821722,0.2619135974884033,0.9106,1744801912.4297273,2025/04/16 20:11:52,626.872572183609,10.4m,,
106,106,0.004197001863832355,0.2738828596115112,0.8976,1744801917.0159755,2025/04/16 20:11:57,631.4588203430176,10.5m,,
107,107,0.004182531283774433,0.2669412221908569,0.9084,1744801921.6293643,2025/04/16 20:12:01,636.0722091197968,10.6m,,
108,108,0.004167956917261499,0.2794597988128662,0.9002,1744801928.488036,2025/04/16 20:12:08,642.9308807849884,10.7m,1.2800847431182862,0.7021
109,109,0.004153279663309129,0.26593317962884905,0.9052,1744801936.290619,2025/04/16 20:12:16,650.7334637641907,10.8m,,
110,110,0.004138500427279485,0.1801761365890503,0.9352,1744801940.8438828,2025/04/16 20:12:20,655.2867276668549,10.9m,,
111,111,0.004123620120825459,0.2247654504776001,0.9198,1744801945.3955412,2025/04/16 20:12:25,659.8383860588074,11.0m,,
112,112,0.0041086396618344465,0.2522974408507347,0.9102,1744801952.296793,2025/04/16 20:12:32,666.7396378517151,11.1m,1.2835634373664857,0.7087
113,113,0.004093559974371723,0.1744514566421509,0.9366,1744801960.1329436,2025/04/16 20:12:40,674.5757884979248,11.2m,,
114,114,0.0040783819886234425,0.27404403734207156,0.9026,1744801964.6663628,2025/04/16 20:12:44,679.1092076301575,11.3m,,
115,115,0.004063106640839262,0.18768565635681153,0.9358,1744801969.2113986,2025/04/16 20:12:49,683.6542434692383,11.4m,,
116,116,0.004047734873274584,0.14549282088279725,0.9522,1744801976.0617306,2025/04/16 20:12:56,690.5045754909515,11.5m,1.2835915608406068,0.7135
117,117,0.00403226763413244,0.15027306814193725,0.9472,1744801983.9487164,2025/04/16 20:13:03,698.3915612697601,11.6m,,
118,118,0.004016705877504997,0.22072595176696777,0.9208,1744801988.4798381,2025/04/16 20:13:08,702.9226830005646,11.7m,,
119,119,0.004001050563314708,0.13358850750923157,0.9558,1744801993.013813,2025/04/16 20:13:13,707.4566578865051,11.8m,,
120,120,0.0039853026572550946,0.12883611946105958,0.959,1744801999.9197156,2025/04/16 20:13:19,714.3625605106354,11.9m,1.3276999979019164,0.7162
121,121,0.003969463130731181,0.11614027280807496,0.9624,1744802007.7840033,2025/04/16 20:13:27,722.2268481254578,12.0m,,
122,122,0.0039535329607995745,0.19144641741514207,0.9354,1744802012.3295326,2025/04/16 20:13:32,726.7723774909973,12.1m,,
123,123,0.003937513130108195,0.136204114818573,0.9538,1744802016.845064,2025/04/16 20:13:36,731.2879087924957,12.2m,,
124,124,0.003921404626835659,0.2243250232696533,0.9246,1744802023.705819,2025/04/16 20:13:43,738.1486637592316,12.3m,1.3726622566223146,0.7097
125,125,0.003905208444630326,0.1842431555494666,0.9358,1744802031.6237385,2025/04/16 20:13:51,746.0665833950043,12.4m,,
126,126,0.003888925582549005,0.13216545543670655,0.9568,1744802036.1755059,2025/04/16 20:13:56,750.6183507442474,12.5m,,
127,127,0.0038725570449953286,0.1716356080055237,0.9406,1744802040.7366538,2025/04/16 20:14:00,755.1794986724854,12.6m,,
128,128,0.003856103841657796,0.20887948341369628,0.9278,1744802047.628175,2025/04/16 20:14:07,762.0710198879242,12.7m,1.4090481531143189,0.7093
129,129,0.0038395669874474905,0.28111584281921387,0.9012,1744802055.6815531,2025/04/16 20:14:15,770.1243979930878,12.8m,,
130,130,0.0038229475024354753,0.21928848695755004,0.9214,1744802060.4045653,2025/04/16 20:14:20,774.8474102020264,12.9m,,
131,131,0.003806246411789871,0.2002253170967102,0.93,1744802065.1000457,2025/04/16 20:14:25,779.542890548706,13.0m,,
132,132,0.0037894647457126173,0.16877380657196045,0.9436,1744802072.0544336,2025/04/16 20:14:32,786.4972784519196,13.1m,1.3818199520111083,0.7046
133,133,0.003772603539375927,0.16531887278705834,0.9456,1744802079.8968713,2025/04/16 20:14:39,794.3397161960602,13.2m,,
134,134,0.00375566383285843,0.11066158256530761,0.9654,1744802084.484542,2025/04/16 20:14:44,798.9273867607117,13.3m,,
135,135,0.003738646671081018,0.2681653656959534,0.9148,1744802089.0429907,2025/04/16 20:14:49,803.4858355522156,13.4m,,
136,136,0.003721553103742387,0.20426206212043763,0.929,1744802095.9281313,2025/04/16 20:14:55,810.3709762096405,13.5m,1.3459381149291991,0.7158
137,137,0.0037043841852542874,0.13086363248825073,0.9538,1744802103.8038366,2025/04/16 20:15:03,818.2466814517975,13.6m,,
138,138,0.0036871409746764856,0.14803116118311882,0.9446,1744802108.3943624,2025/04/16 20:15:08,822.8372073173523,13.7m,,
139,139,0.003669824535651433,0.10339255113601685,0.9654,1744802112.94369,2025/04/16 20:15:12,827.3865349292755,13.8m,,
140,140,0.0036524359363386554,0.13777857089042664,0.955,1744802119.856743,2025/04/16 20:15:19,834.2995879650116,13.9m,1.3871069566726684,0.7197
141,141,0.003634976249348866,0.1860811499595642,0.9364,1744802127.7291677,2025/04/16 20:15:27,842.1720125675201,14.0m,,
142,142,0.0036174465516778023,0.1558463573217392,0.9434,1744802132.2673385,2025/04/16 20:15:32,846.7101833820343,14.1m,,
143,143,0.003599847924639787,0.1074271050453186,0.961,1744802136.8688886,2025/04/16 20:15:36,851.3117334842682,14.2m,,
144,144,0.0035821814538010343,0.16826257514953613,0.9422,1744802143.6871805,2025/04/16 20:15:43,858.1300253868103,14.3m,1.4136309167861938,0.7053
145,145,0.003564448228912681,0.18321184329986573,0.9382,1744802151.590548,2025/04/16 20:15:51,866.033392906189,14.4m,,
146,146,0.0035466493438435693,0.16273675589561462,0.9422,1744802156.1236713,2025/04/16 20:15:56,870.566516160965,14.5m,,
147,147,0.003528785896512771,0.10142805843353271,0.969,1744802160.7289858,2025/04/16 20:16:00,875.1718306541443,14.6m,,
148,148,0.003510858988821861,0.11371984765529633,0.9614,1744802167.6311457,2025/04/16 20:16:07,882.0739905834198,14.7m,1.3800066596984863,0.7197
149,149,0.0034928697265869503,0.10524690961837768,0.9642,1744802175.4986432,2025/04/16 20:16:15,889.9414880275726,14.8m,,
150,150,0.0034748192194704697,0.14001913061141968,0.95,1744802180.087964,2025/04/16 20:16:20,894.5308089256287,14.9m,,
151,151,0.0034567085809127235,0.15278002368211746,0.9462,1744802184.636211,2025/04/16 20:16:24,899.0790557861328,15.0m,,
152,152,0.0034385389280632067,0.09584453661441802,0.9698,1744802191.4677203,2025/04/16 20:16:31,905.9105651378632,15.1m,1.437659729385376,0.7184
153,153,0.003420311381711694,0.10105231857299804,0.9646,1744802199.340617,2025/04/16 20:16:39,913.7834618091583,15.2m,,
154,154,0.003402027066219103,0.11309570837020874,0.963,1744802203.8972976,2025/04/16 20:16:43,918.3401424884796,15.3m,,
155,155,0.0033836871094481418,0.13402259025573732,0.9558,1744802208.5152361,2025/04/16 20:16:48,922.9580810070038,15.4m,,
156,156,0.0033652926426937313,0.11283950023651124,0.96,1744802215.3602905,2025/04/16 20:16:55,929.80313539505,15.5m,1.4799027709960937,0.7175
157,157,0.003346844800613228,0.14000442066192628,0.9508,1744802223.1934636,2025/04/16 20:17:03,937.6363084316254,15.6m,,
158,158,0.0033283447211564267,0.11344329538345337,0.9612,1744802227.7697,2025/04/16 20:17:07,942.2125449180603,15.7m,,
159,159,0.0033097935454953725,0.15564187564849855,0.9462,1744802232.2937446,2025/04/16 20:17:12,946.7365894317627,15.8m,,
160,160,0.0032911924179539645,0.18818748569488525,0.934,1744802239.1119173,2025/04/16 20:17:19,953.5547621250153,15.9m,1.5878057556152343,0.7012
161,161,0.003272542485937368,0.15173552877902985,0.9446,1744802246.922069,2025/04/16 20:17:26,961.3649139404297,16.0m,,
162,162,0.003253844899861239,0.09264908094406128,0.9684,1744802251.4601994,2025/04/16 20:17:31,965.9030442237854,16.1m,,
163,163,0.0032351008130807593,0.12398056201934815,0.9572,1744802255.9696758,2025/04/16 20:17:35,970.412520647049,16.2m,,
164,164,0.003216311381819495,0.09656236136257648,0.9674,1744802262.8016126,2025/04/16 20:17:42,977.2444574832916,16.3m,1.508637458229065,0.7103
165,165,0.0031974777650980724,0.06513196796923876,0.9802,1744802270.657812,2025/04/16 20:17:50,985.1006569862366,16.4m,,
166,166,0.0031786011246626856,0.05687725439071655,0.982,1744802275.178828,2025/04/16 20:17:55,989.6216728687286,16.5m,,
167,167,0.003159682624913431,0.08123796043395996,0.9744,1744802279.7879772,2025/04/16 20:17:59,994.2308220863342,16.6m,,
168,168,0.0031407234328324905,0.10345182787179946,0.9662,1744802286.7230704,2025/04/16 20:18:06,1001.1659152507782,16.7m,1.4972991306304932,0.7172
169,169,0.003121724717912136,0.06655897717475891,0.9782,1744802294.6115088,2025/04/16 20:18:14,1009.0543537139893,16.8m,,
170,170,0.0031026876520825965,0.06566292350292206,0.979,1744802299.1716247,2025/04/16 20:18:19,1013.6144695281982,16.9m,,
171,171,0.0030836134096397633,0.062302541083097455,0.9784,1744802303.7057657,2025/04/16 20:18:23,1018.1486105918884,17.0m,,
172,172,0.0030645031671727592,0.05062449372112751,0.9846,1744802310.564783,2025/04/16 20:18:30,1025.0076279640198,17.1m,1.4706006647109986,0.7225
173,173,0.0030453581034913567,0.054007297161221504,0.9832,1744802318.5717967,2025/04/16 20:18:38,1033.0146415233612,17.2m,,
174,174,0.003026179399553265,0.03904026368260383,0.9896,1744802323.268094,2025/04/16 20:18:43,1037.7109389305115,17.3m,,
175,175,0.0030069682383912816,0.037114020210504535,0.9884,1744802327.893976,2025/04/16 20:18:47,1042.3368208408356,17.4m,,
176,176,0.002987725805040321,0.038323269152641296,0.9876,1744802334.8252084,2025/04/16 20:18:54,1049.2680532932281,17.5m,1.5124268754482268,0.7271
177,177,0.002968453286464312,0.08787510657310486,0.9728,1744802342.7003083,2025/04/16 20:19:02,1057.1431531906128,17.6m,,
178,178,0.0029491518714829814,0.11241563931703567,0.9644,1744802347.2816029,2025/04/16 20:19:07,1061.7244477272034,17.7m,,
179,179,0.0029298227506985236,0.06889475789070129,0.9768,1744802351.8087027,2025/04/16 20:19:11,1066.251547574997,17.8m,,
180,180,0.0029104671164221574,0.05326929302215576,0.982,1744802358.685612,2025/04/16 20:19:18,1073.1284568309784,17.9m,1.6082901928901672,0.72
181,181,0.0028910861626005773,0.08081396144926548,0.9706,1744802366.5084703,2025/04/16 20:19:26,1080.951315164566,18.0m,,
182,182,0.002871681084742308,0.05273499321937561,0.9828,1744802371.040377,2025/04/16 20:19:31,1085.4832217693329,18.1m,,
183,183,0.002852253079843957,0.08481285147666931,0.9738,1744802375.5814078,2025/04/16 20:19:35,1090.024252653122,18.2m,,
184,184,0.0028328033463163814,0.14619453296661378,0.9534,1744802382.4283857,2025/04/16 20:19:42,1096.8712306022644,18.3m,1.6296013404846192,0.7061
185,185,0.002813333083910761,0.16187251348495482,0.9442,1744802390.3163571,2025/04/16 20:19:50,1104.759202003479,18.4m,,
186,186,0.0027938434936445942,0.1086674217224121,0.964,1744802394.8809762,2025/04/16 20:19:54,1109.32382106781,18.5m,,
187,187,0.0027743357777276134,0.10386322031021118,0.9684,1744802399.4704347,2025/04/16 20:19:59,1113.9132795333862,18.6m,,
188,188,0.002754811139487625,0.11333682823181153,0.9638,1744802406.44589,2025/04/16 20:20:06,1120.8887348175049,18.7m,1.6366625549316407,0.7057
189,189,0.002735270783296285,0.17349788999557494,0.944,1744802414.3537037,2025/04/16 20:20:14,1128.7965486049652,18.8m,,
190,190,0.002715715914494808,0.0964107979774475,0.965,1744802418.8953726,2025/04/16 20:20:18,1133.338217496872,18.9m,,
191,191,0.0026961477393196123,0.09661881542205811,0.9664,1744802423.4408796,2025/04/16 20:20:23,1137.883724451065,19.0m,,
192,192,0.0026765674648279165,0.12327593173980712,0.9596,1744802430.3083444,2025/04/16 20:20:30,1144.7511892318726,19.1m,1.589414077758789,0.7113
193,193,0.0026569762988232835,0.11665189514160157,0.9594,1744802438.080152,2025/04/16 20:20:38,1152.5229969024658,19.2m,,
194,194,0.0026373754497811147,0.09242172154188157,0.9636,1744802442.5913641,2025/04/16 20:20:42,1157.0342090129852,19.3m,,
195,195,0.0026177661267741065,0.056311597394943236,0.9826,1744802447.1816819,2025/04/16 20:20:47,1161.6245267391205,19.4m,,
196,196,0.0025981495393976716,0.07360984387397766,0.9782,1744802454.0191538,2025/04/16 20:20:54,1168.4619987010956,19.5m,1.6076291023254394,0.7103
197,197,0.0025785268976953207,0.12817422018051147,0.9576,1744802461.912458,2025/04/16 20:21:01,1176.355302810669,19.6m,,
198,198,0.002558899412084026,0.08347753505706787,0.9738,1744802466.4418337,2025/04/16 20:21:06,1180.8846786022186,19.7m,,
199,199,0.002539268293279552,0.11689041168689727,0.9598,1744802470.996303,2025/04/16 20:21:10,1185.4391479492188,19.8m,,
200,200,0.0025196347522217786,0.07382842318415642,0.9768,1744802477.8417993,2025/04/16 20:21:17,1192.284644126892,19.9m,1.5295349475860596,0.7179
201,201,0.0025000000000000005,0.04432576584815979,0.9862,1744802485.6961355,2025/04/16 20:21:25,1200.1389803886414,20.0m,,
202,202,0.0024803652477782224,0.11198424062728882,0.9632,1744802490.321058,2025/04/16 20:21:30,1204.7639029026031,20.1m,,
203,203,0.0024607317067204494,0.07312493162155151,0.9736,1744802494.9398553,2025/04/16 20:21:34,1209.3827002048492,20.2m,,
204,204,0.0024411005879159753,0.06546412544250488,0.9788,1744802501.8445852,2025/04/16 20:21:41,1216.287430047989,20.3m,1.5680377391815186,0.7155
205,205,0.0024214731023046803,0.07155515279769897,0.9736,1744802509.6919029,2025/04/16 20:21:49,1224.1347477436066,20.4m,,
206,206,0.0024018504606023294,0.10644405598640441,0.9652,1744802514.2426634,2025/04/16 20:21:54,1228.6855082511902,20.5m,,
207,207,0.0023822338732258945,0.06069088945388794,0.981,1744802518.761473,2025/04/16 20:21:58,1233.2043178081512,20.6m,,
208,208,0.0023626245502188867,0.09935012612342835,0.964,1744802525.6038516,2025/04/16 20:22:05,1240.0466964244843,20.7m,1.5880411197662354,0.7138
209,209,0.0023430237011767175,0.08142814217805862,0.9742,1744802533.5640664,2025/04/16 20:22:13,1248.006911277771,20.8m,,
210,210,0.002323432535172084,0.055655137252807615,0.9826,1744802538.1163738,2025/04/16 20:22:18,1252.5592186450958,20.9m,,
211,211,0.0023038522606803886,0.04134858825206757,0.9864,1744802542.661017,2025/04/16 20:22:22,1257.1038618087769,21.0m,,
212,212,0.0022842840855051925,0.057594471883773805,0.98,1744802549.6097438,2025/04/16 20:22:29,1264.0525887012482,21.1m,1.5834930210113525,0.7206
213,213,0.0022647292167037145,0.11536813120618462,0.964,1744802557.467229,2025/04/16 20:22:37,1271.9100737571716,21.2m,,
214,214,0.002245188860512375,0.04847362716197968,0.9842,1744802562.0101256,2025/04/16 20:22:42,1276.4529705047607,21.3m,,
215,215,0.0022256642222723867,0.04836929211616516,0.9834,1744802566.570958,2025/04/16 20:22:46,1281.0138027668,21.4m,,
216,216,0.002206156506355406,0.05522217435836792,0.9814,1744802573.4489155,2025/04/16 20:22:53,1287.8917603492737,21.5m,1.6003603244781495,0.7198
217,217,0.0021866669160892395,0.059945732522010804,0.9818,1744802581.238663,2025/04/16 20:23:01,1295.6815078258514,21.6m,,
218,218,0.0021671966536836195,0.06849443621635437,0.9762,1744802585.752472,2025/04/16 20:23:05,1300.1953167915344,21.7m,,
219,219,0.002147746920156044,0.05193620404601097,0.9838,1744802590.278947,2025/04/16 20:23:10,1304.7217919826508,21.7m,,
220,220,0.0021283189152576927,0.03935163948535919,0.9882,1744802597.1087887,2025/04/16 20:23:17,1311.5516335964203,21.9m,1.5871126619338989,0.7269
221,221,0.0021089138373994233,0.04634746598489582,0.9854,1744802605.1508245,2025/04/16 20:23:25,1319.5936694145203,22.0m,,
222,222,0.0020895328835778427,0.03460193817615509,0.9904,1744802609.740784,2025/04/16 20:23:29,1324.1836287975311,22.1m,,
223,223,0.002070177249301476,0.03575245412290096,0.988,1744802614.3678129,2025/04/16 20:23:34,1328.8106577396393,22.1m,,
224,224,0.0020508481285170187,0.02945266361236572,0.9916,1744802621.2587028,2025/04/16 20:23:41,1335.7015476226807,22.3m,1.5927587617874146,0.7262
225,225,0.002031546713535689,0.02389124484062195,0.9938,1744802629.0398848,2025/04/16 20:23:49,1343.4827296733856,22.4m,,
226,226,0.00201227419495968,0.05128843474388123,0.983,1744802633.578641,2025/04/16 20:23:53,1348.0214858055115,22.5m,,
227,227,0.0019930317616087194,0.08242854309082032,0.9702,1744802638.1454785,2025/04/16 20:23:58,1352.588323354721,22.5m,,
228,228,0.001973820600446737,0.07112165307998657,0.9738,1744802644.968448,2025/04/16 20:24:04,1359.4112927913666,22.7m,1.6495364269256592,0.718
229,229,0.0019546418965086447,0.07156166577339172,0.9758,1744802652.8192804,2025/04/16 20:24:12,1367.2621252536774,22.8m,,
230,230,0.001935496832827242,0.0463192446231842,0.983,1744802657.3358865,2025/04/16 20:24:17,1371.7787313461304,22.9m,,
231,231,0.0019163865903602366,0.06834698355197906,0.9792,1744802661.8803039,2025/04/16 20:24:21,1376.323148727417,22.9m,,
232,232,0.0018973123479174036,0.06648719527721406,0.9766,1744802668.68944,2025/04/16 20:24:28,1383.1322848796844,23.1m,1.6973668533325195,0.7097
233,233,0.0018782752820878633,0.07478442010879517,0.9742,1744802676.5668535,2025/04/16 20:24:36,1391.0096983909607,23.2m,,
234,234,0.0018592765671675085,0.06907987524271011,0.9746,1744802681.1069167,2025/04/16 20:24:41,1395.5497615337372,23.3m,,
235,235,0.001840317375086568,0.03814299099445343,0.988,1744802685.6766298,2025/04/16 20:24:45,1400.1194746494293,23.3m,,
236,236,0.001821398875337315,0.037613654351234434,0.9894,1744802692.6265633,2025/04/16 20:24:52,1407.0694081783295,23.5m,1.6397466842651367,0.7235
237,237,0.0018025222349019275,0.0595243177652359,0.9806,1744802700.4179223,2025/04/16 20:25:00,1414.8607671260834,23.6m,,
238,238,0.001783688618180505,0.054666526341438294,0.9824,1744802704.974348,2025/04/16 20:25:04,1419.4171929359436,23.7m,,
239,239,0.0017648991869192408,0.04551410682201386,0.9876,1744802709.5236275,2025/04/16 20:25:09,1423.9664723873138,23.7m,,
240,240,0.0017461551001387618,0.03690013089179993,0.989,1744802716.4089484,2025/04/16 20:25:16,1430.8517932891846,23.8m,1.634885955429077,0.7249
241,241,0.0017274575140626325,0.047140548515319826,0.9846,1744802724.1882482,2025/04/16 20:25:24,1438.6310930252075,24.0m,,
242,242,0.001708807582046035,0.047786886167526244,0.9852,1744802728.7679071,2025/04/16 20:25:28,1443.2107520103455,24.1m,,
243,243,0.0016902064545046267,0.029909672498703004,0.9918,1744802733.3333342,2025/04/16 20:25:33,1447.776179075241,24.1m,,
244,244,0.0016716552788435728,0.061776242482662204,0.9778,1744802740.2292879,2025/04/16 20:25:40,1454.672132730484,24.2m,1.6523465805053712,0.7221
245,245,0.001653155199386772,0.043105291539430615,0.9878,1744802747.9806898,2025/04/16 20:25:47,1462.4235346317291,24.4m,,
246,246,0.001634707357306268,0.07739073371738195,0.9752,1744802752.5167365,2025/04/16 20:25:52,1466.959581375122,24.4m,,
247,247,0.001616312890551858,0.04219728717803955,0.9868,1744802757.178415,2025/04/16 20:25:57,1471.6212599277496,24.5m,,
248,248,0.0015979729337808962,0.06935141413211822,0.9786,1744802764.0694523,2025/04/16 20:26:04,1478.512297153473,24.6m,1.6600841278076173,0.7204
249,249,0.0015796886182883059,0.0445105250120163,0.985,1744802772.029138,2025/04/16 20:26:12,1486.4719829559326,24.8m,,
250,250,0.001561461071936793,0.030971084532141684,0.9908,1744802776.703531,2025/04/16 20:26:16,1491.1463758945465,24.9m,,
251,251,0.0015432914190872766,0.03128421686291695,0.989,1744802781.4918602,2025/04/16 20:26:21,1495.9347050189972,24.9m,,
252,252,0.0015251807805295296,0.025481512880325317,0.9934,1744802788.4458466,2025/04/16 20:26:28,1502.8886914253235,25.0m,1.6371427801132201,0.7209
253,253,0.0015071302734130485,0.03533980810642243,0.988,1744802796.4341176,2025/04/16 20:26:36,1510.8769624233246,25.2m,,
254,254,0.0014891410111781379,0.03421110824048519,0.9886,1744802801.0932832,2025/04/16 20:26:41,1515.5361280441284,25.3m,,
255,255,0.0014712141034872285,0.024932220792770386,0.9924,1744802805.7726429,2025/04/16 20:26:45,1520.2154877185822,25.3m,,
256,256,0.00145335065615643,0.03413832802772522,0.988,1744802812.7631938,2025/04/16 20:26:52,1527.2060387134552,25.5m,1.7024042503356933,0.7145
257,257,0.0014355517710873188,0.039259306490421295,0.9866,1744802820.5868385,2025/04/16 20:27:00,1535.0296833515167,25.6m,,
258,258,0.0014178185461989656,0.022513827967643736,0.9944,1744802825.1829627,2025/04/16 20:27:05,1539.6258075237274,25.7m,,
259,259,0.0014001520753602124,0.03712735213041306,0.9894,1744802829.7927992,2025/04/16 20:27:09,1544.2356441020966,25.7m,,
260,260,0.0013825534483221978,0.04979649770259857,0.985,1744802836.667536,2025/04/16 20:27:16,1551.1103808879852,25.9m,1.6839626901626588,0.7167
261,261,0.0013650237506511336,0.04298027188777923,0.9878,1744802844.544523,2025/04/16 20:27:24,1558.9873678684235,26.0m,,
262,262,0.0013475640636613452,0.053595663118362426,0.9834,1744802849.067123,2025/04/16 20:27:29,1563.509967803955,26.1m,,
263,263,0.0013301754643485675,0.038109354043006895,0.9888,1744802853.6091657,2025/04/16 20:27:33,1568.0520105361938,26.1m,,
264,264,0.0013128590253235135,0.028957183361053466,0.9908,1744802860.4658,2025/04/16 20:27:40,1574.908644914627,26.2m,1.689072004699707,0.7224
265,265,0.001295615814745712,0.035528312301635744,0.988,1744802868.319332,2025/04/16 20:27:48,1582.7621767520905,26.4m,,
266,266,0.001278446896257613,0.029238461446762086,0.9914,1744802872.873054,2025/04/16 20:27:52,1587.3158988952637,26.5m,,
267,267,0.0012613533289189817,0.04539947363138199,0.9852,1744802877.4213,2025/04/16 20:27:57,1591.8641448020935,26.5m,,
268,268,0.0012443361671415694,0.04852726346850395,0.9844,1744802884.267265,2025/04/16 20:28:04,1598.710109949112,26.6m,1.6849850978851317,0.7166
269,269,0.0012273964606240725,0.036059363555908205,0.9892,1744802892.2057858,2025/04/16 20:28:12,1606.648630619049,26.8m,,
270,270,0.0012105352542873824,0.05011528306007385,0.9828,1744802896.7598407,2025/04/16 20:28:16,1611.2026855945587,26.9m,,
271,271,0.001193753588210129,0.031380348944664,0.9902,1744802901.305177,2025/04/16 20:28:21,1615.7480218410492,26.9m,,
272,272,0.0011770524975645248,0.03613092565536499,0.9878,1744802908.237693,2025/04/16 20:28:28,1622.6805379390717,27.0m,1.6690495182037353,0.7232
273,273,0.0011604330125525087,0.034995393919944766,0.9884,1744802916.0985198,2025/04/16 20:28:36,1630.5413646697998,27.2m,,
274,274,0.0011438961583422036,0.033110975217819215,0.9904,1744802920.6403484,2025/04/16 20:28:40,1635.0831933021545,27.3m,,
275,275,0.001127442955004671,0.032679415822029115,0.9904,1744802925.1541233,2025/04/16 20:28:45,1639.5969681739807,27.3m,,
276,276,0.001111074417450995,0.029624323010444643,0.989,1744802932.0300105,2025/04/16 20:28:52,1646.4728553295135,27.4m,1.6729462513923645,0.7211
277,277,0.001094791555369674,0.03558610260486603,0.989,1744802939.8598003,2025/04/16 20:28:59,1654.3026452064514,27.6m,,
278,278,0.0010785953731643407,0.026543983548879622,0.9902,1744802944.3836086,2025/04/16 20:29:04,1658.826453447342,27.6m,,
279,279,0.0010624868698918043,0.029389800536632538,0.991,1744802948.9025981,2025/04/16 20:29:08,1663.3454430103302,27.7m,,
280,280,0.0010464670392004243,0.03795185770988464,0.9884,1744802955.7398362,2025/04/16 20:29:15,1670.1826810836792,27.8m,1.704373524093628,0.723
281,281,0.0010305368692688183,0.03403896907567978,0.99,1744802963.5567534,2025/04/16 20:29:23,1677.9995982646942,28.0m,,
282,282,0.0010146973427449047,0.03654773792028427,0.9876,1744802968.1306758,2025/04/16 20:29:28,1682.5735206604004,28.0m,,
283,283,0.000998949436685291,0.02618547580242157,0.9922,1744802972.728739,2025/04/16 20:29:32,1687.171583890915,28.1m,,
284,284,0.0009832941224950011,0.03632439352273941,0.9896,1744802979.579062,2025/04/16 20:29:39,1694.0219068527222,28.2m,1.6988060195922852,0.724
285,285,0.0009677323658675592,0.03157191290855408,0.9902,1744802987.456277,2025/04/16 20:29:47,1701.899121761322,28.4m,,
286,286,0.0009522651267254155,0.02114857028722763,0.9938,1744802991.9867556,2025/04/16 20:29:51,1706.4296004772186,28.4m,,
287,287,0.0009368933591607377,0.0228819868683815,0.9938,1744802996.576597,2025/04/16 20:29:56,1711.0194418430328,28.5m,,
288,288,0.0009216180113765564,0.03525460113286972,0.9892,1744803003.4142356,2025/04/16 20:30:03,1717.8570804595947,28.6m,1.7344983598709107,0.7193
289,289,0.0009064400256282764,0.03429668562412262,0.99,1744803011.2695014,2025/04/16 20:30:11,1725.712346315384,28.8m,,
290,290,0.0008913603381655535,0.033226824188232425,0.9888,1744803015.8453,2025/04/16 20:30:15,1730.288144826889,28.8m,,
291,291,0.0008763798791745419,0.029976812720298767,0.9906,1744803020.392198,2025/04/16 20:30:20,1734.8350429534912,28.9m,,
292,292,0.0008614995727205162,0.03390427750349045,0.9892,1744803027.2341824,2025/04/16 20:30:27,1741.6770272254944,29.0m,1.728662501525879,0.715
293,293,0.0008467203366908715,0.029106192588806153,0.991,1744803035.0716486,2025/04/16 20:30:35,1749.5144934654236,29.2m,,
294,294,0.0008320430827385019,0.02543915514945984,0.9914,1744803039.6581895,2025/04/16 20:30:39,1754.1010344028473,29.2m,,
295,295,0.0008174687162255671,0.02308305752277374,0.9924,1744803044.336189,2025/04/16 20:30:44,1758.7790338993073,29.3m,,
296,296,0.0008029981361676462,0.026175253438949584,0.992,1744803051.1860664,2025/04/16 20:30:51,1765.6289112567902,29.4m,1.6854830278396606,0.7248
297,297,0.0007886322351782789,0.021397307062149047,0.995,1744803059.089364,2025/04/16 20:30:59,1773.5322089195251,29.6m,,
298,298,0.0007743718994139078,0.025763035005331038,0.992,1744803063.6509423,2025/04/16 20:31:03,1778.0937871932983,29.6m,,
299,299,0.000760218008519215,0.021351542687416077,0.9934,1744803068.195497,2025/04/16 20:31:08,1782.6383419036865,29.7m,,
300,300,0.0007461714355728614,0.01863663384914398,0.995,1744803075.1231203,2025/04/16 20:31:15,1789.5659651756287,29.8m,1.7114416828155519,0.7195
301,301,0.000732233047033632,0.021470591711997986,0.993,1744803082.894173,2025/04/16 20:31:22,1797.337017774582,30.0m,,
302,302,0.0007184037026869872,0.017282934206724165,0.9942,1744803087.413654,2025/04/16 20:31:27,1801.8564989566803,30.0m,,
303,303,0.0007046842555920288,0.021394065231084825,0.9934,1744803091.9568367,2025/04/16 20:31:31,1806.3996815681458,30.1m,,
304,304,0.0006910755520288774,0.026770098531246185,0.9922,1744803098.8024697,2025/04/16 20:31:38,1813.2453145980835,30.2m,1.7635761039733886,0.7186
305,305,0.0006775784314464722,0.025616406106948854,0.9914,1744803106.7240157,2025/04/16 20:31:46,1821.1668605804443,30.4m,,
306,306,0.0006641937264107863,0.020140930205583572,0.995,1744803111.296675,2025/04/16 20:31:51,1825.7395198345184,30.4m,,
307,307,0.000650922262553476,0.02940219668149948,0.9922,1744803115.920573,2025/04/16 20:31:55,1830.3634178638458,30.5m,,
308,308,0.0006377648585209452,0.02711154192686081,0.9916,1744803122.786477,2025/04/16 20:32:02,1837.2293219566345,30.6m,1.72995943069458,0.7227
309,309,0.0006247223259238515,0.023395073062181474,0.994,1744803130.6808014,2025/04/16 20:32:10,1845.1236462593079,30.8m,,
310,310,0.0006117954692870416,0.020113249397277832,0.9948,1744803135.3239956,2025/04/16 20:32:15,1849.7668404579163,30.8m,,
311,311,0.000598985085999923,0.026316553366184235,0.9922,1744803139.9441404,2025/04/16 20:32:19,1854.3869853019714,30.9m,,
312,312,0.0005862919662672803,0.020342525410652162,0.9944,1744803146.9102914,2025/04/16 20:32:26,1861.3531363010406,31.0m,1.706109944820404,0.7228
313,313,0.0005737168930605275,0.019218754160404205,0.9952,1744803154.827351,2025/04/16 20:32:34,1869.2701959609985,31.2m,,
314,314,0.0005612606420694145,0.030100065088272093,0.9902,1744803159.4571419,2025/04/16 20:32:39,1873.899986743927,31.2m,,
315,315,0.0005489239816541764,0.021949641400575638,0.992,1744803164.1177385,2025/04/16 20:32:44,1878.5605833530426,31.3m,,
316,316,0.0005367076727981377,0.022631425034999847,0.9958,1744803171.0438352,2025/04/16 20:32:51,1885.4866800308228,31.4m,1.7458404510498047,0.7175
317,317,0.0005246124690607743,0.019199653196334838,0.9948,1744803178.8520262,2025/04/16 20:32:58,1893.2948710918427,31.6m,,
318,318,0.0005126391165312253,0.020871879516541958,0.994,1744803183.4864805,2025/04/16 20:33:03,1897.9293253421783,31.6m,,
319,319,0.0005007883537822738,0.01868562416732311,0.9946,1744803188.1234183,2025/04/16 20:33:08,1902.5662631988525,31.7m,,
320,320,0.0004890609118247891,0.021521426796913146,0.994,1744803195.166812,2025/04/16 20:33:15,1909.6096568107605,31.8m,1.7249625904083252,0.7196
321,321,0.00047745751406263196,0.022066112923622132,0.9932,1744803203.0570035,2025/04/16 20:33:23,1917.4998483657837,32.0m,,
322,322,0.00046597887624803304,0.0184246542096138,0.995,1744803207.6656308,2025/04/16 20:33:27,1922.1084756851196,32.0m,,
323,323,0.00045462570643744213,0.02052638501524925,0.995,1744803212.3530006,2025/04/16 20:33:32,1926.7958455085754,32.1m,,
324,324,0.00044339870494785114,0.019898865342140196,0.9938,1744803219.4050615,2025/04/16 20:33:39,1933.8479063510895,32.2m,1.698465737915039,0.7236
325,325,0.0004322985643135961,0.015605829524993897,0.9966,1744803227.3241537,2025/04/16 20:33:47,1941.7669985294342,32.4m,,
326,326,0.00042132596924363783,0.01588352058157325,0.9958,1744803231.941416,2025/04/16 20:33:51,1946.384260892868,32.4m,,
327,327,0.00041048159657932525,0.01421198907494545,0.997,1744803236.584626,2025/04/16 20:33:56,1951.0274708271027,32.5m,,
328,328,0.0003997661152526456,0.01221541736125946,0.9974,1744803243.504389,2025/04/16 20:34:03,1957.947233915329,32.6m,1.7075379099845887,0.726
329,329,0.00038918018624496323,0.012466029047966003,0.9968,1744803251.5028355,2025/04/16 20:34:11,1965.9456803798676,32.8m,,
330,330,0.00037872446254624137,0.013023339712619781,0.9966,1744803256.06071,2025/04/16 20:34:16,1970.5035548210144,32.8m,,
331,331,0.0003683995891147704,0.017002290934324264,0.9936,1744803260.7423954,2025/04/16 20:34:20,1975.1852402687073,32.9m,,
332,332,0.0003582062028373764,0.01493836669921875,0.9956,1744803267.6727138,2025/04/16 20:34:27,1982.1155586242676,33.0m,1.6906903923034668,0.7275
333,333,0.0003481449324901409,0.011488529435545207,0.9966,1744803275.588052,2025/04/16 20:34:35,1990.0308969020844,33.2m,,
334,334,0.00033821639869961284,0.012881380343437195,0.9976,1744803280.139845,2025/04/16 20:34:40,1994.5826897621155,33.2m,,
335,335,0.000328421213904522,0.016713285088539122,0.9954,1744803284.7265916,2025/04/16 20:34:44,1999.169436454773,33.3m,,
336,336,0.00031875998231800786,0.017781454038619995,0.9958,1744803291.5662806,2025/04/16 20:34:51,2006.009125471115,33.4m,1.697536381149292,0.7205
337,337,0.0003092332998903413,0.016264155089855195,0.9962,1744803299.3993425,2025/04/16 20:34:59,2013.8421874046326,33.6m,,
338,338,0.00029984175427217094,0.015623718351125717,0.9964,1744803303.958771,2025/04/16 20:35:03,2018.401615858078,33.6m,,
339,339,0.0002905859247782666,0.013817084234952927,0.996,1744803308.5166793,2025/04/16 20:35:08,2022.959524154663,33.7m,,
340,340,0.00028146638235179266,0.014354865860939026,0.9962,1744803315.420028,2025/04/16 20:35:15,2029.862872838974,33.8m,1.7169899948120118,0.7209
341,341,0.0002724836895290808,0.012093736708164216,0.9966,1744803323.1962504,2025/04/16 20:35:23,2037.6390953063965,34.0m,,
342,342,0.0002636384004049383,0.013950649327039719,0.997,1744803327.729248,2025/04/16 20:35:27,2042.1720929145813,34.0m,,
343,343,0.00025493106059846143,0.015221348893642425,0.9956,1744803332.2765634,2025/04/16 20:35:32,2046.719408273697,34.1m,,
344,344,0.00024636220721938577,0.013547945141792297,0.997,1744803339.129195,2025/04/16 20:35:39,2053.5720398426056,34.2m,1.7116684514045715,0.7215
345,345,0.00023793236883495186,0.01401637426018715,0.9958,1744803347.088379,2025/04/16 20:35:47,2061.5312237739563,34.4m,,
346,346,0.00022964206543729684,0.014709705120325088,0.9958,1744803351.7294712,2025/04/16 20:35:51,2066.1723160743713,34.4m,,
347,347,0.00022149180841138757,0.012902199870347977,0.9966,1744803356.4086037,2025/04/16 20:35:56,2070.851448535919,34.5m,,
348,348,0.00021348210050346617,0.013445526719093322,0.9968,1744803363.3213992,2025/04/16 20:36:03,2077.76424407959,34.6m,1.7083576301574708,0.7252
349,349,0.00020561343579004793,0.01213671708703041,0.9968,1744803371.1894758,2025/04/16 20:36:11,2085.6323206424713,34.8m,,
350,350,0.00019788629964743475,0.01205270519554615,0.9968,1744803375.7977006,2025/04/16 20:36:15,2090.2405455112457,34.8m,,
351,351,0.00019030116872178392,0.01294983438104391,0.9968,1744803380.3786116,2025/04/16 20:36:20,2094.8214564323425,34.9m,,
352,352,0.00018285851089969822,0.012372570712864399,0.9972,1744803387.2872698,2025/04/16 20:36:27,2101.73011469841,35.0m,1.6887140655517578,0.7257
353,353,0.00017555878527937183,0.015571064007282257,0.9964,1744803395.2605588,2025/04/16 20:36:35,2109.703403711319,35.2m,,
354,354,0.00016840244214226521,0.013748747432231903,0.996,1744803399.8351178,2025/04/16 20:36:39,2114.2779626846313,35.2m,,
355,355,0.00016138992292533174,0.017239181518554688,0.996,1744803404.4270236,2025/04/16 20:36:44,2118.869868516922,35.3m,,
356,356,0.00015452166019379006,0.013993514150381088,0.9958,1744803411.343505,2025/04/16 20:36:51,2125.786349773407,35.4m,1.6938213005065919,0.7228
357,357,0.00014779807761443654,0.010775040087103843,0.9974,1744803419.2410338,2025/04/16 20:36:59,2133.683878660202,35.6m,,
358,358,0.00014121958992951644,0.014056613951921463,0.9958,1744803423.8488646,2025/04/16 20:37:03,2138.291709423065,35.6m,,
359,359,0.00013478660293113692,0.009399521350860595,0.9984,1744803428.6260214,2025/04/16 20:37:08,2143.068866252899,35.7m,,
360,360,0.00012849951343623894,0.01133828701376915,0.9982,1744803435.6995838,2025/04/16 20:37:15,2150.142428636551,35.8m,1.6739320057868958,0.727
361,361,0.00012235870926211633,0.01023508102297783,0.9974,1744803443.6962848,2025/04/16 20:37:23,2158.139129638672,36.0m,,
362,362,0.00011636456920249715,0.012547358781099319,0.998,1744803448.3466291,2025/04/16 20:37:28,2162.7894740104675,36.0m,,
363,363,0.00011051746300417483,0.01326092763543129,0.9958,1744803453.0096183,2025/04/16 20:37:33,2167.4524631500244,36.1m,,
364,364,0.00010481775134420209,0.010789158004522324,0.9982,1744803459.9547002,2025/04/16 20:37:39,2174.3975450992584,36.2m,1.7085950202941895,0.7247
365,365,0.00009926578580764274,0.011729914981126785,0.997,1744803467.9003675,2025/04/16 20:37:47,2182.343212366104,36.4m,,
366,366,0.00009386190886588193,0.01230025959610939,0.9962,1744803472.5445778,2025/04/16 20:37:52,2186.9874227046967,36.4m,,
367,367,0.0000886064538555052,0.00848051410317421,0.9984,1744803477.264402,2025/04/16 20:37:57,2191.7072467803955,36.5m,,
368,368,0.00008349974495773194,0.011643945491313935,0.998,1744803484.214269,2025/04/16 20:38:04,2198.657113790512,36.6m,1.691993262863159,0.7269
369,369,0.00007854209717842269,0.01294587672650814,0.997,1744803492.1576056,2025/04/16 20:38:12,2206.600450515747,36.8m,,
370,370,0.00007373381632864393,0.011819681352376939,0.996,1744803496.775188,2025/04/16 20:38:16,2211.218032836914,36.9m,,
371,371,0.00006907519900580868,0.011417457503080368,0.9974,1744803501.4969244,2025/04/16 20:38:21,2215.939769268036,36.9m,,
372,372,0.00006456653257537671,0.01129438568353653,0.9966,1744803508.487672,2025/04/16 20:38:28,2222.9305169582367,37.0m,1.7006127754211426,0.7252
373,373,0.00006020809515313175,0.01180564952492714,0.9976,1744803516.4305866,2025/04/16 20:38:36,2230.873431444168,37.2m,,
374,374,0.00005600015558802357,0.012545538955926895,0.9958,1744803520.976035,2025/04/16 20:38:40,2235.4188799858093,37.3m,,
375,375,0.0000519429734455854,0.011344338411092758,0.9974,1744803525.5104377,2025/04/16 20:38:45,2239.953282594681,37.3m,,
376,376,0.00004803679899192397,0.010334899766743183,0.9976,1744803532.3853848,2025/04/16 20:38:52,2246.828229665756,37.4m,1.7080260444641113,0.7247
377,377,0.00004428187317827824,0.013615197330713272,0.9964,1744803540.3509698,2025/04/16 20:39:00,2254.7938146591187,37.6m,,
378,378,0.00004067842762616046,0.013489564734697342,0.9966,1744803544.9847355,2025/04/16 20:39:04,2259.427580356598,37.7m,,
379,379,0.00003722668461306537,0.01044958746433258,0.998,1744803549.6730118,2025/04/16 20:39:09,2264.1158566474915,37.7m,,
380,380,0.00003392685705876145,0.010408247137069702,0.998,1744803556.55809,2025/04/16 20:39:16,2271.0009348392487,37.9m,1.6957963600158692,0.7268
381,381,0.000030779148512155886,0.010830465468764304,0.9968,1744803564.5645988,2025/04/16 20:39:24,2279.007443666458,38.0m,,
382,382,0.00002778375313873874,0.012760382932424544,0.9968,1744803569.1669328,2025/04/16 20:39:29,2283.60977768898,38.1m,,
383,383,0.000024940855708606185,0.011908226549625396,0.9976,1744803573.7234092,2025/04/16 20:39:33,2288.166254043579,38.1m,,
384,384,0.00002225063158506321,0.009262697391211987,0.9978,1744803580.5700715,2025/04/16 20:39:40,2295.012916326523,38.3m,1.6911347955703735,0.7272
385,385,0.000019713246713805607,0.010658462309837342,0.9978,1744803588.5024605,2025/04/16 20:39:48,2302.9453053474426,38.4m,,
386,386,0.000017328857612684283,0.011102983003854752,0.997,1744803593.0737886,2025/04/16 20:39:53,2307.5166335105896,38.5m,,
387,387,0.000015097611362051026,0.009637220150232315,0.9976,1744803597.6268995,2025/04/16 20:39:57,2312.069744348526,38.5m,,
388,388,0.000013019645595683816,0.012107559818029403,0.997,1744803604.4869366,2025/04/16 20:40:04,2318.92978143692,38.6m,1.6923150100708009,0.7269
389,389,0.00001109508849230002,0.011551662388443946,0.9964,1744803612.3188744,2025/04/16 20:40:12,2326.761719226837,38.8m,,
390,390,9.324058767646867e-6,0.010424421209096908,0.9972,1744803616.8582551,2025/04/16 20:40:16,2331.3011000156403,38.9m,,
391,391,7.706665667180098e-6,0.008199633020162583,0.999,1744803621.4572723,2025/04/16 20:40:21,2335.9001171588898,38.9m,,
392,392,6.243008959324898e-6,0.00903001492023468,0.998,1744803628.4141278,2025/04/16 20:40:28,2342.856972694397,39.0m,1.6841300414085387,0.7273
393,393,4.933178929321108e-6,0.011642791086435319,0.9964,1744803636.2618353,2025/04/16 20:40:36,2350.7046802043915,39.2m,,
394,394,3.7772563736551735e-6,0.01033943884074688,0.9978,1744803640.8184056,2025/04/16 20:40:40,2355.2612504959106,39.3m,,
395,395,2.7753125950752445e-6,0.008827627235651015,0.9982,1744803645.3756132,2025/04/16 20:40:45,2359.8184580802917,39.3m,,
396,396,1.92740939819275e-6,0.013055890721082687,0.9972,1744803652.22637,2025/04/16 20:40:52,2366.669214963913,39.4m,1.7150341873168946,0.7267
397,397,1.2335990856710014e-6,0.009279087322950363,0.998,1744803660.113934,2025/04/16 20:41:00,2374.556778907776,39.6m,,
398,398,6.939244549986076e-7,0.01105381525158882,0.997,1744803664.8177936,2025/04/16 20:41:04,2379.260638475418,39.7m,,
399,399,3.0841879584853106e-7,0.008202058231830596,0.9988,1744803669.4116902,2025/04/16 20:41:09,2383.8545351028442,39.7m,,
400,400,7.710588802584138e-8,0.009403234549611807,0.9976,1744803676.2883704,2025/04/16 20:41:16,2390.731215238571,39.8m,1.670342124938965,0.7279
